<?xml version="1.0" encoding="UTF-8" standalone="yes"?>
<processModelFolderHaul xmlns:a="http://www.appian.com/ae/types/2009">
    <versionUuid>_g-0000e05b-b194-8000-f92f-7f0000014e7a_188</versionUuid>
    <processModelFolder>
        <name>CFS Related Action</name>
        <uuid>_g-0000de55-aed4-8000-f92f-7f0000014e7a_98</uuid>
        <description></description>
        <parentFolderUuid>_g-0000dd0c-663a-8000-f92f-7f0000014e7a_40</parentFolderUuid>
    </processModelFolder>
    <roleMap>
        <role name="ADMIN_OWNER">
            <users/>
            <groups>
                <groupUuid>_e-0000dce6-8c52-8000-9aee-01075c01075c_14</groupUuid>
            </groups>
        </role>
        <role name="EDITOR">
            <users/>
            <groups>
                <groupUuid>SYSTEM_GROUP_ROLE_DESIGNERS</groupUuid>
            </groups>
        </role>
        <role name="EXPLICIT_NONMEMBER">
            <users/>
            <groups/>
        </role>
        <role name="VIEWER">
            <users/>
            <groups/>
        </role>
        <role name="MANAGER">
            <users/>
            <groups/>
        </role>
        <role name="INITIATOR">
            <users/>
            <groups/>
        </role>
    </roleMap>
    <history>
        <historyInfo versionUuid="_g-0000e05b-b194-8000-f92f-7f0000014e7a_188"/>
    </history>
</processModelFolderHaul>
