<?xml version="1.0" encoding="UTF-8" standalone="yes"?>
<processModelFolderHaul xmlns:a="http://www.appian.com/ae/types/2009">
    <versionUuid>_g-0000e05b-b194-8000-f92f-7f0000014e7a_183</versionUuid>
    <processModelFolder>
        <name>MHRA Solutions</name>
        <uuid>_g-0000dcc3-89d0-8000-f92f-7f0000014e7a_11</uuid>
        <description>Parent-level folder containing all MHRA Solutions processes</description>
        <parentFolderUuid>_g-0000dcc3-89d0-8000-f92f-7f0000014e7a_10</parentFolderUuid>
    </processModelFolder>
    <roleMap>
        <role name="ADMIN_OWNER">
            <users/>
            <groups>
                <groupUuid>_e-0000dce6-8c52-8000-9aee-01075c01075c_14</groupUuid>
            </groups>
        </role>
        <role name="EDITOR">
            <users/>
            <groups/>
        </role>
        <role name="EXPLICIT_NONMEMBER">
            <users/>
            <groups/>
        </role>
        <role name="VIEWER">
            <users/>
            <groups>
                <groupUuid>_e-0000dd15-133b-8000-9aee-01075c01075c_43</groupUuid>
            </groups>
        </role>
        <role name="MANAGER">
            <users/>
            <groups/>
        </role>
        <role name="INITIATOR">
            <users/>
            <groups/>
        </role>
    </roleMap>
    <history>
        <historyInfo versionUuid="_g-0000e05b-b194-8000-f92f-7f0000014e7a_183"/>
    </history>
</processModelFolderHaul>
