<?xml version="1.0" encoding="UTF-8" standalone="yes"?>
<processModelFolderHaul xmlns:a="http://www.appian.com/ae/types/2009">
    <versionUuid>_g-0000e05b-b194-8000-f92f-7f0000014e7a_181</versionUuid>
    <processModelFolder>
        <name>Process models for report</name>
        <uuid>_g-0000dea9-da8d-8000-f92f-7f0000014e7a_106</uuid>
        <description>consists process which are used only to store the data  in process reports</description>
        <parentFolderUuid>_g-0000dcc3-89d0-8000-f92f-7f0000014e7a_12</parentFolderUuid>
    </processModelFolder>
    <roleMap>
        <role name="ADMIN_OWNER">
            <users/>
            <groups>
                <groupUuid>_e-0000dd15-133b-8000-9aee-01075c01075c_49</groupUuid>
            </groups>
        </role>
        <role name="EDITOR">
            <users/>
            <groups>
                <groupUuid>_e-0000dd15-133b-8000-9aee-01075c01075c_45</groupUuid>
            </groups>
        </role>
        <role name="EXPLICIT_NONMEMBER">
            <users/>
            <groups/>
        </role>
        <role name="VIEWER">
            <users/>
            <groups/>
        </role>
        <role name="MANAGER">
            <users/>
            <groups/>
        </role>
        <role name="INITIATOR">
            <users/>
            <groups/>
        </role>
    </roleMap>
    <history>
        <historyInfo versionUuid="_g-0000e05b-b194-8000-f92f-7f0000014e7a_181"/>
    </history>
</processModelFolderHaul>
