<?xml version="1.0" encoding="UTF-8" standalone="yes"?>
<processModelFolderHaul xmlns:a="http://www.appian.com/ae/types/2009">
    <versionUuid>_g-0000e05b-b194-8000-f92f-7f0000014e7a_191</versionUuid>
    <processModelFolder>
        <name>Models</name>
        <uuid>_g-0000dd0c-663a-8000-f92f-7f0000014e7a_34</uuid>
        <description>Process models for account registration</description>
        <parentFolderUuid>_g-0000dd0c-663a-8000-f92f-7f0000014e7a_33</parentFolderUuid>
    </processModelFolder>
    <roleMap>
        <role name="ADMIN_OWNER">
            <users/>
            <groups>
                <groupUuid>_e-0000dd15-133b-8000-9aee-01075c01075c_49</groupUuid>
            </groups>
        </role>
        <role name="EDITOR">
            <users/>
            <groups>
                <groupUuid>_e-0000dd15-133b-8000-9aee-01075c01075c_45</groupUuid>
            </groups>
        </role>
        <role name="EXPLICIT_NONMEMBER">
            <users/>
            <groups/>
        </role>
        <role name="VIEWER">
            <users/>
            <groups>
                <groupUuid>_e-0000dd8d-014e-8000-9aee-01075c01075c_51</groupUuid>
                <groupUuid>_e-0000dd8d-014e-8000-9aee-01075c01075c_52</groupUuid>
            </groups>
        </role>
        <role name="MANAGER">
            <users/>
            <groups/>
        </role>
        <role name="INITIATOR">
            <users/>
            <groups/>
        </role>
    </roleMap>
    <history>
        <historyInfo versionUuid="_g-0000e05b-b194-8000-f92f-7f0000014e7a_191"/>
    </history>
</processModelFolderHaul>
