<?xml version="1.0" encoding="UTF-8" standalone="yes"?>
<recordTypeHaul xmlns:a="http://www.appian.com/ae/types/2009">
    <versionUuid>d0307d33-20dc-4185-a2f6-0ddb462a6aec</versionUuid>
    <recordType a:uuid="85891284-ea74-450a-a932-74fe050df75d" name="Application">
        <a:pluralName>Applications</a:pluralName>
        <a:description>List of all applications for business review</a:description>
        <a:urlStub>shDU5A</a:urlStub>
        <a:source xmlns:xsi="http://www.w3.org/2001/XMLSchema-instance" xsi:type="a:Datatype" a:uuid="{urn:com:appian:types:common}MHRA_applicationList"/>
        <a:listViewTemplateExpr>#"SYSTEM_SYSRULES_recordGridLayoutColumns"(
  columns: {
    #"SYSTEM_SYSRULES_gridLayoutColumn"(
      label: "Reference",
      width: "DISTRIBUTE",
      field: "applicationRefNumber",
      component: #"SYSTEM_SYSRULES_recordGrid_linkField"(
        links: {
          #"SYSTEM_SYSRULES_recordLink"(
            label: rf!applicationRefNumber,
            recordtype: rp!type,
            /*identifier: rf!applicationRefNumber*/
            identifier: rp!id)
        }
      )
    ),
    #"SYSTEM_SYSRULES_gridLayoutColumn"(
      label: "Application Type",
      width: "DISTRIBUTE",
      field: "applicationType",
      component: #"SYSTEM_SYSRULES_recordGrid_textField"(
        displayvalue: rf!applicationTypeDesc
      )
    ),
    #"SYSTEM_SYSRULES_gridLayoutColumn"(
      label: "Manufacturer",
      width: "DISTRIBUTE",
      field: "organisationName",
      component: #"SYSTEM_SYSRULES_recordGrid_textField"(
        displayvalue: rf!organisationName
      )
    ),
    #"SYSTEM_SYSRULES_gridLayoutColumn"(
      label: "Status",
      width: "DISTRIBUTE",
      field: "applicationStatusDescription",
      component: #"SYSTEM_SYSRULES_recordGrid_textField"(
        displayvalue: rf!applicationStatusDescription
      )
    ),
    #"SYSTEM_SYSRULES_gridLayoutColumn"(
      label: "Assigned to",
      width: "DISTRIBUTE",
      field: "assignedToUserName",
      component: #"SYSTEM_SYSRULES_recordGrid_textField"(
        displayvalue: #"_a-0000d62a-67b3-8000-da6f-010000010000_934"(
          rf!assignedToUserName
        )
      )
    ),
    #"SYSTEM_SYSRULES_gridLayoutColumn"(
      label: "Date",
      width: "DISTRIBUTE",
      field: "applicationDate",
      component: #"SYSTEM_SYSRULES_recordGrid_textField"(
        displayvalue: #"_a-0000dd98-e593-8000-9ba2-011c48011c48_26523"(rf!createdDate)
      )
    )
  },
  pageSize: 25,
  defaultSort: #"SYSTEM_SYSRULES_sortInfo"(
    field: "applicationDate",
    ascending: false
  )
)</a:listViewTemplateExpr>
        <a:detailViewCfg>
            <a:nameExpr>="Summary"</a:nameExpr>
            <a:uiExpr>#"_a-0000ded1-797d-8000-9ba2-011c48011c48_82577"(
  applicationType: rf!applicationType, 
  applicationRefNumber: rf!applicationRefNumber, 
  organisationId:  rf!organisationId,
  submittedBy: rf!submittedBy,
  assignedToUserName: rf!assignedToUserName,
  applicationDate: rf!applicationDate,
  applicationStatusCode: rf!applicationStatusCode,
  lastUpdatedDate: rf!lastUpdatedDate,
  applicationStatus: rf!applicationStatusDescriptionTempo,
  businessReviewRequired: rf!businessReviewRequired
)</a:uiExpr>
            <a:visibilityExpr>=true()</a:visibilityExpr>
            <a:urlStub>summary</a:urlStub>
            <a:headerExpr></a:headerExpr>
            <a:relatedActionCfg>04127038-993a-4972-bb02-fbd54c3e47b1</a:relatedActionCfg>
            <a:relatedActionCfg>83b3561f-5561-4e70-a8d1-2d3dacfad74e</a:relatedActionCfg>
            <a:relatedActionCfg>958c96cc-aaae-4d9f-a72e-6987da60c687</a:relatedActionCfg>
            <a:relatedActionCfg>8664d566-ef4d-4121-8e7d-803f72e93237</a:relatedActionCfg>
            <a:relatedActionCfg>372d4991-fde7-4965-a718-46762dd73850</a:relatedActionCfg>
            <a:relatedActionCfg>aabc171c-fd75-45f9-b1e4-7d388499aa01</a:relatedActionCfg>
            <a:relatedActionCfg>87d7fcf5-7d4b-4b34-83f5-416aa5c43e5d</a:relatedActionCfg>
            <a:relatedActionCfg>6347b312-27ae-4f26-a4a7-217d2dc6ca66</a:relatedActionCfg>
            <a:relatedActionCfg>0ddcce15-21a0-4ddf-9210-d8905a0b9e97</a:relatedActionCfg>
            <a:relatedActionCfg>78e00c8a-37e1-4522-9b89-9a71341e5801</a:relatedActionCfg>
            <a:relatedActionCfg>a19e831a-411b-49d3-9a1e-54390fd48c11</a:relatedActionCfg>
            <a:relatedActionCfg>6a554eb7-620e-4bfe-8ae8-2956a2baefdd</a:relatedActionCfg>
            <a:relatedActionCfg>fd6777da-2922-4bd8-a3da-150a3361799d</a:relatedActionCfg>
            <a:relatedActionCfg>393e1cf3-eae6-4e1e-a00d-3b03ad65a7ac</a:relatedActionCfg>
            <a:relatedActionCfg>fda4d184-7c03-4fe3-a1d4-c1979422b878</a:relatedActionCfg>
            <a:relatedActionCfg>c3ee35c9-e0b3-42dd-b9d9-c94ad651022d</a:relatedActionCfg>
            <a:relatedActionCfg>3e694f87-1d21-429e-9099-96c404873dde</a:relatedActionCfg>
            <a:relatedActionCfg>97720e7d-2aec-4458-971d-b247435f8623</a:relatedActionCfg>
            <a:relatedActionCfg>c2e9479c-6b7a-4e55-a045-65fe506bc493</a:relatedActionCfg>
            <a:relatedActionCfg>cdc47be6-a563-463d-9953-eeac6e3b1b3c</a:relatedActionCfg>
        </a:detailViewCfg>
        <a:detailViewCfg>
            <a:nameExpr>#"_a-0000ded1-797d-8000-9ba2-011c48011c48_84284"</a:nameExpr>
            <a:uiExpr>#"_a-0000ded1-797d-8000-9ba2-011c48011c48_80521"(
  appReferenceNumber:rf!applicationRefNumber,
  assingToUser: rf!assignedToUserName
)</a:uiExpr>
            <a:visibilityExpr>if(
  rf!applicationType = #"_a-0000ded1-797d-8000-9ba2-011c48011c48_77194"[4],
  true(),
  false()
)</a:visibilityExpr>
            <a:urlStub>_ut3xZw</a:urlStub>
            <a:headerExpr></a:headerExpr>
            <a:relatedActionCfg>78e00c8a-37e1-4522-9b89-9a71341e5801</a:relatedActionCfg>
            <a:relatedActionCfg>09c34b8e-9076-46dd-a9f0-f8bc41fecf66</a:relatedActionCfg>
        </a:detailViewCfg>
        <a:detailViewCfg>
            <a:nameExpr>if(
  contains(
    {
      index(
        #"_a-0000ded1-797d-8000-9ba2-011c48011c48_77194",
        {7,19,20},
        {}
      )
    },
    rf!applicationType
  ),
  "Amended " &amp; lower(
    #"_a-0000ded1-797d-8000-9ba2-011c48011c48_84282"
  ),
  #"_a-0000ded1-797d-8000-9ba2-011c48011c48_84282"
)</a:nameExpr>
            <a:uiExpr>#"_a-0000dea9-da8d-8000-9ba2-011c48011c48_70518"(
  appReferenceNumber: rf!applicationRefNumber, 
  serviceCode: rf!serviceCode,
  businessReviewRequired : rf!businessReviewRequired,
  isSelectable: true(),
  organisationId: rf!organisationId, 
  assignedToUserName: rf!assignedToUserName, 
  applicationType: rf!applicationType, 
  applicationStatusCode: rf!applicationStatusCode
)</a:uiExpr>
            <a:visibilityExpr>contains(
  {
    index(
      #"_a-0000ded1-797d-8000-9ba2-011c48011c48_77194",
      {2,3,5,7,8,9,11,12,19,20,25,26},
      {}
    )
  },
  rf!applicationType
)</a:visibilityExpr>
            <a:urlStub>_I97aag</a:urlStub>
            <a:headerExpr></a:headerExpr>
            <a:relatedActionCfg>04127038-993a-4972-bb02-fbd54c3e47b1</a:relatedActionCfg>
            <a:relatedActionCfg>83b3561f-5561-4e70-a8d1-2d3dacfad74e</a:relatedActionCfg>
            <a:relatedActionCfg>aabc171c-fd75-45f9-b1e4-7d388499aa01</a:relatedActionCfg>
            <a:relatedActionCfg>0ddcce15-21a0-4ddf-9210-d8905a0b9e97</a:relatedActionCfg>
        </a:detailViewCfg>
        <a:detailViewCfg>
            <a:nameExpr>#"_a-0000ded1-797d-8000-9ba2-011c48011c48_84780"</a:nameExpr>
            <a:uiExpr>#"_a-0000dea9-da8d-8000-9ba2-011c48011c48_68651"(
  applicationRef_txt: rf!applicationRefNumber,
  labelText: #"_a-0000ded1-797d-8000-9ba2-011c48011c48_84780"
)</a:uiExpr>
            <a:visibilityExpr>true()</a:visibilityExpr>
            <a:urlStub>_3RzLdQ</a:urlStub>
            <a:headerExpr></a:headerExpr>
            <a:relatedActionCfg>426f914c-d05f-4b59-9c4c-fe9d8a242522</a:relatedActionCfg>
        </a:detailViewCfg>
        <a:detailViewCfg>
            <a:nameExpr>#"_a-0000ded1-797d-8000-9ba2-011c48011c48_84284"</a:nameExpr>
            <a:uiExpr>#"_a-0000df25-d2bb-8000-9ba2-011c48011c48_88545"(
  appReferenceNumber :rf!applicationRefNumber,
  applicationStatusCode: rf!applicationStatusCode,
  assignedToUserName: rf!assignedToUserName,
  applicationType: rf!applicationType
)</a:uiExpr>
            <a:visibilityExpr>and(
  or(
    rf!applicationType = #"_a-0000ded1-797d-8000-9ba2-011c48011c48_77194"[6],
    rf!applicationType = #"_a-0000ded1-797d-8000-9ba2-011c48011c48_77194"[33],
    rf!applicationType = #"_a-0000ded1-797d-8000-9ba2-011c48011c48_77194"[22]
  ),
  not(
    #"_a-0000d62a-67b3-8000-da6f-010000010000_951"(
      #"_a-0000dff4-f2e5-8000-9ba2-011c48011c48_301576"(
        applicationReferenceNumber: rf!applicationRefNumber,
        isRepOrgDocuments: true,
        pagingInfo: #"SYSTEM_SYSRULES_pagingInfo"(
          1,
          1
        )
      )
    )
  )
)</a:visibilityExpr>
            <a:urlStub>_X1Vv3Q</a:urlStub>
            <a:headerExpr></a:headerExpr>
            <a:relatedActionCfg>7dcca80a-986a-48ac-b48e-ed55c0b37e69</a:relatedActionCfg>
        </a:detailViewCfg>
        <a:relatedActionCfg>
            <a:target xmlns:xsi="http://www.w3.org/2001/XMLSchema-instance" xsi:type="a:ProcessModel" a:uuid="000adf1a-d506-8000-f92f-7f0000014e7a"/>
            <a:contextExpr>{
  applicationReference_txt: rf!applicationRefNumber
}</a:contextExpr>
            <a:visibilityExpr>=true()</a:visibilityExpr>
            <a:iconId>f01c</a:iconId>
            <a:refId>426f914c-d05f-4b59-9c4c-fe9d8a242522</a:refId>
            <a:title></a:title>
            <a:staticTitle>true</a:staticTitle>
            <a:description></a:description>
            <a:staticDescription>true</a:staticDescription>
        </a:relatedActionCfg>
        <a:relatedActionCfg>
            <a:target xmlns:xsi="http://www.w3.org/2001/XMLSchema-instance" xsi:type="a:ProcessModel" a:uuid="000bdec9-1aec-8000-f92f-7f0000014e7a"/>
            <a:contextExpr>{
  applicationId: rf!applicationId,
  applicationRefNumber: rf!applicationRefNumber
}</a:contextExpr>
            <a:visibilityExpr>and(
  rf!applicationStatusCode &lt;&gt; #"_a-0000ded1-797d-8000-9ba2-011c48011c48_76068",
  rf!applicationStatusCode &lt;&gt; #"_a-0000df25-d2bb-8000-9ba2-011c48011c48_91332",
  #"_a-0000d62a-67b3-8000-da6f-010000010000_950"(
    rf!assignedToUserName
  )
)</a:visibilityExpr>
            <a:iconId>f046</a:iconId>
            <a:refId>aabc171c-fd75-45f9-b1e4-7d388499aa01</a:refId>
            <a:title></a:title>
            <a:staticTitle>true</a:staticTitle>
            <a:description></a:description>
            <a:staticDescription>true</a:staticDescription>
        </a:relatedActionCfg>
        <a:relatedActionCfg>
            <a:target xmlns:xsi="http://www.w3.org/2001/XMLSchema-instance" xsi:type="a:ProcessModel" a:uuid="000bdec9-1c89-8000-f92f-7f0000014e7a"/>
            <a:contextExpr>{
  applicationId: rf!applicationId,
  applicationRefNumber: rf!applicationRefNumber
}</a:contextExpr>
            <a:visibilityExpr>and(
  rf!applicationStatusCode &lt;&gt; #"_a-0000ded1-797d-8000-9ba2-011c48011c48_76068",
  #"_a-0000d62a-67b3-8000-da6f-010000010000_950"(
    rf!assignedToUserName
  )
)</a:visibilityExpr>
            <a:iconId>f045</a:iconId>
            <a:refId>04127038-993a-4972-bb02-fbd54c3e47b1</a:refId>
            <a:title></a:title>
            <a:staticTitle>true</a:staticTitle>
            <a:description></a:description>
            <a:staticDescription>true</a:staticDescription>
        </a:relatedActionCfg>
        <a:relatedActionCfg>
            <a:target xmlns:xsi="http://www.w3.org/2001/XMLSchema-instance" xsi:type="a:ProcessModel" a:uuid="0002dee4-c1cd-8000-f92f-7f0000014e7a"/>
            <a:contextExpr>{
  appReferenceNumber: rf!applicationRefNumber,
  assignedTo: loggedInUser(), /* User */
  applicationType: rf!applicationType, /* Text */
  organisationId_int: rf!organisationId
}</a:contextExpr>
            <a:visibilityExpr>#"_a-0000e05b-b197-8000-9ba2-011c48011c48_520573"()</a:visibilityExpr>
            <a:iconId>f0e2</a:iconId>
            <a:refId>87d7fcf5-7d4b-4b34-83f5-416aa5c43e5d</a:refId>
            <a:title></a:title>
            <a:staticTitle>true</a:staticTitle>
            <a:description></a:description>
            <a:staticDescription>true</a:staticDescription>
        </a:relatedActionCfg>
        <a:relatedActionCfg>
            <a:target xmlns:xsi="http://www.w3.org/2001/XMLSchema-instance" xsi:type="a:ProcessModel" a:uuid="0002dee2-37a2-8000-f92f-7f0000014e7a"/>
            <a:contextExpr>{
  appReferenceNumber: rf!applicationRefNumber,
  applicationStatus: "Completed",
  assignedTo: loggedInUser(),
  organisationId: rf!organisationId,
  applicationType: rf!applicationType,
  manufacturerStatus: with(
    local!applicationStatus: #"_a-0000dea9-da8d-8000-9ba2-011c48011c48_70856"(
      appReferenceNumber: rf!applicationRefNumber,
      manufacturerId: rf!organisationId
    ),
    index(
      local!applicationStatus,
      "manufacturerStatus",
      {}
    )
  ),
  submittedBy: rf!submittedBy,
  serviceId_int : rf!serviceId
}</a:contextExpr>
            <a:visibilityExpr>#"_a-0000e05b-b197-8000-9ba2-011c48011c48_520586"()</a:visibilityExpr>
            <a:iconId>f164</a:iconId>
            <a:refId>6347b312-27ae-4f26-a4a7-217d2dc6ca66</a:refId>
            <a:title></a:title>
            <a:staticTitle>true</a:staticTitle>
            <a:description></a:description>
            <a:staticDescription>true</a:staticDescription>
        </a:relatedActionCfg>
        <a:relatedActionCfg>
            <a:target xmlns:xsi="http://www.w3.org/2001/XMLSchema-instance" xsi:type="a:ProcessModel" a:uuid="0002ded2-7a8d-8000-f92f-7f0000014e7a"/>
            <a:contextExpr>{
  appReferenceNumber: rf!applicationRefNumber, 
  assignedTo: loggedInUser(),
  manufacturerId: rf!organisationId 
}</a:contextExpr>
            <a:visibilityExpr>#"_a-0000e05b-b197-8000-9ba2-011c48011c48_520598"()</a:visibilityExpr>
            <a:iconId>f14a</a:iconId>
            <a:refId>0ddcce15-21a0-4ddf-9210-d8905a0b9e97</a:refId>
            <a:title></a:title>
            <a:staticTitle>true</a:staticTitle>
            <a:description></a:description>
            <a:staticDescription>true</a:staticDescription>
        </a:relatedActionCfg>
        <a:relatedActionCfg>
            <a:target xmlns:xsi="http://www.w3.org/2001/XMLSchema-instance" xsi:type="a:ProcessModel" a:uuid="0002df37-2547-8000-f92f-7f0000014e7a"/>
            <a:contextExpr>{
  applicationRefNumber: rf!applicationRefNumber,
  organisationId: rf!organisationId,
  applicationCreationDate: rf!createdDate,
  applicationSubmittedBy: rf!submittedBy
}</a:contextExpr>
            <a:visibilityExpr>#"_a-0000e05b-b197-8000-9ba2-011c48011c48_520610"()</a:visibilityExpr>
            <a:iconId>f0c5</a:iconId>
            <a:refId>78e00c8a-37e1-4522-9b89-9a71341e5801</a:refId>
            <a:title></a:title>
            <a:staticTitle>true</a:staticTitle>
            <a:description></a:description>
            <a:staticDescription>true</a:staticDescription>
        </a:relatedActionCfg>
        <a:relatedActionCfg>
            <a:target xmlns:xsi="http://www.w3.org/2001/XMLSchema-instance" xsi:type="a:ProcessModel" a:uuid="0002df37-dcd7-8000-f92f-7f0000014e7a"/>
            <a:contextExpr>{
  appReferenceNumber: rf!applicationRefNumber,
  organisationId: rf!organisationId,
  submittedBy: rf!submittedBy 
}</a:contextExpr>
            <a:visibilityExpr>and(
  rf!applicationType = #"_a-0000ded1-797d-8000-9ba2-011c48011c48_77194"[4],
  rf!applicationStatusCode = #"_a-0000ded1-797d-8000-9ba2-011c48011c48_74081",
  rf!assignedToUserName = loggedInUser()
)</a:visibilityExpr>
            <a:iconId>f00d</a:iconId>
            <a:refId>a19e831a-411b-49d3-9a1e-54390fd48c11</a:refId>
            <a:title></a:title>
            <a:staticTitle>true</a:staticTitle>
            <a:description></a:description>
            <a:staticDescription>true</a:staticDescription>
        </a:relatedActionCfg>
        <a:relatedActionCfg>
            <a:target xmlns:xsi="http://www.w3.org/2001/XMLSchema-instance" xsi:type="a:ProcessModel" a:uuid="000bdec9-1d47-8000-f92f-7f0000014e7a"/>
            <a:contextExpr>{
  applicationId: rf!applicationId,
  applicationRefNumber: rf!applicationRefNumber
}</a:contextExpr>
            <a:visibilityExpr>and(
  rf!applicationStatusCode &lt;&gt; #"_a-0000ded1-797d-8000-9ba2-011c48011c48_76068",
  not(
    contains(
      {
        "Accepted",
        "Rejected"
      },
      rf!applicationStatusCode
    )
  ),
  rf!assignedToUserName = loggedInUser()
)</a:visibilityExpr>
            <a:iconId>f045</a:iconId>
            <a:refId>83b3561f-5561-4e70-a8d1-2d3dacfad74e</a:refId>
            <a:title></a:title>
            <a:staticTitle>true</a:staticTitle>
            <a:description></a:description>
            <a:staticDescription>true</a:staticDescription>
        </a:relatedActionCfg>
        <a:relatedActionCfg>
            <a:target xmlns:xsi="http://www.w3.org/2001/XMLSchema-instance" xsi:type="a:ProcessModel" a:uuid="0002ded2-4b99-8000-f92f-7f0000014e7a"/>
            <a:contextExpr>{
  appReferenceNumber: rf!applicationRefNumber, 
  assignedTo: loggedInUser(), 
  manufacturerId: rf!organisationId
}</a:contextExpr>
            <a:visibilityExpr>#"_a-0000e05b-b197-8000-9ba2-011c48011c48_520622"()</a:visibilityExpr>
            <a:iconId>f00c</a:iconId>
            <a:refId>6a554eb7-620e-4bfe-8ae8-2956a2baefdd</a:refId>
            <a:title></a:title>
            <a:staticTitle>true</a:staticTitle>
            <a:description></a:description>
            <a:staticDescription>true</a:staticDescription>
        </a:relatedActionCfg>
        <a:relatedActionCfg>
            <a:target xmlns:xsi="http://www.w3.org/2001/XMLSchema-instance" xsi:type="a:ProcessModel" a:uuid="0002ded1-1c50-8000-f92f-7f0000014e7a"/>
            <a:contextExpr>{
  appReference: rf!applicationRefNumber,
  manufacturerName: rf!organisationName, 
  organisationId: rf!organisationId, 
assignedTo: loggedInUser(),
serviceIdInt: rf!serviceId,
applicationType:rf!applicationType,
submittedBy:rf!submittedBy

}</a:contextExpr>
            <a:visibilityExpr>#"_a-0000e05b-b197-8000-9ba2-011c48011c48_520647"()</a:visibilityExpr>
            <a:iconId>f05e</a:iconId>
            <a:refId>fd6777da-2922-4bd8-a3da-150a3361799d</a:refId>
            <a:title></a:title>
            <a:staticTitle>true</a:staticTitle>
            <a:description></a:description>
            <a:staticDescription>true</a:staticDescription>
        </a:relatedActionCfg>
        <a:relatedActionCfg>
            <a:target xmlns:xsi="http://www.w3.org/2001/XMLSchema-instance" xsi:type="a:ProcessModel" a:uuid="0002dec9-501a-8000-f92f-7f0000014e7a"/>
            <a:contextExpr>{
  applicationRefNumber: rf!applicationRefNumber,
  organisationId: rf!organisationId,
  organisationName:rf!organisationName
}</a:contextExpr>
            <a:visibilityExpr>and(
  rf!applicationStatusCode &lt;&gt; #"_a-0000ded1-797d-8000-9ba2-011c48011c48_76068",
  rf!serviceCode = #"_a-0000dea0-ffa8-8000-9ba2-011c48011c48_66364",
  rf!applicationType = #"_a-0000ded1-797d-8000-9ba2-011c48011c48_77194"[1],
  not(
    contains(
      {
        "Accepted",
        "Rejected"
      },
      rf!applicationStatusCode
    )
  ),
  rf!assignedToUserName = loggedInUser()
)</a:visibilityExpr>
            <a:iconId>f00c</a:iconId>
            <a:refId>8664d566-ef4d-4121-8e7d-803f72e93237</a:refId>
            <a:title></a:title>
            <a:staticTitle>true</a:staticTitle>
            <a:description></a:description>
            <a:staticDescription>true</a:staticDescription>
        </a:relatedActionCfg>
        <a:relatedActionCfg>
            <a:target xmlns:xsi="http://www.w3.org/2001/XMLSchema-instance" xsi:type="a:ProcessModel" a:uuid="0002decd-c68b-8000-f92f-7f0000014e7a"/>
            <a:contextExpr>{
  applicationRefNumber: rf!applicationRefNumber,
  organisationId: rf!organisationId,
  organisationName: rf!organisationName,
  applicationDate: rf!applicationDate
}</a:contextExpr>
            <a:visibilityExpr>and(
  rf!applicationStatusCode &lt;&gt; #"_a-0000ded1-797d-8000-9ba2-011c48011c48_76068",
  rf!serviceCode = #"_a-0000dea0-ffa8-8000-9ba2-011c48011c48_66364",
  rf!applicationType = #"_a-0000ded1-797d-8000-9ba2-011c48011c48_77194"[1],
  not(
    contains(
      {
        "Accepted",
        "Rejected"
      },
      rf!applicationStatusCode
    )
  ),
  rf!assignedToUserName = loggedInUser()
)</a:visibilityExpr>
            <a:iconId>f05e</a:iconId>
            <a:refId>372d4991-fde7-4965-a718-46762dd73850</a:refId>
            <a:title></a:title>
            <a:staticTitle>true</a:staticTitle>
            <a:description></a:description>
            <a:staticDescription>true</a:staticDescription>
        </a:relatedActionCfg>
        <a:relatedActionCfg>
            <a:target xmlns:xsi="http://www.w3.org/2001/XMLSchema-instance" xsi:type="a:ProcessModel" a:uuid="0002def2-289a-8000-f92f-7f0000014e7a"/>
            <a:contextExpr>{
  applicationReferenceNo: rf!applicationRefNumber, /* Text */
  cancel: null /* Boolean */
}</a:contextExpr>
            <a:visibilityExpr>/*isusermemberofgroup(loggedInUser(),cons!ARM_STAFF)*/
false()</a:visibilityExpr>
            <a:iconId>f057</a:iconId>
            <a:refId>30c5b6d1-9db6-45df-9cee-043e2fc25e53</a:refId>
            <a:title></a:title>
            <a:staticTitle>true</a:staticTitle>
            <a:description></a:description>
            <a:staticDescription>true</a:staticDescription>
        </a:relatedActionCfg>
        <a:relatedActionCfg>
            <a:target xmlns:xsi="http://www.w3.org/2001/XMLSchema-instance" xsi:type="a:ProcessModel" a:uuid="0002df09-b05c-8000-f92f-7f0000014e7a"/>
            <a:contextExpr>{
  applicationRefNumber_txt: rf!applicationRefNumber,
  organisationId_int: rf!organisationId
}</a:contextExpr>
            <a:visibilityExpr>#"_a-0000e05b-b197-8000-9ba2-011c48011c48_520659"()</a:visibilityExpr>
            <a:iconId>f058</a:iconId>
            <a:refId>393e1cf3-eae6-4e1e-a00d-3b03ad65a7ac</a:refId>
            <a:title></a:title>
            <a:staticTitle>true</a:staticTitle>
            <a:description></a:description>
            <a:staticDescription>true</a:staticDescription>
        </a:relatedActionCfg>
        <a:relatedActionCfg>
            <a:target xmlns:xsi="http://www.w3.org/2001/XMLSchema-instance" xsi:type="a:ProcessModel" a:uuid="0002df09-c50d-8000-f92f-7f0000014e7a"/>
            <a:contextExpr>{
  applicationRefNumber_txt: rf!applicationRefNumber,
  organisationId_int: rf!organisationId
}</a:contextExpr>
            <a:visibilityExpr>#"_a-0000e05b-b197-8000-9ba2-011c48011c48_520659"()</a:visibilityExpr>
            <a:iconId>f057</a:iconId>
            <a:refId>fda4d184-7c03-4fe3-a1d4-c1979422b878</a:refId>
            <a:title></a:title>
            <a:staticTitle>true</a:staticTitle>
            <a:description></a:description>
            <a:staticDescription>true</a:staticDescription>
        </a:relatedActionCfg>
        <a:relatedActionCfg>
            <a:target xmlns:xsi="http://www.w3.org/2001/XMLSchema-instance" xsi:type="a:ProcessModel" a:uuid="0002df19-a9d1-8000-f92f-7f0000014e7a"/>
            <a:contextExpr>{
  applicationReferenceNo: rf!applicationRefNumber
}</a:contextExpr>
            <a:visibilityExpr>#"_a-0000e05b-b197-8000-9ba2-011c48011c48_520715"()</a:visibilityExpr>
            <a:iconId>f093</a:iconId>
            <a:refId>09c34b8e-9076-46dd-a9f0-f8bc41fecf66</a:refId>
            <a:title></a:title>
            <a:staticTitle>true</a:staticTitle>
            <a:description></a:description>
            <a:staticDescription>true</a:staticDescription>
        </a:relatedActionCfg>
        <a:relatedActionCfg>
            <a:target xmlns:xsi="http://www.w3.org/2001/XMLSchema-instance" xsi:type="a:ProcessModel" a:uuid="000cdf1b-346e-8000-f92f-7f0000014e7a"/>
            <a:contextExpr>{
  applicationRefNo: rf!applicationRefNumber, 
  organisationId: rf!organisationId
}</a:contextExpr>
            <a:visibilityExpr>#"_a-0000e05b-b197-8000-9ba2-011c48011c48_520773"()</a:visibilityExpr>
            <a:iconId>f00c</a:iconId>
            <a:refId>c3ee35c9-e0b3-42dd-b9d9-c94ad651022d</a:refId>
            <a:title></a:title>
            <a:staticTitle>true</a:staticTitle>
            <a:description></a:description>
            <a:staticDescription>true</a:staticDescription>
        </a:relatedActionCfg>
        <a:relatedActionCfg>
            <a:target xmlns:xsi="http://www.w3.org/2001/XMLSchema-instance" xsi:type="a:ProcessModel" a:uuid="000cdf1b-34ee-8000-f92f-7f0000014e7a"/>
            <a:contextExpr>{
  applicationRefNo: rf!applicationRefNumber, 
  organisationId: rf!organisationId, 
  organisationName: rf!organisationName 
}</a:contextExpr>
            <a:visibilityExpr>#"_a-0000e05b-b197-8000-9ba2-011c48011c48_520773"()</a:visibilityExpr>
            <a:iconId>f00d</a:iconId>
            <a:refId>3e694f87-1d21-429e-9099-96c404873dde</a:refId>
            <a:title></a:title>
            <a:staticTitle>true</a:staticTitle>
            <a:description></a:description>
            <a:staticDescription>true</a:staticDescription>
        </a:relatedActionCfg>
        <a:relatedActionCfg>
            <a:target xmlns:xsi="http://www.w3.org/2001/XMLSchema-instance" xsi:type="a:ProcessModel" a:uuid="0002df2a-f7ec-8000-f92f-7f0000014e7a"/>
            <a:contextExpr>{
  appReferenceNumber: rf!applicationRefNumber, /* Text */
  assignedTo: rf!assignedToUserName /* Text */
}</a:contextExpr>
            <a:visibilityExpr>#"_a-0000e05b-b197-8000-9ba2-011c48011c48_520813"()</a:visibilityExpr>
            <a:iconId>f14a</a:iconId>
            <a:refId>7dcca80a-986a-48ac-b48e-ed55c0b37e69</a:refId>
            <a:title></a:title>
            <a:staticTitle>true</a:staticTitle>
            <a:description></a:description>
            <a:staticDescription>true</a:staticDescription>
        </a:relatedActionCfg>
        <a:relatedActionCfg>
            <a:target xmlns:xsi="http://www.w3.org/2001/XMLSchema-instance" xsi:type="a:ProcessModel" a:uuid="0002df2e-a8e4-8000-f92f-7f0000014e7a"/>
            <a:contextExpr>{
  applicationRefNumber_txt: rf!applicationRefNumber
}</a:contextExpr>
            <a:visibilityExpr>#"_a-0000e05b-b197-8000-9ba2-011c48011c48_520825"()</a:visibilityExpr>
            <a:iconId>f09d</a:iconId>
            <a:refId>97720e7d-2aec-4458-971d-b247435f8623</a:refId>
            <a:title></a:title>
            <a:staticTitle>true</a:staticTitle>
            <a:description></a:description>
            <a:staticDescription>true</a:staticDescription>
        </a:relatedActionCfg>
        <a:relatedActionCfg>
            <a:target xmlns:xsi="http://www.w3.org/2001/XMLSchema-instance" xsi:type="a:ProcessModel" a:uuid="0002df32-d940-8000-f92f-7f0000014e7a"/>
            <a:contextExpr>{
  activityTypeId_int: rf!activityTypeId,
  applicationRefNumber_txt: rf!applicationRefNumber,
  applicationType: rf!applicationType,
  organisaitonId_int: rf!organisationId,
  applicationDate: rf!applicationDate,
  applicationSubmittedBy: rf!submittedBy,
  organisationName: rf!organisationName
}</a:contextExpr>
            <a:visibilityExpr>#"_a-0000e05b-b197-8000-9ba2-011c48011c48_520825"()</a:visibilityExpr>
            <a:iconId>f00d</a:iconId>
            <a:refId>c2e9479c-6b7a-4e55-a045-65fe506bc493</a:refId>
            <a:title></a:title>
            <a:staticTitle>true</a:staticTitle>
            <a:description></a:description>
            <a:staticDescription>true</a:staticDescription>
        </a:relatedActionCfg>
        <a:relatedActionCfg>
            <a:target xmlns:xsi="http://www.w3.org/2001/XMLSchema-instance" xsi:type="a:ProcessModel" a:uuid="0003dfad-39d6-8000-f92f-7f0000014e7a"/>
            <a:contextExpr>{
  applicationId: rf!applicationId, /* Number (Integer) */
  applicationRefNumber: rf!applicationRefNumber /* Text */
}</a:contextExpr>
            <a:visibilityExpr>and(
  rf!applicationStatusCode &lt;&gt; #"_a-0000ded1-797d-8000-9ba2-011c48011c48_76068",
  not(
    contains(
      {
        "Accepted",
        "Rejected",
        "InProgress"
      },
      rf!applicationStatusCode
    )
  ),
  and(
    not(
    #"_a-0000d62a-67b3-8000-da6f-010000010000_950"(
      rf!assignedToUserName
    )
    ),
    rf!assignedToUserName &lt;&gt; loggedInUser()
  )
)</a:visibilityExpr>
            <a:iconId>f045</a:iconId>
            <a:refId>958c96cc-aaae-4d9f-a72e-6987da60c687</a:refId>
            <a:title></a:title>
            <a:staticTitle>true</a:staticTitle>
            <a:description></a:description>
            <a:staticDescription>true</a:staticDescription>
        </a:relatedActionCfg>
        <a:relatedActionCfg>
            <a:target xmlns:xsi="http://www.w3.org/2001/XMLSchema-instance" xsi:type="a:ProcessModel" a:uuid="0002dfa1-9187-8000-f92f-7f0000014e7a"/>
            <a:contextExpr>{
  applicationReferenceNo: rf!applicationRefNumber,
  organisationId: rf!organisationId,
  requestedBy: rf!assignedToUserName
}</a:contextExpr>
            <a:visibilityExpr>#"_a-0000e05b-b197-8000-9ba2-011c48011c48_520837"()</a:visibilityExpr>
            <a:iconId>f0e7</a:iconId>
            <a:refId>cdc47be6-a563-463d-9953-eeac6e3b1b3c</a:refId>
            <a:title></a:title>
            <a:staticTitle>true</a:staticTitle>
            <a:description></a:description>
            <a:staticDescription>true</a:staticDescription>
        </a:relatedActionCfg>
        <a:isSystem>false</a:isSystem>
        <a:dataSrcExpr>#"44a24a1f-251c-41ee-88a6-39d6cb241ec3"(
  rspQuery: rsp!query
)</a:dataSrcExpr>
        <a:facetsListExpr>#"_a-0000ded1-797d-8000-9ba2-011c48011c48_77039"()</a:facetsListExpr>
        <a:titleExpr>char(
  #"_a-0000df25-d2bb-8000-9ba2-011c48011c48_92208"
) &amp; "  " &amp; rf!applicationType &amp; " - Reference: " &amp; rf!applicationRefNumber</a:titleExpr>
        <a:defaultFiltersExpr></a:defaultFiltersExpr>
        <a:layoutType>GRID</a:layoutType>
        <a:security>16383</a:security>
        <a:hideLatestNews>false</a:hideLatestNews>
        <a:isExportable>true</a:isExportable>
    </recordType>
    <roleMap>
        <role name="record_type_administrator">
            <users/>
            <groups>
                <groupUuid>_e-0000dd15-133b-8000-9aee-01075c01075c_49</groupUuid>
            </groups>
        </role>
        <role name="record_type_viewer">
            <users/>
            <groups>
                <groupUuid>_e-0000dd8d-014e-8000-9aee-01075c01075c_51</groupUuid>
                <groupUuid>_e-0000de55-aed2-8000-9aee-01075c01075c_65</groupUuid>
                <groupUuid>_e-0000dd15-133b-8000-9aee-01075c01075c_42</groupUuid>
            </groups>
        </role>
        <role name="record_type_editor">
            <users/>
            <groups>
                <groupUuid>_e-0000dd15-133b-8000-9aee-01075c01075c_45</groupUuid>
            </groups>
        </role>
    </roleMap>
    <history>
        <historyInfo versionUuid="e6163758-b3b4-4806-a48f-54b2095bc01a"/>
        <historyInfo versionUuid="4edeab2a-82dc-412e-a902-8b972d60138e"/>
        <historyInfo versionUuid="82a5e0f1-31da-41fd-a9ff-9623417e4762"/>
        <historyInfo versionUuid="6a25e3a8-fb70-4960-bec6-5c2636cc7fc3"/>
        <historyInfo versionUuid="f56dbab8-36ff-4c9b-b56c-1f4439da3843"/>
        <historyInfo versionUuid="acd9d93e-2d14-47e2-9c4b-7ec29d37b261"/>
        <historyInfo versionUuid="182ff2ed-9500-47b5-a70e-43e23f843418"/>
        <historyInfo versionUuid="f26430c0-2009-4f24-82cb-7a18c2e674d6"/>
        <historyInfo versionUuid="d0307d33-20dc-4185-a2f6-0ddb462a6aec"/>
    </history>
</recordTypeHaul>
