<?xml version="1.0" encoding="UTF-8" standalone="yes"?>
<recordTypeHaul xmlns:a="http://www.appian.com/ae/types/2009">
    <versionUuid>fa18a791-b5ae-40cb-a73e-71c74b1a9628</versionUuid>
    <recordType a:uuid="d7b3bd2e-2473-4f18-b509-60648dc9cd7e" name="Organisation">
        <a:pluralName>Organisations</a:pluralName>
        <a:description>List of all organisations for staff</a:description>
        <a:urlStub>C-KzWw</a:urlStub>
        <a:source xmlns:xsi="http://www.w3.org/2001/XMLSchema-instance" xsi:type="a:Datatype" a:uuid="{urn:com:appian:types:mhra:common}MHRA_API_organisationSearchResults"/>
        <a:listViewTemplateExpr>#"SYSTEM_SYSRULES_recordGridLayoutColumns"(
  emptygridmessage: "No Organisations Available",
  columns: {
    #"SYSTEM_SYSRULES_gridLayoutColumn"(
      label: "Name",
      weight: 2,
      field: "organisationName",
      component: #"SYSTEM_SYSRULES_recordGrid_linkField"(
        links: {
          #"SYSTEM_SYSRULES_recordLink"(
            label: rf!organisationName,
            recordtype: rp!type,
            identifier: rp!id)
        }
      ),
      visible: true
    ),
    #"SYSTEM_SYSRULES_gridLayoutColumn"(
      label: "Authorized representative",
      helptooltip: "Account reference ",
      weight: 2,
      field: "parentOrganisationName",
      component: #"SYSTEM_SYSRULES_recordGrid_textField"(
        displayvalue: rf!parentOrganisationName
      )
    ),
    #"SYSTEM_SYSRULES_gridLayoutColumn"(
      label: "Account ID",
      width: "NARROW",
      field: "organisationAccountDesc",
      component: #"SYSTEM_SYSRULES_recordGrid_textField"(
        displayValue: rf!organisationAccountDesc
      )
    ),
    #"SYSTEM_SYSRULES_gridLayoutColumn"(
      label: "Address",
      weight: 2,
      field: "address.line_1",
      component: #"SYSTEM_SYSRULES_recordGrid_richTextDisplayField"(
        value: {
          #"SYSTEM_SYSRULES_richTextItem"(
            text: {
              #"SYSTEM_SYSRULES_richTextItem"(
                text: {
                 index(rf!address,"line_1",null),
                  #"SYSTEM_SYSRULES_richTextItem"( text: ", "&amp; index(rf!address,"line_2",null)
                  ),
                  #"SYSTEM_SYSRULES_richTextItem"(
                   text: ", "&amp;index(rf!address,"city",null)
                  )
                },
                style: "NORMAL"
              )
            },
            style: "NORMAL"
          )
        }
      )
    ),
    #"SYSTEM_SYSRULES_gridLayoutColumn"(
      label: "Country",
      weight: 1,
      field: "address.countryName",
      component: #"SYSTEM_SYSRULES_recordGrid_textField"(
        displayvalue: rf!address.countryName)
    ),
    #"SYSTEM_SYSRULES_gridLayoutColumn"(
      label: "Status",
      width: "ICON",
      field: "DRStatusDesc",
      component: #"SYSTEM_SYSRULES_recordGrid_imageField_v1"(
        images: #"_a-0000ded1-797d-8000-9ba2-011c48011c48_84021"(
          status: rf!DRStatusDesc   
        ),
        size: "ICON",
        isThumbnail: false,
        style: "STANDARD"
      )
    ),
    #"SYSTEM_SYSRULES_gridLayoutColumn"(
      label: "Description",
      weight: 2,
      field: "organisationDescription",
      component: #"SYSTEM_SYSRULES_recordGrid_richTextDisplayField"(
        value: {
          #"SYSTEM_SYSRULES_richTextBulletedList"(
            items: { if(
              #"_a-0000d62a-67b3-8000-da6f-010000010000_950"(rf!organisationDescription),
              {},
              #"SYSTEM_SYSRULES_forEach"(
              split(rf!organisationDescription,"|"),
              #"SYSTEM_SYSRULES_richTextItem"(
                text: fv!item,
                style: "NORMAL"
              )
            ) 
            )    
            }
          )
        }
      )
    ),
    #"SYSTEM_SYSRULES_gridLayoutColumn"(
      label: "Created on",
      weight: 1,
      field: "createdDate",
      component: #"SYSTEM_SYSRULES_recordGrid_dateTimeField"(
        displayvalue: rf!createdDate
      )
    )  
  },
  pageSize: 50,
  defaultSort: #"SYSTEM_SYSRULES_sortInfo"(
    field: "organisationName",
    ascending: fn!true()
  )
)</a:listViewTemplateExpr>
        <a:detailViewCfg>
            <a:nameExpr>="Summary"</a:nameExpr>
            <a:uiExpr>#"_a-0000ded1-797d-8000-9ba2-011c48011c48_79150"(
organisationId: rf!organisationId,
parentOrganisationId: rf!parentOrganisationId,
isDisplayPARD: true,
parentOrganisationName: rf!parentOrganisationName,
recordType: rp!type
)</a:uiExpr>
            <a:visibilityExpr>=true()</a:visibilityExpr>
            <a:urlStub>summary</a:urlStub>
            <a:headerExpr></a:headerExpr>
        </a:detailViewCfg>
        <a:detailViewCfg>
            <a:nameExpr>#"_a-0000ded1-797d-8000-9ba2-011c48011c48_84281"</a:nameExpr>
            <a:uiExpr>#"_a-0000ded1-797d-8000-9ba2-011c48011c48_80498"(
  organisaitonId: rf!organisationId,
  isForStaff: true(),
  displayDRApplications: true(),
  displayCFSApplications: true()
)</a:uiExpr>
            <a:visibilityExpr>=true()</a:visibilityExpr>
            <a:urlStub>_Gntsjw</a:urlStub>
            <a:headerExpr></a:headerExpr>
        </a:detailViewCfg>
        <a:detailViewCfg>
            <a:nameExpr>#"_a-0000ded1-797d-8000-9ba2-011c48011c48_84282"</a:nameExpr>
            <a:uiExpr>#"_a-0000dff4-f2e5-8000-9ba2-011c48011c48_306631"(
  organisationId: rf!organisationId
)</a:uiExpr>
            <a:visibilityExpr>with(
  local!roles: #"_a-0000df82-45aa-8000-9ba2-011c48011c48_221402"(
    organisationId: rf!organisationId
  ),
  contains(
    touniformstring(index(local!roles, "organisationRoleDescription", {})),
    #"_a-0000dff4-f2e5-8000-9ba2-011c48011c48_293885"
  )
)</a:visibilityExpr>
            <a:urlStub>_bNOLaw</a:urlStub>
            <a:headerExpr></a:headerExpr>
            <a:relatedActionCfg>00def795-6a9e-4e1e-976a-3bc5994950d9</a:relatedActionCfg>
        </a:detailViewCfg>
        <a:detailViewCfg>
            <a:nameExpr>#"_a-0000ded1-797d-8000-9ba2-011c48011c48_84289"</a:nameExpr>
            <a:uiExpr>#"_a-0000ded1-797d-8000-9ba2-011c48011c48_78723"(
  organisationId: rf!organisationId
)</a:uiExpr>
            <a:visibilityExpr>and(
#"_a-0000d62a-67b3-8000-da6f-010000010000_951"(rf!parentOrganisationId),
with(
  local!childOrgs: #"_a-0000df82-45aa-8000-9ba2-011c48011c48_220955"(
    parentOrganisationId: rf!organisationId,
    pagingInfo: #"SYSTEM_SYSRULES_pagingInfo"(1,1)
  ),
  if(
    tostring(local!childOrgs) = #"_a-0000df82-45aa-8000-9ba2-011c48011c48_221249",
    true,
    tointeger(index(local!childOrgs,"totalCount",0)) &gt; 0
  )
)
)</a:visibilityExpr>
            <a:urlStub>_6LHcYg</a:urlStub>
            <a:headerExpr></a:headerExpr>
        </a:detailViewCfg>
        <a:detailViewCfg>
            <a:nameExpr>#"_a-0000df82-45aa-8000-9ba2-011c48011c48_174085"</a:nameExpr>
            <a:uiExpr>#"_a-0000df82-45aa-8000-9ba2-011c48011c48_174002"(
  organisationId: rf!organisationId
)</a:uiExpr>
            <a:visibilityExpr>with(
  local!roles: #"_a-0000df82-45aa-8000-9ba2-011c48011c48_221402"(
    organisationId: rf!organisationId
  ),
  contains(
    touniformstring(index(local!roles, "organisationRoleDescription", {})),
    #"_a-0000dff4-f2e5-8000-9ba2-011c48011c48_293885"
  )
)</a:visibilityExpr>
            <a:urlStub>_Gy-JxQ</a:urlStub>
            <a:headerExpr></a:headerExpr>
            <a:relatedActionCfg>4e3664f9-a300-48b8-8465-0ae62ba32ab6</a:relatedActionCfg>
        </a:detailViewCfg>
        <a:detailViewCfg>
            <a:nameExpr>#"_a-0000ded1-797d-8000-9ba2-011c48011c48_84283"</a:nameExpr>
            <a:uiExpr>#"_a-0000ded1-797d-8000-9ba2-011c48011c48_78564"(
  organisationId:rf!organisationId
)</a:uiExpr>
            <a:visibilityExpr>=true()</a:visibilityExpr>
            <a:urlStub>_VQi4lQ</a:urlStub>
            <a:headerExpr></a:headerExpr>
            <a:relatedActionCfg>a6d980f8-34d6-4009-b28e-16e8793541ce</a:relatedActionCfg>
        </a:detailViewCfg>
        <a:detailViewCfg>
            <a:nameExpr>#"_a-0000ded1-797d-8000-9ba2-011c48011c48_84278"</a:nameExpr>
            <a:uiExpr>#"_a-0000ded1-797d-8000-9ba2-011c48011c48_78567"(
  organisationId: rf!organisationId
)</a:uiExpr>
            <a:visibilityExpr>=true()</a:visibilityExpr>
            <a:urlStub>_K0Enlg</a:urlStub>
            <a:headerExpr></a:headerExpr>
        </a:detailViewCfg>
        <a:detailViewCfg>
            <a:nameExpr>#"_a-0000ded1-797d-8000-9ba2-011c48011c48_84284"</a:nameExpr>
            <a:uiExpr>#"_a-0000ddfd-93a8-8000-9ba2-011c48011c48_44796"(
  organisationId: rf!organisationId
)</a:uiExpr>
            <a:visibilityExpr>=true()</a:visibilityExpr>
            <a:urlStub>_bpmlrg</a:urlStub>
            <a:headerExpr></a:headerExpr>
        </a:detailViewCfg>
        <a:detailViewCfg>
            <a:nameExpr>#"_a-0000df82-45aa-8000-9ba2-011c48011c48_167501"</a:nameExpr>
            <a:uiExpr>#"_a-0000df82-45aa-8000-9ba2-011c48011c48_167349"(
  organisationId_int:rf!organisationId
)</a:uiExpr>
            <a:visibilityExpr>=true()</a:visibilityExpr>
            <a:urlStub>_RS2P5A</a:urlStub>
            <a:headerExpr></a:headerExpr>
            <a:relatedActionCfg>dd8d7f86-d024-4009-8ea9-09736c276ee3</a:relatedActionCfg>
        </a:detailViewCfg>
        <a:relatedActionCfg>
            <a:target xmlns:xsi="http://www.w3.org/2001/XMLSchema-instance" xsi:type="a:ProcessModel" a:uuid="0002de7a-5235-8000-f92f-7f0000014e7a"/>
            <a:contextExpr>{
  applicationDate: null, /* Date and Time */
  cancel: null, /* Boolean */
  isBoth: null, /* Boolean */
  letterOfCancellation: null, /* Document */
  notifier: null, /* List of Text String */
  orgCountry: null, /* Text */
  orgPartyId: rf!organisationId, /* Number (Integer) */
  selectedReason: null, /* Text */
  selectedReasonDesc: null, /* Text */
  unregister: null, /* Boolean */
  userAction_txt: null, /* Text */
  userRole: null, /* Text */
  username: null /* Text */
}</a:contextExpr>
            <a:visibilityExpr>and(
  rf!DRStatusId = #"_a-0000dd7d-1b3b-8000-9ba2-011c48011c48_18455",
  if(
    count(
      #"_a-0000dff4-f2e5-8000-9ba2-011c48011c48_297682"(
        organisationIds: rf!organisationId
      )
    ) = 0,
    true(),
    false()
  ),
  #"_a-0000df82-45aa-8000-9ba2-011c48011c48_191968"(
    applicationOrgId: rf!organisationId,
    parentOrganisationId: rf!parentOrganisationId
  )
)</a:visibilityExpr>
            <a:iconId>f00d</a:iconId>
            <a:refId>21e78239-8072-41c5-bb95-113de269c161</a:refId>
            <a:title></a:title>
            <a:staticTitle>true</a:staticTitle>
            <a:description></a:description>
            <a:staticDescription>true</a:staticDescription>
        </a:relatedActionCfg>
        <a:relatedActionCfg>
            <a:target xmlns:xsi="http://www.w3.org/2001/XMLSchema-instance" xsi:type="a:ProcessModel" a:uuid="0002df11-13b0-8000-f92f-7f0000014e7a"/>
            <a:contextExpr>{
  organisaitonId_int: rf!organisationId,
  parentOrganisationId: rf!parentOrganisationId,
  organisationName: rf!organisationName
}</a:contextExpr>
            <a:visibilityExpr>rf!DRStatusId = #"_a-0000dd7d-1b3b-8000-9ba2-011c48011c48_18455"</a:visibilityExpr>
            <a:iconId>f00b</a:iconId>
            <a:refId>00def795-6a9e-4e1e-976a-3bc5994950d9</a:refId>
            <a:title></a:title>
            <a:staticTitle>true</a:staticTitle>
            <a:description></a:description>
            <a:staticDescription>true</a:staticDescription>
        </a:relatedActionCfg>
        <a:relatedActionCfg>
            <a:target xmlns:xsi="http://www.w3.org/2001/XMLSchema-instance" xsi:type="a:ProcessModel" a:uuid="0002debd-75d5-8000-f92f-7f0000014e7a"/>
            <a:contextExpr>{
  organisationId: rf!organisationId, 
  organisationName: rf!organisationName,
  parentOrganisationId_int: rf!parentOrganisationId,
  parentOrganisationName: rf!parentOrganisationName,
  serviceId: #"_a-0000df82-45aa-8000-9ba2-011c48011c48_215760"
}</a:contextExpr>
            <a:visibilityExpr>if(
  and(
    rf!ACCStatusId &lt;&gt; #"_a-0000dd7d-1b3b-8000-9ba2-011c48011c48_18455",
    rf!DRStatusId &lt;&gt; #"_a-0000dd7d-1b3b-8000-9ba2-011c48011c48_18455",
    rf!CFSStatusId &lt;&gt; #"_a-0000dd7d-1b3b-8000-9ba2-011c48011c48_18455"
  ),
  false(),
  true()
)</a:visibilityExpr>
            <a:iconId>f085</a:iconId>
            <a:refId>a6d980f8-34d6-4009-b28e-16e8793541ce</a:refId>
            <a:title></a:title>
            <a:staticTitle>true</a:staticTitle>
            <a:description></a:description>
            <a:staticDescription>true</a:staticDescription>
        </a:relatedActionCfg>
        <a:relatedActionCfg>
            <a:target xmlns:xsi="http://www.w3.org/2001/XMLSchema-instance" xsi:type="a:ProcessModel" a:uuid="0002df89-95ae-8000-f92f-7f0000014e7a"/>
            <a:contextExpr>{
  organisatonId: rf!organisationId,
  organisationName: rf!organisationName
}</a:contextExpr>
            <a:visibilityExpr>=true()</a:visibilityExpr>
            <a:iconId>f02c</a:iconId>
            <a:refId>dd8d7f86-d024-4009-8ea9-09736c276ee3</a:refId>
            <a:title></a:title>
            <a:staticTitle>true</a:staticTitle>
            <a:description></a:description>
            <a:staticDescription>true</a:staticDescription>
        </a:relatedActionCfg>
        <a:relatedActionCfg>
            <a:target xmlns:xsi="http://www.w3.org/2001/XMLSchema-instance" xsi:type="a:ProcessModel" a:uuid="0002df9c-46d8-8000-f92f-7f0000014e7a"/>
            <a:contextExpr>{
  organisationId_int: rf!organisationId,
  organisationName: rf!organisationName,
  parentOrganisationId_int: rf!parentOrganisationId
}</a:contextExpr>
            <a:visibilityExpr>and(
  or(
     rf!ACCStatusId = #"_a-0000dd7d-1b3b-8000-9ba2-011c48011c48_18455",
     rf!DRStatusId = #"_a-0000dd7d-1b3b-8000-9ba2-011c48011c48_18455",
     rf!CFSStatusId = #"_a-0000dd7d-1b3b-8000-9ba2-011c48011c48_18455"
  ),
  with(
  local!roles: #"_a-0000df82-45aa-8000-9ba2-011c48011c48_221402"(
    organisationId: rf!organisationId
  ),
  contains(
    touniformstring(index(local!roles, "organisationRoleDescription", {})),
    #"_a-0000dff4-f2e5-8000-9ba2-011c48011c48_293885"
  )
)
)</a:visibilityExpr>
            <a:iconId>f044</a:iconId>
            <a:refId>4e3664f9-a300-48b8-8465-0ae62ba32ab6</a:refId>
            <a:title></a:title>
            <a:staticTitle>true</a:staticTitle>
            <a:description></a:description>
            <a:staticDescription>true</a:staticDescription>
        </a:relatedActionCfg>
        <a:isSystem>false</a:isSystem>
        <a:dataSrcExpr>with(
  local!deviceTypeFilters: #"_a-0000dff4-f2e5-8000-9ba2-011c48011c48_303401"(),
  #"_a-0000df25-d2bb-8000-9ba2-011c48011c48_91229"(
    rspQuery: rsp!query,
    deviceTypeFilters: if(
      or(
        #"_a-0000d62a-67b3-8000-da6f-010000010000_951"(
          local!deviceTypeFilters
        ),
        tostring(
          local!deviceTypeFilters
        ) = #"_a-0000df82-45aa-8000-9ba2-011c48011c48_221249"
      ),
      null,
      local!deviceTypeFilters
    )
  )
)</a:dataSrcExpr>
        <a:facetsListExpr>#"_a-0000df4c-746c-8000-9ba2-011c48011c48_95002"()</a:facetsListExpr>
        <a:titleExpr>if(
  #"_a-0000d62a-67b3-8000-da6f-010000010000_950"(rf!parentOrganisationName),
  rf!organisationName,
  rf!parentOrganisationName &amp; ": " &amp; rf!organisationName
)</a:titleExpr>
        <a:defaultFiltersExpr></a:defaultFiltersExpr>
        <a:layoutType>GRID</a:layoutType>
        <a:security>16383</a:security>
        <a:hideLatestNews>false</a:hideLatestNews>
        <a:isExportable>true</a:isExportable>
    </recordType>
    <roleMap>
        <role name="record_type_administrator">
            <users/>
            <groups>
                <groupUuid>_e-0000dd15-133b-8000-9aee-01075c01075c_49</groupUuid>
            </groups>
        </role>
        <role name="record_type_viewer">
            <users/>
            <groups>
                <groupUuid>_e-0000dd8d-014e-8000-9aee-01075c01075c_51</groupUuid>
                <groupUuid>_e-0000de55-aed2-8000-9aee-01075c01075c_65</groupUuid>
                <groupUuid>_e-0000dd15-133b-8000-9aee-01075c01075c_42</groupUuid>
            </groups>
        </role>
        <role name="record_type_editor">
            <users/>
            <groups>
                <groupUuid>SYSTEM_GROUP_ROLE_DESIGNERS</groupUuid>
                <groupUuid>_e-0000dd15-133b-8000-9aee-01075c01075c_45</groupUuid>
            </groups>
        </role>
    </roleMap>
    <history>
        <historyInfo versionUuid="0aaf81ef-2bbc-42af-a7aa-436ae2fa6063"/>
        <historyInfo versionUuid="700745c5-376c-4133-808f-511e7f40eafa"/>
        <historyInfo versionUuid="3728c8cf-4f6d-4ab5-bd52-056dbfa69cf7"/>
        <historyInfo versionUuid="bed39a21-45b7-46ee-97b0-90adf8013da4"/>
        <historyInfo versionUuid="ef7645f2-7d5f-47c3-a747-12b64080f558"/>
        <historyInfo versionUuid="3b439e7f-146d-42a9-844c-448b3407af4c"/>
        <historyInfo versionUuid="fa18a791-b5ae-40cb-a73e-71c74b1a9628"/>
    </history>
</recordTypeHaul>
