<?xml version="1.0" encoding="UTF-8" standalone="yes"?>
<contentHaul xmlns:a="http://www.appian.com/ae/types/2009">
    <versionUuid>_a-0000df82-45aa-8000-9ba2-011c48011c48_194432</versionUuid>
    <rule>
        <name>MHRA_generateRequestBodyToCheckPaymentStatus</name>
        <uuid>_a-0000ded1-797d-8000-9ba2-011c48011c48_77773</uuid>
        <description>Generate XML request body to check payment status</description>
        <parentUuid>_a-0000ddfd-93a8-8000-9ba2-011c48011c48_43757</parentUuid>
        <visibility>
            <advertise>false</advertise>
            <hierarchy>true</hierarchy>
            <indexable>true</indexable>
            <quota>false</quota>
            <searchable>true</searchable>
            <system>false</system>
            <unlogged>false</unlogged>
        </visibility>
        <definition>"&lt;?xml version=""1.0"" encoding=""UTF-8""?&gt;&#xD;
&lt;!DOCTYPE paymentService PUBLIC ""-//WorldPay//DTD WorldPay PaymentService v1//EN""&#xD;
  ""http://dtd.worldpay.com/paymentService_v1.dtd""&gt;&#xD;
&lt;paymentService version=""1.4"" merchantCode=""" &amp; #"_a-0000ded1-797d-8000-9ba2-011c48011c48_76610" &amp; """&gt;&#xD;
  &lt;inquiry&gt;&#xD;
    &lt;orderInquiry orderCode=""" &amp; ri!appianOrderRefNumber &amp; """/&gt;&#xD;
  &lt;/inquiry&gt;&#xD;
&lt;/paymentService&gt;"</definition>
        <namedTypedValue>
            <name>appianOrderRefNumber</name>
            <type>
                <name>string</name>
                <namespace>http://www.w3.org/2001/XMLSchema</namespace>
            </type>
            <value/>
        </namedTypedValue>
        <preferredEditor>legacy</preferredEditor>
        <offlineEnabled>false</offlineEnabled>
    </rule>
    <roleMap public="true">
        <role inherit="false" allowForAll="true" name="readers">
            <users/>
            <groups>
                <groupUuid>_e-0000dd8d-014e-8000-9aee-01075c01075c_51</groupUuid>
                <groupUuid>_e-0000dd8d-014e-8000-9aee-01075c01075c_52</groupUuid>
            </groups>
        </role>
        <role inherit="false" allowForAll="false" name="authors">
            <users/>
            <groups>
                <groupUuid>_e-0000dd15-133b-8000-9aee-01075c01075c_45</groupUuid>
            </groups>
        </role>
        <role inherit="false" allowForAll="false" name="administrators">
            <users/>
            <groups>
                <groupUuid>_e-0000dd15-133b-8000-9aee-01075c01075c_49</groupUuid>
            </groups>
        </role>
        <role inherit="false" allowForAll="false" name="denyReaders">
            <users/>
            <groups/>
        </role>
        <role inherit="false" allowForAll="false" name="denyAuthors">
            <users/>
            <groups/>
        </role>
        <role inherit="false" allowForAll="false" name="denyAdministrators">
            <users/>
            <groups/>
        </role>
    </roleMap>
    <history>
        <historyInfo versionUuid="_a-0000df82-45aa-8000-9ba2-011c48011c48_194432"/>
    </history>
</contentHaul>
