<?xml version="1.0" encoding="UTF-8" standalone="yes"?>
<contentHaul xmlns:a="http://www.appian.com/ae/types/2009">
    <versionUuid>_a-0000df82-45aa-8000-9ba2-011c48011c48_194426</versionUuid>
    <rule>
        <name>MHRA_SP_getPaymentDetails</name>
        <uuid>_a-0000ded1-797d-8000-9ba2-011c48011c48_77836</uuid>
        <description>Stored proc call to get payment details based on appian payment ref number</description>
        <parentUuid>_a-0000ddfd-93a8-8000-9ba2-011c48011c48_41421</parentUuid>
        <visibility>
            <advertise>false</advertise>
            <hierarchy>true</hierarchy>
            <indexable>true</indexable>
            <quota>false</quota>
            <searchable>true</searchable>
            <system>false</system>
            <unlogged>false</unlogged>
        </visibility>
        <definition>with(
  local!dataFromStoredProc: fn!executestoredprocedure(
    dataSourceName: #"_a-0000ddfd-93a8-8000-9ba2-011c48011c48_44005",
    procedureName: #"_a-0000ded1-797d-8000-9ba2-011c48011c48_77835",
    inputs: {
      if(
        #"_a-0000d62a-67b3-8000-da6f-010000010000_951"(
          ri!appianReferenceNumber
        ),
        {},
        {
          name: "APPIAN_REFERENCE_NUMBER",
          value: ri!appianReferenceNumber
        }
      ),
      if(
        #"_a-0000d62a-67b3-8000-da6f-010000010000_951"(
          ri!applicationRefNumber
        ),
        {},
        {
          name: "EVENT_REFERENCE_NUMBER",
          value: ri!applicationRefNumber
        }
      )
    }
  ),
  if(
    and(
      local!dataFromStoredProc.success,
      not(#"_a-0000d62a-67b3-8000-da6f-010000010000_950"(local!dataFromStoredProc.result))
    ),
    cast(
      'type!{urn:com:appian:types:mhra:common}MHRA_SP_PaymentDetails',
      local!dataFromStoredProc.result 
    ),
    {}
  )
)</definition>
        <namedTypedValue>
            <name>appianReferenceNumber</name>
            <type>
                <name>string</name>
                <namespace>http://www.w3.org/2001/XMLSchema</namespace>
            </type>
            <value/>
        </namedTypedValue>
        <namedTypedValue>
            <name>applicationRefNumber</name>
            <type>
                <name>string</name>
                <namespace>http://www.w3.org/2001/XMLSchema</namespace>
            </type>
            <value/>
        </namedTypedValue>
        <preferredEditor>legacy</preferredEditor>
        <offlineEnabled>false</offlineEnabled>
    </rule>
    <roleMap public="true">
        <role inherit="false" allowForAll="true" name="readers">
            <users/>
            <groups>
                <groupUuid>_e-0000dd8d-014e-8000-9aee-01075c01075c_51</groupUuid>
                <groupUuid>_e-0000dd8d-014e-8000-9aee-01075c01075c_52</groupUuid>
            </groups>
        </role>
        <role inherit="false" allowForAll="false" name="authors">
            <users/>
            <groups>
                <groupUuid>_e-0000dd15-133b-8000-9aee-01075c01075c_45</groupUuid>
            </groups>
        </role>
        <role inherit="false" allowForAll="false" name="administrators">
            <users/>
            <groups>
                <groupUuid>_e-0000dd15-133b-8000-9aee-01075c01075c_49</groupUuid>
            </groups>
        </role>
        <role inherit="false" allowForAll="false" name="denyReaders">
            <users/>
            <groups/>
        </role>
        <role inherit="false" allowForAll="false" name="denyAuthors">
            <users/>
            <groups/>
        </role>
        <role inherit="false" allowForAll="false" name="denyAdministrators">
            <users/>
            <groups/>
        </role>
    </roleMap>
    <history>
        <historyInfo versionUuid="_a-0000df82-45aa-8000-9ba2-011c48011c48_194426"/>
    </history>
</contentHaul>
