<?xml version="1.0" encoding="UTF-8" standalone="yes"?>
<contentHaul xmlns:a="http://www.appian.com/ae/types/2009">
    <versionUuid>_a-0000df82-45aa-8000-9ba2-011c48011c48_194453</versionUuid>
    <rule>
        <name>DVC_RM_formOrganisationDocumentsObject</name>
        <uuid>_a-0000ded1-797d-8000-9ba2-011c48011c48_83468</uuid>
        <description>Forms organisation document details object for uploading letter of designation/ cancellation letter</description>
        <parentUuid>_a-0000dd13-c2d6-8000-9ba2-011c48011c48_8919</parentUuid>
        <visibility>
            <advertise>false</advertise>
            <hierarchy>true</hierarchy>
            <indexable>true</indexable>
            <quota>false</quota>
            <searchable>true</searchable>
            <system>false</system>
            <unlogged>false</unlogged>
        </visibility>
        <definition>{
  organisationId: ri!organisationDocuments[ri!index].organisationId,
  organisationName: ri!organisationDocuments[ri!index].organisationName,
  letterOfDesignationId: if(
    #"_a-0000d62a-67b3-8000-da6f-010000010000_951"(
      wherecontains(
        ri!organisationDocuments.letterOfDesignationId,
        ri!tempDocumentId
      )
    ),
    ri!organisationDocuments[ri!index].letterOfDesignationId,
    displayvalue(
      ri!tempDocumentId,
      ri!organisationDocuments.letterOfDesignationId,
      ri!document,
      {}
    )
  ),
  documentTypeId: ri!organisationDocuments[ri!index].documentTypeId
}</definition>
        <namedTypedValue>
            <name>organisationDocuments</name>
            <type>
                <name>MHRA_representedOrganisationDocuments?list</name>
                <namespace>urn:com:appian:types</namespace>
            </type>
        </namedTypedValue>
        <namedTypedValue>
            <name>tempDocumentId</name>
            <type>
                <name>int</name>
                <namespace>http://www.w3.org/2001/XMLSchema</namespace>
            </type>
        </namedTypedValue>
        <namedTypedValue>
            <name>document</name>
            <type>
                <name>CollaborationDocument</name>
                <namespace>http://www.appian.com/ae/types/2009</namespace>
            </type>
        </namedTypedValue>
        <namedTypedValue>
            <name>documentDetails</name>
            <type>
                <name>MHRA_SP_DocumentsStructureForDevicesAndProducts?list</name>
                <namespace>urn:com:appian:types:mhra:common</namespace>
            </type>
        </namedTypedValue>
        <namedTypedValue>
            <name>index</name>
            <type>
                <name>int</name>
                <namespace>http://www.w3.org/2001/XMLSchema</namespace>
            </type>
        </namedTypedValue>
        <preferredEditor>legacy</preferredEditor>
        <offlineEnabled>false</offlineEnabled>
    </rule>
    <roleMap public="true">
        <role inherit="false" allowForAll="false" name="readers">
            <users/>
            <groups>
                <groupUuid>_e-0000dd8d-014e-8000-9aee-01075c01075c_51</groupUuid>
                <groupUuid>_e-0000dd8d-014e-8000-9aee-01075c01075c_52</groupUuid>
            </groups>
        </role>
        <role inherit="false" allowForAll="false" name="authors">
            <users/>
            <groups>
                <groupUuid>_e-0000dd15-133b-8000-9aee-01075c01075c_45</groupUuid>
            </groups>
        </role>
        <role inherit="false" allowForAll="false" name="administrators">
            <users/>
            <groups>
                <groupUuid>_e-0000dd15-133b-8000-9aee-01075c01075c_49</groupUuid>
            </groups>
        </role>
        <role inherit="false" allowForAll="false" name="denyReaders">
            <users/>
            <groups/>
        </role>
        <role inherit="false" allowForAll="false" name="denyAuthors">
            <users/>
            <groups/>
        </role>
        <role inherit="false" allowForAll="false" name="denyAdministrators">
            <users/>
            <groups/>
        </role>
    </roleMap>
    <history>
        <historyInfo versionUuid="_a-0000df82-45aa-8000-9ba2-011c48011c48_194453"/>
    </history>
</contentHaul>
