<?xml version="1.0" encoding="UTF-8" standalone="yes"?>
<contentHaul xmlns:a="http://www.appian.com/ae/types/2009">
    <versionUuid>_a-0000df82-45aa-8000-9ba2-011c48011c48_194638</versionUuid>
    <rule>
        <name>MHRA_parseRSPQuery_allApplicationRecord</name>
        <uuid>_a-0000dea9-da8d-8000-9ba2-011c48011c48_70507</uuid>
        <description>Parse RSP query rule for all applications record</description>
        <parentUuid>_a-0000ddfd-93a8-8000-9ba2-011c48011c48_43757</parentUuid>
        <visibility>
            <advertise>false</advertise>
            <hierarchy>true</hierarchy>
            <indexable>true</indexable>
            <quota>false</quota>
            <searchable>true</searchable>
            <system>false</system>
            <unlogged>false</unlogged>
        </visibility>
        <definition>with(&#xD;
&#xD;
  /* &#xD;
    Get the first CDT containing one or more of the following:&#xD;
    Logical Expression, Query Filter, Search Query. It is called&#xD;
    a logicalExpression|filter|search -- abbreviated as LFS&#xD;
  */&#xD;
  local!parentLFS: index(ri!rspQuery, "logicalExpression|filter|search", null),&#xD;
&#xD;
  /* &#xD;
    Check to see if the above CDT has a nested LFS in it. This can happen&#xD;
    if the user has clicked multiple filters or searched on filtered results.&#xD;
  */&#xD;
  local!childLFS: index(local!parentLFS, "logicalExpression|filter|search", null),&#xD;
&#xD;
  /*&#xD;
    Get the LFS containing the filter(s) and/or search.&#xD;
    Basically, if the child exists, it will contain all the information.&#xD;
    If it doesn't then we want to parent.&#xD;
  */&#xD;
  local!mainLFS: if(isnull(local!childLFS), local!parentLFS, local!childLFS),&#xD;
&#xD;
  /* Get runtime types of LFS (type!QueryFilter or type!Search) */&#xD;
  local!types: apply(fn!runtimetypeof, {local!mainLFS}),&#xD;
&#xD;
  /*&#xD;
    Get the search CDT, if there is one. It has its own type that we can look for.&#xD;
  */&#xD;
  local!searchCdt: index({local!mainLFS}, where(local!types='type!{http://www.appian.com/ae/types/2009}Search'), null),&#xD;
&#xD;
  /* Gets filter CDTs if there are any. We can find them by their type. */&#xD;
  local!filterCdts: index({local!mainLFS}, where(local!types='type!{http://www.appian.com/ae/types/2009}QueryFilter'), {}),&#xD;
&#xD;
  /* Gets paging info */&#xD;
  local!paging: index(ri!rspQuery, "pagingInfo", topaginginfo(1,100)),&#xD;
&#xD;
  /* &#xD;
    Creates and returns a Dictionary containing the pagingInfo, search text, and filters &#xD;
    currently applied to the record list.&#xD;
  */&#xD;
  {&#xD;
    pagingInfo: local!paging,&#xD;
    searchText: tostring(&#xD;
      index(&#xD;
        cast('type!{http://www.appian.com/ae/types/2009}Search',local!searchCdt), &#xD;
        "searchQuery", &#xD;
        ""&#xD;
      )&#xD;
    ),&#xD;
    filters: cast('type!{http://www.appian.com/ae/types/2009}QueryFilter?list', local!filterCdts)&#xD;
  }&#xD;
)</definition>
        <namedTypedValue>
            <name>rspQuery</name>
            <type>
                <name>Query</name>
                <namespace>http://www.appian.com/ae/types/2009</namespace>
            </type>
        </namedTypedValue>
        <preferredEditor>legacy</preferredEditor>
        <offlineEnabled>false</offlineEnabled>
    </rule>
    <roleMap public="true">
        <role inherit="false" allowForAll="true" name="readers">
            <users/>
            <groups/>
        </role>
        <role inherit="false" allowForAll="false" name="authors">
            <users/>
            <groups>
                <groupUuid>_e-0000dd15-133b-8000-9aee-01075c01075c_45</groupUuid>
            </groups>
        </role>
        <role inherit="false" allowForAll="false" name="administrators">
            <users/>
            <groups>
                <groupUuid>_e-0000dd15-133b-8000-9aee-01075c01075c_49</groupUuid>
            </groups>
        </role>
        <role inherit="false" allowForAll="false" name="denyReaders">
            <users/>
            <groups/>
        </role>
        <role inherit="false" allowForAll="false" name="denyAuthors">
            <users/>
            <groups/>
        </role>
        <role inherit="false" allowForAll="false" name="denyAdministrators">
            <users/>
            <groups/>
        </role>
    </roleMap>
    <history>
        <historyInfo versionUuid="_a-0000df82-45aa-8000-9ba2-011c48011c48_194638"/>
    </history>
</contentHaul>
