<?xml version="1.0" encoding="UTF-8" standalone="yes"?>
<contentHaul xmlns:a="http://www.appian.com/ae/types/2009">
    <versionUuid>_a-0000e05b-b197-8000-9ba2-011c48011c48_522295</versionUuid>
    <rule>
        <name>MHRA_applicationSummaryUnregisterManufacturer</name>
        <uuid>_a-0000ded1-797d-8000-9ba2-011c48011c48_82611</uuid>
        <description>Display summary details for unregister manufacturer application type</description>
        <parentUuid>_a-0000ddfd-93a8-8000-9ba2-011c48011c48_43759</parentUuid>
        <visibility>
            <advertise>false</advertise>
            <hierarchy>true</hierarchy>
            <indexable>true</indexable>
            <quota>false</quota>
            <searchable>true</searchable>
            <system>false</system>
            <unlogged>false</unlogged>
        </visibility>
        <definition>/*On 16-nov-2017 By Rajasekhar Pamidipati :
Removed local!application variable which is calling getApplications stored proc to get application details for improving the perfomance and replace all the dependancies of the to Record fields.
*/
load(
  local!organisationDetails: #"_a-0000df82-45aa-8000-9ba2-011c48011c48_221369"(
    organisationId: ri!organisationId
  ),
  local!isMemberOfStaff: #"_a-0000df82-45aa-8000-9ba2-011c48011c48_166517"(
    loggedInUser()
  ),
  local!organisationSummary: index(
    local!organisationDetails,
    "summary",
    {}
  ),
  local!orgRegAddress: index(
    local!organisationDetails,
    "address",
    {}
  ),
  local!organisationCommunication: index(
    local!organisationDetails,
    "orgContact",
    {}
  ),
  local!contactDetails: #"_a-0000dff4-f2e5-8000-9ba2-011c48011c48_292182"(
    organisationId: ri!organisationId,
    isMainContact: true,
    pagingInfo: #"SYSTEM_SYSRULES_pagingInfo"(
      1,
      1
    )
  ),
  local!organisationContact: #"_a-0000d711-4640-8000-9ba2-011c48011c48_10426"(index(
    local!contactDetails,
    "data",
    {}
  )),
  local!organisationRoles: index(
    local!organisationDetails,
    "roles",
    {}
  ),
  local!isAuthRep: contains(
    tointeger(
      index(
        local!organisationRoles,
        "organisationRoleId",
        null
      )
    ),
    #"_a-0000de55-aed4-8000-9ba2-011c48011c48_48335"
  ),
  local!documents: index(
    local!organisationDetails,
    "documents",
    {}
  ),
  local!parentOrganisaitonDetails: if(
    local!isAuthRep,
    {},
    #"_a-0000dff4-f2e5-8000-9ba2-011c48011c48_297978"(
      organisationId: ri!organisationId
    )
  ),
  local!appianDoc: index(
    local!documents,
    "AppianIdentifier",
    ""
  ),
  local!unregisterDetails: #"_a-0000dff4-f2e5-8000-9ba2-011c48011c48_297640"(
    applicationRefNumber: ri!appReferenceNumber
  ),
  local!cancellationLetter: index(
    local!unregisterDetails,
    "docLetter",
    null
  ),
  local!unregisterReason: index(
    local!unregisterDetails,
    "partyUnregisterReason",
    null
  ),
  local!applicationStatus: #"_a-0000dea9-da8d-8000-9ba2-011c48011c48_70856"(
    appReferenceNumber: ri!appReferenceNumber,
    manufacturerId: index(
      local!organisationSummary,
      "organisationId",
      {}
    )
  ),
  local!manufacturerStatus: index(
    local!applicationStatus,
    "manufacturerStatus",
    {}
  ),
  local!deviceStatuses: index(
    local!applicationStatus,
    "deviceStatuses",
    {}
  ),
  local!isApplicationCompleted: ri!applicationStatusCode = #"_a-0000ded1-797d-8000-9ba2-011c48011c48_76068",
  local!isAssignedToself: and(
    ri!applicationStatusCode = #"_a-0000ded1-797d-8000-9ba2-011c48011c48_74081",
    not(
      #"_a-0000d62a-67b3-8000-da6f-010000010000_950"(
        ri!assignedToUserName
      )
    ),
    touser(
      ri!assignedToUserName
    ) = loggedInUser()
  ),
  local!orgServices: index(
    local!organisationDetails,
    "services",
    {}
  ),
  local!isOrgRegistered: if(
    and(
      local!isApplicationCompleted,
      not(
        #"_a-0000d62a-67b3-8000-da6f-010000010000_950"(
          local!orgServices
        )
      )
    ),
    contains(
      index(
        local!orgServices,
        "statusId",
        {}
      ),
      #"_a-0000dd1f-556d-8000-9ba2-011c48011c48_14351"
    ),
    false
  ),
  local!rejectionReasons,
  local!rejectionOtherReason,
  local!comments,
  #"SYSTEM_SYSRULES_dashboardLayout_v1"(
    contents: {
      #"SYSTEM_SYSRULES_sectionLayout_v1"(
        contents: {
          if(
            local!isMemberOfStaff,
            #"_a-0000ded1-797d-8000-9ba2-011c48011c48_84274"(
              title: "Summary"
            ),
            {}
          ),
          #"SYSTEM_SYSRULES_richTextDisplayField"(
            labelPosition: "COLLAPSED",
            value: {
              if(
                #"_a-0000d62a-67b3-8000-da6f-010000010000_950"(
                  ri!applicationDate
                ),
                {},
                #"SYSTEM_SYSRULES_richTextItem"(
                  text: "Submitted on: " &amp; text(
                    ri!applicationDate,
                    "dd MMMM YYYY"
                  ) &amp; " | "
                )
              ),
              if(
                local!isApplicationCompleted,
                {
                  #"SYSTEM_SYSRULES_richTextItem"(
                    text: "Status: Completed"
                  )
                },
                if(
                  local!isMemberOfStaff,
                  {
                    #"SYSTEM_SYSRULES_richTextItem"(
                      text: "Priority: "
                    ),
                    #"SYSTEM_SYSRULES_richTextImage"(
                      image: choose(
                        #"_a-0000dea0-ffa8-8000-9ba2-011c48011c48_66386"(
                          applicationDate: ri!applicationDate,
                          applicationStatusCode: ri!applicationStatusCode,
                          lastUpdatedDate: ri!lastUpdatedDate,
                          applicationType: ri!applicationType
                        ),
                        #"SYSTEM_SYSRULES_documentImage"(
                          caption: "Low",
                          altText: "Green",
                          document: #"_a-0000ddcf-7ee8-8000-9ba2-011c48011c48_29752"
                        ),
                        #"SYSTEM_SYSRULES_documentImage"(
                          caption: "Normal",
                          altText: "Amber",
                          document: #"_a-0000ddcf-7ee8-8000-9ba2-011c48011c48_29750"
                        ),
                        #"SYSTEM_SYSRULES_documentImage"(
                          caption: "High",
                          altText: "Red",
                          document: #"_a-0000ddcf-7ee8-8000-9ba2-011c48011c48_29755"
                        )
                      )
                    )
                  },
                  {}
                )
              )
            }
          ),
          if(
            local!isAssignedToSelf,
            {
              #"SYSTEM_SYSRULES_richTextDisplayField"(
                labelPosition: "COLLAPSED",
                value: {
                  #"SYSTEM_SYSRULES_richTextItem"(
                    text: "You are assigned to this application."
                  )
                }
              ),
              if(
                #"_a-0000d62a-67b3-8000-da6f-010000010000_950"(
                  index(
                    local!manufacturerStatus,
                    "status",
                    {}
                  )
                ),
                {},
                {
                  #"SYSTEM_SYSRULES_richTextDisplayField"(
                    labelPosition: "COLLAPSED",
                    value: {
                      #"SYSTEM_SYSRULES_richTextImage"(
                        image: #"SYSTEM_SYSRULES_documentImage"(
                          document: #"SYSTEM_SYSRULES_iconIndicator"(
                            icon: if(
                              local!manufacturerStatus.status = #"_a-0000dea9-da8d-8000-9ba2-011c48011c48_70859",
                              "STATUS_OK",
                              "STATUS_NOTDONE"
                            )
                          )
                        )
                      ),
                      #"SYSTEM_SYSRULES_richTextItem"(
                        text: {
                          "Manufacturer ",
                          #"SYSTEM_SYSRULES_richTextItem"(
                            text: lower(
                              local!manufacturerStatus.status
                            ),
                            style: "STRONG"
                          ),
                          " on " &amp; if(
                            #"_a-0000d62a-67b3-8000-da6f-010000010000_950"(
                              local!manufacturerStatus.updatedDateTime
                            ),
                            {},
                            text(
                              #"_a-0000dea9-da8d-8000-9ba2-011c48011c48_68991"(
                                local!manufacturerStatus.updatedDateTime
                              ),
                              "dd MMMM yyyy hh:mm"
                            )
                          ) &amp; " by " &amp; #"_a-0000d62a-67b3-8000-da6f-010000010000_934"(
                            loggedInUser()
                          ) &amp; " "
                        }
                      )
                    },
                    align: "LEFT",
                    showWhen: local!isMemberOfStaff
                  )
                }
              )
            },
            {}
          ),
          if(
            and(
              local!isMemberOfStaff,
              local!isApplicationCompleted,
              not(
                #"_a-0000d62a-67b3-8000-da6f-010000010000_950"(
                  local!isOrgRegistered
                )
              ),
              ri!applicationType = #"_a-0000ded1-797d-8000-9ba2-011c48011c48_77194"[2],
              ri!applicationType = #"_a-0000ded1-797d-8000-9ba2-011c48011c48_77194"[3]
            ),
            {
              #"SYSTEM_SYSRULES_richTextDisplayField"(
                labelPosition: "COLLAPSED",
                value: {
                  #"SYSTEM_SYSRULES_richTextImage"(
                    image: #"SYSTEM_SYSRULES_documentImage"(
                      document: #"SYSTEM_SYSRULES_iconIndicator"(
                        icon: if(
                          local!manufacturerStatus.status = #"_a-0000dea9-da8d-8000-9ba2-011c48011c48_70859",
                          "STATUS_OK",
                          "STATUS_NOTDONE"
                        )
                      )
                    )
                  ),
                  #"SYSTEM_SYSRULES_richTextItem"(
                    text: {
                      "Manufacturer ",
                      #"SYSTEM_SYSRULES_richTextItem"(
                        text: lower(
                          local!manufacturerStatus.status
                        ),
                        style: "STRONG"
                      ),
                      " on " &amp; if(
                        #"_a-0000d62a-67b3-8000-da6f-010000010000_950"(
                          ri!lastUpdatedDate
                        ),
                        {},
                        text(
                          ri!lastUpdatedDate,
                          "dd MMMM yyyy hh:mm"
                        )
                      ) &amp; " by " &amp; #"_a-0000d690-12fb-8000-0f1a-010000010000_1352"(
                        ri!assignedToUserName
                      ) &amp; " "
                    }
                  )
                },
                align: "LEFT"
              )
            },
            {}
          )
        }
      ),
      #"SYSTEM_SYSRULES_sectionLayout_v1"(
        contents: {
          #"SYSTEM_SYSRULES_columnsLayout"(
            columns: {
              #"SYSTEM_SYSRULES_columnLayout"(
                contents: {
                  #"SYSTEM_SYSRULES_richTextDisplayField"(
                    labelPosition: "COLLAPSED",
                    value: #"SYSTEM_SYSRULES_richTextItem"(
                      text: "Manufacturer Information",
                      style: "HEADER_SMALL"
                    )
                  ),
                  #"SYSTEM_SYSRULES_richTextDisplayField"(
                    label: "Name",
                    labelPosition: "ADJACENT",
                    value: {
                      #"SYSTEM_SYSRULES_richTextItem"(
                        text: index(
                          local!organisationSummary,
                          "organisationName",
                          ""
                        ),
                        style: "NORMAL",
                        link: if(
                          local!isMemberOfStaff,
                          #"SYSTEM_SYSRULES_recordLink"(
                            label: "Link to Organisation Record",
                            recordType: #"_a-0000df25-d2bb-8000-9ba2-011c48011c48_91652",
                            identifier: index(
                              local!organisationSummary,
                              "organisationId",
                              ""
                            )
                          ),
                          null
                        ) 
                      )
                    }
                  ),
                  #"SYSTEM_SYSRULES_paragraphField"(
                    label: "Address",
                    labelPosition: "ADJACENT",
                    value: #"_a-0000dea9-da8d-8000-9ba2-011c48011c48_70469"(
                      address: index(
                        local!organisationDetails,
                        "address",
                        {}
                      )
                    ),
                    readOnly: true
                  ),
                  #"SYSTEM_SYSRULES_textField"(
                    label: "Telephone",
                    labelPosition: "ADJACENT",
                    value: index(
                      local!organisationCommunication,
                      "telephoneNumber",
                      ""
                    ),
                    readOnly: true
                  ),
                  if(
                    #"_a-0000d62a-67b3-8000-da6f-010000010000_951"(
                      index(
                        local!organisationCommunication,
                        "faxNumber",
                        ""
                      )
                    ),
                    {},
                    #"SYSTEM_SYSRULES_textField"(
                      label: "Fax",
                      labelPosition: "ADJACENT",
                      value: index(
                        local!organisationCommunication,
                        "faxNumber",
                        ""
                      ),
                      readOnly: true
                    )
                  ),
                  if(
                    #"_a-0000d62a-67b3-8000-da6f-010000010000_951"(
                      index(
                        local!organisationCommunication,
                        "website",
                        ""
                      )
                    ),
                    {},
                    #"SYSTEM_SYSRULES_richTextDisplayField"(
                      label: "Website",
                      labelPosition: "ADJACENT",
                      value: #"SYSTEM_SYSRULES_richTextItem"(
                        text: index(
                          local!organisationCommunication,
                          "website",
                          ""
                        ),
                        link: if(
                          local!isMemberOfStaff,
                          #"SYSTEM_SYSRULES_safeLink"(
                            lable: "Link to website",
                            uri: #"_a-0000e01b-7b42-8000-9ba2-011c48011c48_423879"(
                              website: index(
                                local!organisationCommunication,
                                "website",
                                ""
                              )
                            )
                          ),
                          null
                        )
                      )
                    )
                  )
                }
              ),
              #"SYSTEM_SYSRULES_columnLayout"(
                contents: {
                  #"SYSTEM_SYSRULES_richTextDisplayField"(
                    labelPosition: "COLLAPSED",
                    value: {
                      #"SYSTEM_SYSRULES_richTextItem"(
                        text: "Manufacturer Contact Details",
                        style: "HEADER_SMALL"
                      )
                    }
                  ),
                  #"SYSTEM_SYSRULES_textField"(
                    label: "Name",
                    labelPosition: "ADJACENT",
                    value: #"_a-0000dea9-da8d-8000-9ba2-011c48011c48_70459"(
                      titleDescription: index(
                        local!organisationContact,
                        "titleDescription",
                        ""
                      ),
                      firstName: index(
                        local!organisationContact,
                        "firstName",
                        ""
                      ),
                      surname: index(
                        local!organisationContact,
                        "surname",
                        ""
                      )
                    ),
                    readOnly: true
                  ),
                  #"SYSTEM_SYSRULES_richTextDisplayField"(
                    label: "Email",
                    labelPosition: "ADJACENT",
                    value: #"SYSTEM_SYSRULES_richTextItem"(
                      text: index(
                        local!organisationContact,
                        "email",
                        ""
                      ),
                      link: if(
                        and(
                          local!isMemberOfStaff,
                          not(#"_a-0000d62a-67b3-8000-da6f-010000010000_951"(index(
                            local!organisationContact,
                            "email",
                            ""
                          )))
                        ),
                        #"SYSTEM_SYSRULES_safeLink"(
                          lable: "Link to EMAIL",
                          uri: #"_a-0000e01b-7b42-8000-9ba2-011c48011c48_423867"(
                            emailAddress: index(
                              local!organisationContact,
                              "email",
                              ""
                            ),
                            bcc: #"_a-0000e01b-7b42-8000-9ba2-011c48011c48_425833",
                            subject: "subject for " &amp; ri!appReferenceNumber
                          )
                        ),
                        null
                      )
                    )
                  ),
                  if(
                    #"_a-0000d62a-67b3-8000-da6f-010000010000_951"(
                      index(
                        local!organisationContact,
                        "jobTitle",
                        ""
                      )
                    ),
                    {},
                    #"SYSTEM_SYSRULES_textField"(
                      label: "Job Title",
                      labelPosition: "ADJACENT",
                      value: index(
                        local!organisationContact,
                        "jobTitle",
                        ""
                      ),
                      readOnly: true
                    )
                  ),
                  #"SYSTEM_SYSRULES_textField"(
                    label: "Telephone",
                    labelPosition: "ADJACENT",
                    value: index(
                      local!organisationContact,
                      "telephoneNumber",
                      ""
                    ),
                    readOnly: true
                  )
                }
              )
            }
          )
        }
      ),
      if(
        #"_a-0000d62a-67b3-8000-da6f-010000010000_951"(
          local!parentOrganisaitonDetails
        ),
        {},
        #"SYSTEM_SYSRULES_sectionLayout_v1"(
          contents: {
            #"SYSTEM_SYSRULES_richTextDisplayField"(
              labelPosition: "COLLAPSED",
              value: #"SYSTEM_SYSRULES_richTextItem"(
                text: "Authorised Representative Information",
                style: "HEADER_SMALL"
              )
            ),
            #"SYSTEM_SYSRULES_richTextDisplayField"(
              label: "Name",
              labelPosition: "ADJACENT",
              value: {
                #"SYSTEM_SYSRULES_richTextItem"(
                  text: index(
                    index(local!parentOrganisaitonDetails,"summary",{}),
                    "organisationName",
                    "Parent organisation"
                  ),
                  style: "NORMAL",
                  link: if(
                    local!isMemberOfStaff,
                    #"SYSTEM_SYSRULES_recordLink"(
                      recordType: #"_a-0000df25-d2bb-8000-9ba2-011c48011c48_91652",
                      identifier: index(
                        index(local!parentOrganisaitonDetails,"summary",{}),
                        "organisationId",
                        {}
                      )
                    ),
                    null
                  ) 
                )
              }
            ),
            #"SYSTEM_SYSRULES_richTextDisplayField"(
              labelPosition: "COLLAPSED",
              value: #"SYSTEM_SYSRULES_richTextItem"(
                text: "Unregister Manufacturer Details",
                style: "HEADER_SMALL"
              )
            ),
            #"SYSTEM_SYSRULES_textField"(
              label: "Unregistration Reason",
              labelPosition: "ADJACENT",
              value: local!unregisterReason,
              readOnly: true()
            ),
            if(
              #"_a-0000d62a-67b3-8000-da6f-010000010000_951"(
                local!cancellationLetter
              ),
              {},
              #"SYSTEM_SYSRULES_linkField"(
                label: "Cancellation letter",
                labelPosition: "ADJACENT",
                links: {
                  #"SYSTEM_SYSRULES_documentDownloadLink"(
                    label: if(
                      or(
                        #"_a-0000d62a-67b3-8000-da6f-010000010000_950"(
                          local!cancellationLetter
                        ),
                        local!cancellationLetter = 0
                      ),
                      "N/A",
                      document(
                        local!cancellationLetter,
                        "name"
                      )
                    ),
                    document: local!cancellationLetter
                  )
                }
              )
            )
          }
        )
      )
    }
  )
)</definition>
        <namedTypedValue>
            <name>appReferenceNumber</name>
            <type>
                <name>string</name>
                <namespace>http://www.w3.org/2001/XMLSchema</namespace>
            </type>
            <value/>
        </namedTypedValue>
        <namedTypedValue>
            <name>organisationId</name>
            <type>
                <name>int</name>
                <namespace>http://www.w3.org/2001/XMLSchema</namespace>
            </type>
        </namedTypedValue>
        <namedTypedValue>
            <name>assignedToUserName</name>
            <type>
                <name>string</name>
                <namespace>http://www.w3.org/2001/XMLSchema</namespace>
            </type>
            <value/>
        </namedTypedValue>
        <namedTypedValue>
            <name>applicationType</name>
            <type>
                <name>string</name>
                <namespace>http://www.w3.org/2001/XMLSchema</namespace>
            </type>
            <value/>
        </namedTypedValue>
        <namedTypedValue>
            <name>applicationDate</name>
            <type>
                <name>dateTime</name>
                <namespace>http://www.w3.org/2001/XMLSchema</namespace>
            </type>
        </namedTypedValue>
        <namedTypedValue>
            <name>applicationStatusCode</name>
            <type>
                <name>string</name>
                <namespace>http://www.w3.org/2001/XMLSchema</namespace>
            </type>
            <value/>
        </namedTypedValue>
        <namedTypedValue>
            <name>lastUpdatedDate</name>
            <type>
                <name>dateTime</name>
                <namespace>http://www.w3.org/2001/XMLSchema</namespace>
            </type>
        </namedTypedValue>
        <metadataExpr></metadataExpr>
        <preferredEditor>interface</preferredEditor>
        <offlineEnabled>false</offlineEnabled>
    </rule>
    <roleMap public="true">
        <role inherit="false" allowForAll="false" name="readers">
            <users/>
            <groups>
                <groupUuid>_e-0000dd8d-014e-8000-9aee-01075c01075c_51</groupUuid>
                <groupUuid>_e-0000dd8d-014e-8000-9aee-01075c01075c_52</groupUuid>
            </groups>
        </role>
        <role inherit="false" allowForAll="false" name="authors">
            <users/>
            <groups>
                <groupUuid>_e-0000dd15-133b-8000-9aee-01075c01075c_45</groupUuid>
            </groups>
        </role>
        <role inherit="false" allowForAll="false" name="administrators">
            <users/>
            <groups>
                <groupUuid>_e-0000dd15-133b-8000-9aee-01075c01075c_49</groupUuid>
            </groups>
        </role>
        <role inherit="false" allowForAll="false" name="denyReaders">
            <users/>
            <groups/>
        </role>
        <role inherit="false" allowForAll="false" name="denyAuthors">
            <users/>
            <groups/>
        </role>
        <role inherit="false" allowForAll="false" name="denyAdministrators">
            <users/>
            <groups/>
        </role>
    </roleMap>
    <typedValue>
        <type>
            <name>RuleTestConfig?list</name>
            <namespace>http://www.appian.com/ae/types/2009</namespace>
        </type>
        <value>
            <el>
                <a:name/>
                <a:ruleInputTestConfigs>
                    <a:value xmlns:xsi="http://www.w3.org/2001/XMLSchema-instance" xsi:type="a:Expression">"201704240182"</a:value>
                    <a:nameRef>appReferenceNumber</a:nameRef>
                    <a:id/>
                </a:ruleInputTestConfigs>
                <a:ruleInputTestConfigs>
                    <a:value xmlns:xsd="http://www.w3.org/2001/XMLSchema" xmlns:xsi="http://www.w3.org/2001/XMLSchema-instance" xsi:nil="true" xsi:type="xsd:int"/>
                    <a:nameRef>organisationId</a:nameRef>
                    <a:id/>
                </a:ruleInputTestConfigs>
                <a:ruleInputTestConfigs>
                    <a:value xmlns:xsd="http://www.w3.org/2001/XMLSchema" xmlns:xsi="http://www.w3.org/2001/XMLSchema-instance" xsi:type="xsd:string"/>
                    <a:nameRef>assignedToUserName</a:nameRef>
                    <a:id/>
                </a:ruleInputTestConfigs>
                <a:ruleInputTestConfigs>
                    <a:value xmlns:xsd="http://www.w3.org/2001/XMLSchema" xmlns:xsi="http://www.w3.org/2001/XMLSchema-instance" xsi:type="xsd:string"/>
                    <a:nameRef>applicationType</a:nameRef>
                    <a:id/>
                </a:ruleInputTestConfigs>
                <a:ruleInputTestConfigs>
                    <a:value xmlns:xsd="http://www.w3.org/2001/XMLSchema" xmlns:xsi="http://www.w3.org/2001/XMLSchema-instance" xsi:nil="true" xsi:type="xsd:dateTime"/>
                    <a:nameRef>applicationDate</a:nameRef>
                    <a:id/>
                </a:ruleInputTestConfigs>
                <a:ruleInputTestConfigs>
                    <a:value xmlns:xsd="http://www.w3.org/2001/XMLSchema" xmlns:xsi="http://www.w3.org/2001/XMLSchema-instance" xsi:type="xsd:string"/>
                    <a:nameRef>applicationStatusCode</a:nameRef>
                    <a:id/>
                </a:ruleInputTestConfigs>
                <a:ruleInputTestConfigs>
                    <a:value xmlns:xsd="http://www.w3.org/2001/XMLSchema" xmlns:xsi="http://www.w3.org/2001/XMLSchema-instance" xsi:nil="true" xsi:type="xsd:dateTime"/>
                    <a:nameRef>lastUpdatedDate</a:nameRef>
                    <a:id/>
                </a:ruleInputTestConfigs>
                <a:assertions xmlns:xsi="http://www.w3.org/2001/XMLSchema-instance" xsi:nil="true"/>
            </el>
        </value>
    </typedValue>
    <history>
        <historyInfo versionUuid="_a-0000df82-45aa-8000-9ba2-011c48011c48_194539"/>
        <historyInfo versionUuid="_a-0000df82-45aa-8000-9ba2-011c48011c48_199671"/>
        <historyInfo versionUuid="_a-0000dff4-f2e5-8000-9ba2-011c48011c48_298312"/>
        <historyInfo versionUuid="_a-0000e05b-b197-8000-9ba2-011c48011c48_522295"/>
    </history>
</contentHaul>
