<?xml version="1.0" encoding="UTF-8" standalone="yes"?>
<contentHaul xmlns:a="http://www.appian.com/ae/types/2009">
    <versionUuid>_a-0000df82-45aa-8000-9ba2-011c48011c48_194486</versionUuid>
    <rule>
        <name>MHRA_prepareDeviceRegistrationStatus_json</name>
        <uuid>_a-0000ded1-797d-8000-9ba2-011c48011c48_76026</uuid>
        <description>Prepares the device approval/reject statuses in json structure for SP call</description>
        <parentUuid>_a-0000ddfd-93a8-8000-9ba2-011c48011c48_41421</parentUuid>
        <visibility>
            <advertise>false</advertise>
            <hierarchy>true</hierarchy>
            <indexable>true</indexable>
            <quota>false</quota>
            <searchable>true</searchable>
            <system>false</system>
            <unlogged>false</unlogged>
        </visibility>
        <definition>with(
  local!applicationStatus: #"_a-0000dea9-da8d-8000-9ba2-011c48011c48_70856"(
    appReferenceNumber: ri!applicationRefNumber,
    manufacturerId: ri!organisationId
  ),
  local!deviceStatuses: index(
    local!applicationStatus,
    "deviceStatuses",
    {}
  ),
  #"SYSTEM_SYSRULES_toJson"(
    {
      applications: {
        applicationRefNumber: ri!applicationRefNumber,
        applicationType: ri!applicationType,
        applicationStatus: ri!applicationStatus,
        assignedTo: ri!assignedTo,
        cfsDeviceDeclaration: {
          deviceDeclarations: {
            apply(
              #"_a-0000ded1-797d-8000-9ba2-011c48011c48_76027"(
                deviceStatus: _
              ),
              if(
                #"_a-0000d62a-67b3-8000-da6f-010000010000_951"(
                  local!deviceStatuses
                ),
                {},
                local!deviceStatuses
              )
            )
          }
        }
      }
    }
  )
)</definition>
        <namedTypedValue>
            <name>applicationRefNumber</name>
            <type>
                <name>string</name>
                <namespace>http://www.w3.org/2001/XMLSchema</namespace>
            </type>
            <value/>
        </namedTypedValue>
        <namedTypedValue>
            <name>applicationType</name>
            <type>
                <name>string</name>
                <namespace>http://www.w3.org/2001/XMLSchema</namespace>
            </type>
            <value/>
        </namedTypedValue>
        <namedTypedValue>
            <name>applicationStatus</name>
            <type>
                <name>string</name>
                <namespace>http://www.w3.org/2001/XMLSchema</namespace>
            </type>
            <value/>
        </namedTypedValue>
        <namedTypedValue>
            <name>assignedTo</name>
            <type>
                <name>string</name>
                <namespace>http://www.w3.org/2001/XMLSchema</namespace>
            </type>
            <value/>
        </namedTypedValue>
        <namedTypedValue>
            <name>organisationId</name>
            <type>
                <name>int</name>
                <namespace>http://www.w3.org/2001/XMLSchema</namespace>
            </type>
        </namedTypedValue>
        <preferredEditor>legacy</preferredEditor>
        <offlineEnabled>false</offlineEnabled>
    </rule>
    <roleMap public="true">
        <role inherit="false" allowForAll="true" name="readers">
            <users/>
            <groups/>
        </role>
        <role inherit="false" allowForAll="false" name="authors">
            <users/>
            <groups>
                <groupUuid>_e-0000dd15-133b-8000-9aee-01075c01075c_45</groupUuid>
            </groups>
        </role>
        <role inherit="false" allowForAll="false" name="administrators">
            <users/>
            <groups>
                <groupUuid>_e-0000dd15-133b-8000-9aee-01075c01075c_49</groupUuid>
            </groups>
        </role>
        <role inherit="false" allowForAll="false" name="denyReaders">
            <users/>
            <groups/>
        </role>
        <role inherit="false" allowForAll="false" name="denyAuthors">
            <users/>
            <groups/>
        </role>
        <role inherit="false" allowForAll="false" name="denyAdministrators">
            <users/>
            <groups/>
        </role>
    </roleMap>
    <history>
        <historyInfo versionUuid="_a-0000df82-45aa-8000-9ba2-011c48011c48_194486"/>
    </history>
</contentHaul>
