<?xml version="1.0" encoding="UTF-8" standalone="yes"?>
<contentHaul xmlns:a="http://www.appian.com/ae/types/2009">
    <versionUuid>_a-0000df82-45aa-8000-9ba2-011c48011c48_194513</versionUuid>
    <rule>
        <name>MHRA_returnFormattedContactDetailsForNewsFeed</name>
        <uuid>_a-0000df4c-746c-8000-9ba2-011c48011c48_95123</uuid>
        <description>Rule to return formated Data for news feed</description>
        <parentUuid>_a-0000ddfd-93a8-8000-9ba2-011c48011c48_43757</parentUuid>
        <visibility>
            <advertise>false</advertise>
            <hierarchy>true</hierarchy>
            <indexable>true</indexable>
            <quota>false</quota>
            <searchable>true</searchable>
            <system>false</system>
            <unlogged>false</unlogged>
        </visibility>
        <definition>with(
  local!dataArray: if(
  ri!returnChanges,
  {
    if(
      ri!returnNew,
      {
        if(
          trim(ri!newContactDetails.titleDescription) = trim(ri!oldContactDetails.titleDescription),
          null,
          "Title: "&amp; ri!newContactDetails.titleDescription 
        ),
        if(
          trim(ri!newContactDetails.firstName) = trim(ri!oldContactDetails.firstName),
          null,
          "First name: " &amp; ri!newContactDetails.firstName 
        ) ,
        if(
          trim(ri!newContactDetails.surname) = trim(ri!oldContactDetails.surname),
          null,
          "Last name: " &amp; ri!newContactDetails.surname 
        ) ,
        if(
          trim(ri!newContactDetails.jobTitle) = trim(ri!oldContactDetails.jobTitle),
          null,
          if(
             #"_a-0000d62a-67b3-8000-da6f-010000010000_950"(ri!newContactDetails.jobTitle),
             null,
             "Job title: "  &amp; ri!newContactDetails.jobTitle 
           )
        ) ,
        if(
          trim(ri!newContactDetails.telephoneNumber) = trim(ri!oldContactDetails.telephoneNumber),
          null,
          "Telephone: " &amp; ri!newContactDetails.telephoneNumber 
        ) ,
        if(
          trim(ri!newContactDetails.email) = trim(ri!oldContactDetails.email),
          null,
          "Email: " &amp; ri!newContactDetails.email 
        ) , 
        if(
          trim(ri!newContactDetails.isMainContact) = trim(ri!oldContactDetails.isMainContact),
          null,
          "Main point of contact: " &amp; if(ri!newContactDetails.isMainContact, "Yes", "No") 
        ) ,
        if(
          trim(ri!newContactDetails.isUser) = trim(ri!oldContactDetails.isUser),
          null,
          "Is user: " &amp; if(ri!newContactDetails.isUser, "Yes", "No")
        )         
      },
      if(
        ri!returnOld,
        {
        if(
          trim(ri!newContactDetails.titleDescription) = trim(ri!oldContactDetails.titleDescription),
          null,
          "Title: "&amp; ri!oldContactDetails.titleDescription 
        ) ,
        if(
          trim(ri!newContactDetails.firstName) = trim(ri!oldContactDetails.firstName),
          null,
          "First name: " &amp; ri!oldContactDetails.firstName 
        ) ,
        if(
          trim(ri!newContactDetails.surname) = trim(ri!oldContactDetails.surname),
          null,
          "Last name: " &amp; ri!oldContactDetails.surname
        ) ,
        if(
          trim(ri!newContactDetails.jobTitle) = trim(ri!oldContactDetails.jobTitle),
          null,
          if(
             #"_a-0000d62a-67b3-8000-da6f-010000010000_950"(ri!newContactDetails.jobTitle),
             null,
             "Job title: "  &amp; ri!oldContactDetails.jobTitle
           )
        ) ,
        if(
          trim(ri!newContactDetails.telephoneNumber) = trim(ri!oldContactDetails.telephoneNumber),
          null,
          "Telephone: " &amp; ri!oldContactDetails.telephoneNumber 
        ) ,
        if(
          trim(ri!newContactDetails.email) = trim(ri!oldContactDetails.email),
          null,
          "Email: " &amp; ri!oldContactDetails.email 
        ) , 
        if(
          trim(ri!newContactDetails.isMainContact) = trim(ri!oldContactDetails.isMainContact),
          null,
          "Main point of contact: " &amp; if(ri!oldContactDetails.isMainContact, "Yes", "No") 
        ) ,
        if(
          trim(ri!newContactDetails.isUser) = trim(ri!oldContactDetails.isUser),
          null,
          "Is user: " &amp; if(ri!oldContactDetails.isUser, "Yes", "No")
        )         
      },
        null
      )
    )
  },
  if(
    ri!returnNew,
    {
       "Title: "&amp; ri!newContactDetails.titleDescription ,
       "First name: " &amp; ri!newContactDetails.firstName ,
       "Last name: " &amp; ri!newContactDetails.surname ,
       if(
         #"_a-0000d62a-67b3-8000-da6f-010000010000_950"(ri!newContactDetails.jobTitle),
         null,
         "Job title: "  &amp; ri!newContactDetails.jobTitle
       ) ,
       "Telephone: " &amp; ri!newContactDetails.telephoneNumber ,
       "Email: " &amp; ri!newContactDetails.email ,
       "Main point of contact: " &amp; if(ri!newContactDetails.isMainContact, "Yes", "No") ,
       "Is user: " &amp; if(ri!newContactDetails.isUser, "Yes", "No")
    },
    if(
      ri!returnOld,
      {
       "Title: "&amp; ri!oldContactDetails.titleDescription ,
       "First name: " &amp; ri!oldContactDetails.firstName ,
       "Last name: " &amp; ri!oldContactDetails.surname ,
       if(
         #"_a-0000d62a-67b3-8000-da6f-010000010000_950"(ri!newContactDetails.jobTitle),
         null,
         "Job title: "  &amp; ri!oldContactDetails.jobTitle
       ) ,
       "Telephone: " &amp; ri!oldContactDetails.telephoneNumber ,
       "Email: " &amp; ri!oldContactDetails.email ,
       "Main point of contact: " &amp; if(ri!oldContactDetails.isMainContact, "Yes", "No") ,
       "Is user: " &amp; if(ri!oldContactDetails.isUser, "Yes", "No")
    },{}
    )
  )  
),
  joinarray(local!dataArray,", ")
)</definition>
        <namedTypedValue>
            <name>oldContactDetails</name>
            <type>
                <name>MHRA_SP_ContactDetailsGet</name>
                <namespace>urn:com:appian:types:mhra:common</namespace>
            </type>
        </namedTypedValue>
        <namedTypedValue>
            <name>newContactDetails</name>
            <type>
                <name>MHRA_SP_ContactDetailsGet</name>
                <namespace>urn:com:appian:types:mhra:common</namespace>
            </type>
        </namedTypedValue>
        <namedTypedValue>
            <name>returnChanges</name>
            <type>
                <name>boolean</name>
                <namespace>http://www.w3.org/2001/XMLSchema</namespace>
            </type>
        </namedTypedValue>
        <namedTypedValue>
            <name>returnOld</name>
            <type>
                <name>boolean</name>
                <namespace>http://www.w3.org/2001/XMLSchema</namespace>
            </type>
        </namedTypedValue>
        <namedTypedValue>
            <name>returnNew</name>
            <type>
                <name>boolean</name>
                <namespace>http://www.w3.org/2001/XMLSchema</namespace>
            </type>
        </namedTypedValue>
        <preferredEditor>legacy</preferredEditor>
        <offlineEnabled>false</offlineEnabled>
    </rule>
    <roleMap public="true">
        <role inherit="true" allowForAll="false" name="readers">
            <users/>
            <groups/>
        </role>
        <role inherit="true" allowForAll="false" name="authors">
            <users/>
            <groups/>
        </role>
        <role inherit="true" allowForAll="false" name="administrators">
            <users/>
            <groups/>
        </role>
        <role inherit="false" allowForAll="false" name="denyReaders">
            <users/>
            <groups/>
        </role>
        <role inherit="false" allowForAll="false" name="denyAuthors">
            <users/>
            <groups/>
        </role>
        <role inherit="false" allowForAll="false" name="denyAdministrators">
            <users/>
            <groups/>
        </role>
    </roleMap>
    <history>
        <historyInfo versionUuid="_a-0000df82-45aa-8000-9ba2-011c48011c48_194513"/>
    </history>
</contentHaul>
