<?xml version="1.0" encoding="UTF-8" standalone="yes"?>
<contentHaul xmlns:a="http://www.appian.com/ae/types/2009">
    <versionUuid>_a-0000df82-45aa-8000-9ba2-011c48011c48_194314</versionUuid>
    <rule>
        <name>MHRA_getDraftApplicationDataFromReport</name>
        <uuid>_a-0000dea9-da8d-8000-9ba2-011c48011c48_70856</uuid>
        <description>this returns application draft data as appian datatype</description>
        <parentUuid>_a-0000ddfd-93a8-8000-9ba2-011c48011c48_43757</parentUuid>
        <visibility>
            <advertise>false</advertise>
            <hierarchy>true</hierarchy>
            <indexable>true</indexable>
            <quota>false</quota>
            <searchable>true</searchable>
            <system>false</system>
            <unlogged>false</unlogged>
        </visibility>
        <definition>with(
  local!applicationStatus: #"_a-0000dea9-da8d-8000-9ba2-011c48011c48_70816"(
    appRefNumber: ri!appReferenceNumber,
    /*user: loggedInUser(),*/
    pagingInfo: #"SYSTEM_SYSRULES_pagingInfo"(
      1,
      1,
      #"SYSTEM_SYSRULES_sortInfo"(
        field: "c2",
        ascending: false
      )
    )
  ),
  local!manufacturerStatus: if(
    #"_a-0000d62a-67b3-8000-da6f-010000010000_950"(
      index(
        local!applicationStatus,
        "c7",
        {}
      )
    ),
    'type!{urn:com:appian:types:mhra:common}MHRA_manufacturerApproval_post'(
      orgId: ri!manufacturerId,
      status: ""
    ),
    #"SYSTEM_SYSRULES_fromJson"(
      index(
        local!applicationStatus,
        "c7",
        {}
      )
    )
  ),
  local!deviceStatuses:
  if(
    #"_a-0000d62a-67b3-8000-da6f-010000010000_950"(
      index(
        local!applicationStatus,
        "c8",
        {}
      )
    ),
    apply(
      'type!{urn:com:appian:types:mhra:common}MHRA_deviceApproval_post'(
        deviceId: _,
        status: ""
      ),
      ri!deviceIds
    ),
    #"SYSTEM_SYSRULES_fromJson"(
      index(
        local!applicationStatus,
        "c8",
        {}
      )
    )
  ),
  local!repOrganisationDocumentStatuses:
  if(
    #"_a-0000d62a-67b3-8000-da6f-010000010000_950"(
      index(
        local!applicationStatus,
        "c10",
        {}
      )
    ),
    apply(
      'type!{urn:com:appian:types:mhra:common}MHRA_repOrganisationDocumentApproval_post'(
        organisationId: _,
        documentStatus: ""
      ),
      ri!repOrganisationId_int
    ),
    #"SYSTEM_SYSRULES_fromJson"(
      index(
        local!applicationStatus,
        "c10",
        {}
      )
    )
  ),
  {
    manufacturerStatus: local!manufacturerStatus,
    deviceStatuses: local!deviceStatuses,
    repOrganisationDocumentStatuses:local!repOrganisationDocumentStatuses
  }
)</definition>
        <namedTypedValue>
            <name>appReferenceNumber</name>
            <type>
                <name>string</name>
                <namespace>http://www.w3.org/2001/XMLSchema</namespace>
            </type>
            <value/>
        </namedTypedValue>
        <namedTypedValue>
            <name>manufacturerId</name>
            <type>
                <name>int</name>
                <namespace>http://www.w3.org/2001/XMLSchema</namespace>
            </type>
        </namedTypedValue>
        <namedTypedValue>
            <name>deviceIds</name>
            <type>
                <name>Integer?list</name>
                <namespace>http://www.appian.com/ae/types/2009</namespace>
            </type>
        </namedTypedValue>
        <namedTypedValue>
            <name>repOrganisationId_int</name>
            <type>
                <name>Integer?list</name>
                <namespace>http://www.appian.com/ae/types/2009</namespace>
            </type>
        </namedTypedValue>
        <preferredEditor>legacy</preferredEditor>
        <offlineEnabled>false</offlineEnabled>
    </rule>
    <roleMap public="true">
        <role inherit="false" allowForAll="true" name="readers">
            <users/>
            <groups/>
        </role>
        <role inherit="false" allowForAll="false" name="authors">
            <users/>
            <groups>
                <groupUuid>_e-0000dd15-133b-8000-9aee-01075c01075c_45</groupUuid>
            </groups>
        </role>
        <role inherit="false" allowForAll="false" name="administrators">
            <users/>
            <groups>
                <groupUuid>_e-0000dd15-133b-8000-9aee-01075c01075c_49</groupUuid>
            </groups>
        </role>
        <role inherit="false" allowForAll="false" name="denyReaders">
            <users/>
            <groups/>
        </role>
        <role inherit="false" allowForAll="false" name="denyAuthors">
            <users/>
            <groups/>
        </role>
        <role inherit="false" allowForAll="false" name="denyAdministrators">
            <users/>
            <groups/>
        </role>
    </roleMap>
    <history>
        <historyInfo versionUuid="_a-0000df82-45aa-8000-9ba2-011c48011c48_194314"/>
    </history>
</contentHaul>
