<?xml version="1.0" encoding="UTF-8" standalone="yes"?>
<contentHaul xmlns:a="http://www.appian.com/ae/types/2009">
    <versionUuid>_a-0000dfbf-3108-8000-9ba2-011c48011c48_271684</versionUuid>
    <rule>
        <name>DVC_returnTrueIfNoIssuesInBulkUploadTemplate</name>
        <uuid>_a-0000dfbf-3108-8000-9ba2-011c48011c48_271620</uuid>
        <description>Returns true if there are no issues in bulk upload product template</description>
        <parentUuid>_a-0000dd13-c2d6-8000-9ba2-011c48011c48_8919</parentUuid>
        <visibility>
            <advertise>false</advertise>
            <hierarchy>true</hierarchy>
            <indexable>true</indexable>
            <quota>false</quota>
            <searchable>true</searchable>
            <system>false</system>
            <unlogged>false</unlogged>
        </visibility>
        <definition>with(
  local!deviceType: if(
    #"_a-0000d62a-67b3-8000-da6f-010000010000_950"(
      ri!deviceDetails.deviceTypeId
    ),
    null(),
    if(
      ri!deviceDetails.deviceTypeId = 1,
      if(
        ri!deviceDetails.isCustomMade = 1,
        #"_a-0000df82-45aa-8000-9ba2-011c48011c48_184787"[2],
        #"_a-0000df82-45aa-8000-9ba2-011c48011c48_184787"[1]
      ),
      if(
        ri!deviceDetails.deviceTypeId = 2,
        if(
          or(
            #"_a-0000d62a-67b3-8000-da6f-010000010000_950"(
              ri!deviceDetails.riskClassificationId
            ),
            ri!deviceDetails.riskClassificationId = 9
          ),
          "Other",
          choose(
            wherecontains(
              ri!deviceDetails.riskClassificationId,
              {
                5,
                6,
                7,
                8
              }
            ),
            #"_a-0000df82-45aa-8000-9ba2-011c48011c48_184787"[5],
            #"_a-0000df82-45aa-8000-9ba2-011c48011c48_184787"[6],
            #"_a-0000df82-45aa-8000-9ba2-011c48011c48_184787"[4],
            #"_a-0000df82-45aa-8000-9ba2-011c48011c48_184787"[3]
          )
        ),
        null()
      )
    )
  ),
  local!bulkUploadTemplate: if(
    #"_a-0000d62a-67b3-8000-da6f-010000010000_950"(
      ri!deviceDetails.deviceTypeId
    ),
    null(),
    if(
      ri!deviceDetails.deviceTypeId = 1,
      if(
        ri!deviceDetails.isCustomMade = 1,
        #"_a-0000df82-45aa-8000-9ba2-011c48011c48_184781",
        #"_a-0000df82-45aa-8000-9ba2-011c48011c48_183226"
      ),
      if(
        ri!deviceDetails.deviceTypeId = 2,
        if(
          or(
            #"_a-0000d62a-67b3-8000-da6f-010000010000_950"(
              ri!deviceDetails.riskClassificationId
            ),
            ri!deviceDetails.riskClassificationId = 9
          ),
          null(),
          choose(
            wherecontains(
              ri!deviceDetails.riskClassificationId,
              {
                5,
                6,
                7,
                8
              }
            ),
            #"_a-0000df82-45aa-8000-9ba2-011c48011c48_185141"[3],
            #"_a-0000df82-45aa-8000-9ba2-011c48011c48_185141"[4],
            #"_a-0000df82-45aa-8000-9ba2-011c48011c48_185141"[2],
            #"_a-0000df82-45aa-8000-9ba2-011c48011c48_185141"[1]
          )
        ),
        null()
      )
    )
  ),
  local!isIncorrectDeviceData: /* Validation conditions based on device type */
  #"_a-0000df82-45aa-8000-9ba2-011c48011c48_186775"(
    deviceType_txt: local!deviceType,
    productCsv: ri!productCsv,
    bulkUploadProductDetails: ri!bulkUploadDeviceDetails.products
  ),
  local!isIncorrectTemplate: /* File validation conditions based on device type */
  not(
    #"_a-0000df82-45aa-8000-9ba2-011c48011c48_186853"(
      deviceType_txt: local!deviceType,
      productCsv: ri!productCsv,
      bulkUploadProductDetails: ri!bulkUploadDeviceDetails.products
    )
  ),
  not(
    or(
      local!isIncorrectDeviceData,
      local!isIncorrectTemplate
    )
  )
)</definition>
        <namedTypedValue>
            <name>deviceDetails</name>
            <type>
                <name>MHRA_SP_deviceDetails</name>
                <namespace>urn:com:appian:types:mhra:common</namespace>
            </type>
        </namedTypedValue>
        <namedTypedValue>
            <name>productCsv</name>
            <type>
                <name>CollaborationDocument</name>
                <namespace>http://www.appian.com/ae/types/2009</namespace>
            </type>
        </namedTypedValue>
        <namedTypedValue>
            <name>bulkUploadDeviceDetails</name>
            <type>
                <name>MHRA_SP_deviceDetails</name>
                <namespace>urn:com:appian:types:mhra:common</namespace>
            </type>
        </namedTypedValue>
        <preferredEditor>legacy</preferredEditor>
        <offlineEnabled>false</offlineEnabled>
    </rule>
    <roleMap public="true">
        <role inherit="true" allowForAll="false" name="readers">
            <users/>
            <groups/>
        </role>
        <role inherit="true" allowForAll="false" name="authors">
            <users/>
            <groups/>
        </role>
        <role inherit="true" allowForAll="false" name="administrators">
            <users/>
            <groups/>
        </role>
        <role inherit="false" allowForAll="false" name="denyReaders">
            <users/>
            <groups/>
        </role>
        <role inherit="false" allowForAll="false" name="denyAuthors">
            <users/>
            <groups/>
        </role>
        <role inherit="false" allowForAll="false" name="denyAdministrators">
            <users/>
            <groups/>
        </role>
    </roleMap>
    <history>
        <historyInfo versionUuid="_a-0000dfbf-3108-8000-9ba2-011c48011c48_271684"/>
    </history>
</contentHaul>
