<?xml version="1.0" encoding="UTF-8" standalone="yes"?>
<contentHaul xmlns:a="http://www.appian.com/ae/types/2009">
    <versionUuid>_a-0000df82-45aa-8000-9ba2-011c48011c48_194724</versionUuid>
    <rule>
        <name>ARM_retrieveFileSize</name>
        <uuid>_a-0000dd98-e593-8000-9ba2-011c48011c48_26102</uuid>
        <description>Retrieve file size.</description>
        <parentUuid>_a-0000ddfd-93a8-8000-9ba2-011c48011c48_43757</parentUuid>
        <visibility>
            <advertise>false</advertise>
            <hierarchy>true</hierarchy>
            <indexable>true</indexable>
            <quota>false</quota>
            <searchable>true</searchable>
            <system>false</system>
            <unlogged>false</unlogged>
        </visibility>
        <definition>if(
  #"_a-0000d62a-67b3-8000-da6f-010000010000_950"(
    ri!fileSize
  ),
  0.00,
  if(
    split(
      ri!fileSize,
      " "
    ).[length(
      split(
        ri!fileSize, " "
      )
    )] = "MB",
    split(
      ri!fileSize,
      " "
    ).[length(
      split(
        ri!fileSize, " "
      )
    ) - 1] * 1000,
    split(
      ri!fileSize,
      " "
    ).[length(
      split(
        ri!fileSize, " "
      )
    ) - 1]
  )
)</definition>
        <namedTypedValue>
            <name>fileSize</name>
            <type>
                <name>string</name>
                <namespace>http://www.w3.org/2001/XMLSchema</namespace>
            </type>
            <value/>
        </namedTypedValue>
        <preferredEditor>legacy</preferredEditor>
        <offlineEnabled>false</offlineEnabled>
    </rule>
    <roleMap public="true">
        <role inherit="false" allowForAll="true" name="readers">
            <users/>
            <groups>
                <groupUuid>_e-0000dd8d-014e-8000-9aee-01075c01075c_51</groupUuid>
                <groupUuid>_e-0000dd8d-014e-8000-9aee-01075c01075c_52</groupUuid>
            </groups>
        </role>
        <role inherit="false" allowForAll="false" name="authors">
            <users/>
            <groups>
                <groupUuid>_e-0000dd15-133b-8000-9aee-01075c01075c_45</groupUuid>
            </groups>
        </role>
        <role inherit="false" allowForAll="false" name="administrators">
            <users/>
            <groups>
                <groupUuid>_e-0000dd15-133b-8000-9aee-01075c01075c_49</groupUuid>
            </groups>
        </role>
        <role inherit="false" allowForAll="false" name="denyReaders">
            <users/>
            <groups/>
        </role>
        <role inherit="false" allowForAll="false" name="denyAuthors">
            <users/>
            <groups/>
        </role>
        <role inherit="false" allowForAll="false" name="denyAdministrators">
            <users/>
            <groups/>
        </role>
    </roleMap>
    <typedValue>
        <type>
            <name>RuleTestConfig?list</name>
            <namespace>http://www.appian.com/ae/types/2009</namespace>
        </type>
        <value>
            <el>
                <a:name>1</a:name>
                <a:ruleInputTestConfigs>
                    <a:value xmlns:xsi="http://www.w3.org/2001/XMLSchema-instance" xsi:type="a:Expression">"&lt; 1 KB"</a:value>
                    <a:nameRef>fileSize</a:nameRef>
                    <a:id>1</a:id>
                </a:ruleInputTestConfigs>
                <a:assertions xmlns:xsi="http://www.w3.org/2001/XMLSchema-instance" xsi:nil="true"/>
            </el>
            <el>
                <a:name>Copy of 1</a:name>
                <a:ruleInputTestConfigs>
                    <a:value xmlns:xsi="http://www.w3.org/2001/XMLSchema-instance" xsi:type="a:Expression">"130.9 KB"</a:value>
                    <a:nameRef>fileSize</a:nameRef>
                    <a:id>1</a:id>
                </a:ruleInputTestConfigs>
                <a:assertions xmlns:xsi="http://www.w3.org/2001/XMLSchema-instance" xsi:nil="true"/>
            </el>
            <el>
                <a:name>Copy of 1</a:name>
                <a:ruleInputTestConfigs>
                    <a:value xmlns:xsi="http://www.w3.org/2001/XMLSchema-instance" xsi:type="a:Expression">"1.1 MB"</a:value>
                    <a:nameRef>fileSize</a:nameRef>
                    <a:id>1</a:id>
                </a:ruleInputTestConfigs>
                <a:assertions xmlns:xsi="http://www.w3.org/2001/XMLSchema-instance" xsi:nil="true"/>
            </el>
            <el>
                <a:name>Copy of 1</a:name>
                <a:ruleInputTestConfigs>
                    <a:value xmlns:xsd="http://www.w3.org/2001/XMLSchema" xmlns:xsi="http://www.w3.org/2001/XMLSchema-instance" xsi:type="xsd:string"/>
                    <a:nameRef>fileSize</a:nameRef>
                    <a:id>1</a:id>
                </a:ruleInputTestConfigs>
                <a:assertions xmlns:xsi="http://www.w3.org/2001/XMLSchema-instance" xsi:nil="true"/>
            </el>
        </value>
    </typedValue>
    <history>
        <historyInfo versionUuid="_a-0000df82-45aa-8000-9ba2-011c48011c48_194724"/>
    </history>
</contentHaul>
