<?xml version="1.0" encoding="UTF-8" standalone="yes"?>
<contentHaul xmlns:a="http://www.appian.com/ae/types/2009">
    <versionUuid>_a-0000df82-45aa-8000-9ba2-011c48011c48_194351</versionUuid>
    <rule>
        <name>MHRA_SP_getAssociationTypeWithParentByOrgId</name>
        <uuid>_a-0000df25-d2bb-8000-9ba2-011c48011c48_88720</uuid>
        <description>SP to get the association type between the parent and child by child organisation id.
sp returns parent orgId, name and assocition type</description>
        <parentUuid>_a-0000ddfd-93a8-8000-9ba2-011c48011c48_43757</parentUuid>
        <visibility>
            <advertise>false</advertise>
            <hierarchy>true</hierarchy>
            <indexable>true</indexable>
            <quota>false</quota>
            <searchable>true</searchable>
            <system>false</system>
            <unlogged>false</unlogged>
        </visibility>
        <definition>with(
  local!docuemntDetails: fn!executestoredprocedure(
    dataSourceName: #"_a-0000ddfd-93a8-8000-9ba2-011c48011c48_44005",
    procedureName: #"_a-0000df25-d2bb-8000-9ba2-011c48011c48_88721",
    inputs: {
      if(
        #"_a-0000d62a-67b3-8000-da6f-010000010000_950"(
          ri!organisationId 
        ),
        {},
        {
          name: "organisationId",
          value: ri!organisationId
        }
      )
    }
  ),
  local!result: if(
    local!docuemntDetails.success,
    cast(
      typeof(
        {{
          "id": 1
        }}
      ),
      local!docuemntDetails.result
    ),
    {}
  ),
  if(
    #"_a-0000d62a-67b3-8000-da6f-010000010000_951"(local!result),
    local!result,
    local!result[1]
  )
)</definition>
        <namedTypedValue>
            <name>organisationId</name>
            <type>
                <name>int</name>
                <namespace>http://www.w3.org/2001/XMLSchema</namespace>
            </type>
        </namedTypedValue>
        <preferredEditor>legacy</preferredEditor>
        <offlineEnabled>false</offlineEnabled>
    </rule>
    <roleMap public="true">
        <role inherit="false" allowForAll="true" name="readers">
            <users/>
            <groups/>
        </role>
        <role inherit="false" allowForAll="true" name="authors">
            <users/>
            <groups>
                <groupUuid>_e-0000dd15-133b-8000-9aee-01075c01075c_45</groupUuid>
            </groups>
        </role>
        <role inherit="false" allowForAll="false" name="administrators">
            <users>
                <userUuid>Administrator</userUuid>
            </users>
            <groups>
                <groupUuid>_e-0000dd15-133b-8000-9aee-01075c01075c_49</groupUuid>
            </groups>
        </role>
        <role inherit="false" allowForAll="false" name="denyReaders">
            <users/>
            <groups/>
        </role>
        <role inherit="false" allowForAll="false" name="denyAuthors">
            <users/>
            <groups/>
        </role>
        <role inherit="false" allowForAll="false" name="denyAdministrators">
            <users/>
            <groups/>
        </role>
    </roleMap>
    <history>
        <historyInfo versionUuid="_a-0000df82-45aa-8000-9ba2-011c48011c48_194351"/>
    </history>
</contentHaul>
