<?xml version="1.0" encoding="UTF-8" standalone="yes"?>
<contentHaul xmlns:a="http://www.appian.com/ae/types/2009">
    <versionUuid>_a-0000e05b-b197-8000-9ba2-011c48011c48_520359</versionUuid>
    <rule>
        <name>MHRA_RejectApplicationDueToNonPayment</name>
        <uuid>_a-0000df25-d2bb-8000-9ba2-011c48011c48_90364</uuid>
        <description>Form to display confirmation for payment not received action</description>
        <parentUuid>_a-0000ddfd-93a8-8000-9ba2-011c48011c48_43759</parentUuid>
        <visibility>
            <advertise>false</advertise>
            <hierarchy>true</hierarchy>
            <indexable>true</indexable>
            <quota>false</quota>
            <searchable>true</searchable>
            <system>false</system>
            <unlogged>false</unlogged>
        </visibility>
        <definition>#"SYSTEM_SYSRULES_formLayout_v1"(
  label: "Reject application due to payment not received",
  contents: {
    #"SYSTEM_SYSRULES_sectionLayout_v1"(
      label: "Payment details",
      contents: {
        #"SYSTEM_SYSRULES_richTextDisplayField"(
          value: {
            #"SYSTEM_SYSRULES_richTextItem"(
              text: "Status  ",
              style: "STRONG"
            ),
            if(
              ri!paymentDetails.paymentStatusCode = "AUTHORISED",
              {
                #"SYSTEM_SYSRULES_richTextImage"(
                  image: #"SYSTEM_SYSRULES_documentImage"(
                    document: #"SYSTEM_SYSRULES_iconIndicator"(
                      icon: "STATUS_OK"
                    )
                  )
                ),
                #"SYSTEM_SYSRULES_richTextItem"(
                  text: " Paid"
                )
              },
              {
                #"SYSTEM_SYSRULES_richTextImage"(
                  image: #"SYSTEM_SYSRULES_documentImage"(
                    document: #"SYSTEM_SYSRULES_iconIndicator"(
                      icon: "STATUS_NOTDONE"
                    )
                  )
                ),
                #"SYSTEM_SYSRULES_richTextItem"(
                  text: " Payment not completed"
                )
              }
            )
          }
        ),
        #"SYSTEM_SYSRULES_richTextDisplayField"(
          value: {
            #"SYSTEM_SYSRULES_richTextItem"(
              text: "Amount paid  ",
              style: "STRONG"
            ),
            #"SYSTEM_SYSRULES_richTextItem"(
              text: if(
                ri!paymentDetails.currency = #"_a-0000ded1-797d-8000-9ba2-011c48011c48_77936",
                pound(
                  tointeger(
                    ri!paymentDetails.amount
                  ),
                  2
                ),
                todecimal(
                  ri!paymentDetails.amount
                )
              ),
              style: "NORMAL"
            )
          }
        ),
        #"SYSTEM_SYSRULES_richTextDisplayField"(
          value: {
            #"SYSTEM_SYSRULES_richTextItem"(
              text: "Type  ",
              style: "STRONG"
            ),
            #"SYSTEM_SYSRULES_richTextItem"(
              text: ri!paymentDetails.paymentMethod,
              style: "NORMAL"
            )
          }
        ),
        #"SYSTEM_SYSRULES_richTextDisplayField"(
          value: {
            #"SYSTEM_SYSRULES_richTextItem"(
              text: "Date  ",
              style: "STRONG"
            ),
            #"SYSTEM_SYSRULES_richTextItem"(
              text: #"_a-0000dd1f-556d-8000-9ba2-011c48011c48_13242"(
                dateTime: if(
                  #"_a-0000d62a-67b3-8000-da6f-010000010000_951"(
                    ri!paymentDetails.updatedDate
                  ),
                  ri!paymentDetails.createdDate,
                  ri!paymentDetails.updatedDate
                )
              ),
              style: "NORMAL"
            )
          }
        ),
        #"SYSTEM_SYSRULES_richTextDisplayField"(
          value: {
            #"SYSTEM_SYSRULES_richTextItem"(
              text: "Payment/Transaction ID  ",
              style: "STRONG"
            ),
            #"SYSTEM_SYSRULES_richTextItem"(
              text: if(
                #"_a-0000d62a-67b3-8000-da6f-010000010000_951"(
                  ri!paymentDetails.paymentReferenceNo
                ),
                ri!paymentDetails.appianReferenceNumber,
                ri!paymentDetails.paymentReferenceNo
              ),
              style: "NORMAL"
            )
          }
        ),
        if(
          ri!paymentDetails.paymentMethodId = 2,
          with(
            local!paymentDocument: #"_a-0000dff4-f2e5-8000-9ba2-011c48011c48_296238"(
              appReferenceNumber: ri!applicationRefNumber_txt
            ),
            #"SYSTEM_SYSRULES_richTextDisplayField"(
              value: {
                #"SYSTEM_SYSRULES_richTextItem"(
                  text: "Proof of payment  ",
                  style: "STRONG"
                ),
                #"SYSTEM_SYSRULES_richTextItem"(
                  text: document(
                    tointeger(
                      local!paymentDocument.appianDocumentId
                    )[1],
                    "name"
                  ),
                  link: #"SYSTEM_SYSRULES_documentDownloadLink"(
                    document: todocument(
                      tointeger(
                        local!paymentDocument.appianDocumentId
                      )[1]
                    ),
                    label: document(
                      tointeger(
                        local!paymentDocument.appianDocumentId
                      )[1],
                      "name"
                    )
                  ),
                  style: "STRONG"
                )
              }
            )
          ),
          {}
        )
      }
    )
  },
  buttons: #"SYSTEM_SYSRULES_ButtonLayout"(
    secondaryButtons: {
      #"SYSTEM_SYSRULES_ButtonWidgetSubmit"(
        label: "Complete Application",
        style: "PRIMARY",
        value: false,
        saveInto: {
          ri!cancel,
          a!save(
            ri!appianPaymentRefNumber_txt,
            ri!paymentDetails.appianReferenceNumber
          )
        },
        confirmMessage: "Are you sure what to reject this application due to payment not received ?",
        validationGroup: "save"
      ),
      #"SYSTEM_SYSRULES_ButtonWidgetSubmit"(
        label: "Cancel",
        style: "NORMAL",
        value: true,
        saveInto: ri!cancel,
        skipValidation: true
      )
    }
  )
)</definition>
        <namedTypedValue>
            <name>cancel</name>
            <type>
                <name>boolean</name>
                <namespace>http://www.w3.org/2001/XMLSchema</namespace>
            </type>
        </namedTypedValue>
        <namedTypedValue>
            <name>appianPaymentRefNumber_txt</name>
            <type>
                <name>string</name>
                <namespace>http://www.w3.org/2001/XMLSchema</namespace>
            </type>
            <value/>
        </namedTypedValue>
        <namedTypedValue>
            <name>applicationRefNumber_txt</name>
            <type>
                <name>string</name>
                <namespace>http://www.w3.org/2001/XMLSchema</namespace>
            </type>
            <value/>
        </namedTypedValue>
        <namedTypedValue>
            <name>paymentDetails</name>
            <type>
                <name>MHRA_SP_PaymentDetails</name>
                <namespace>urn:com:appian:types:mhra:common</namespace>
            </type>
        </namedTypedValue>
        <metadataExpr></metadataExpr>
        <preferredEditor>interface</preferredEditor>
        <offlineEnabled>false</offlineEnabled>
    </rule>
    <roleMap public="true">
        <role inherit="false" allowForAll="true" name="readers">
            <users/>
            <groups/>
        </role>
        <role inherit="false" allowForAll="true" name="authors">
            <users/>
            <groups>
                <groupUuid>_e-0000dd15-133b-8000-9aee-01075c01075c_45</groupUuid>
            </groups>
        </role>
        <role inherit="false" allowForAll="false" name="administrators">
            <users>
                <userUuid>Administrator</userUuid>
            </users>
            <groups>
                <groupUuid>_e-0000dd15-133b-8000-9aee-01075c01075c_49</groupUuid>
            </groups>
        </role>
        <role inherit="false" allowForAll="false" name="denyReaders">
            <users/>
            <groups/>
        </role>
        <role inherit="false" allowForAll="false" name="denyAuthors">
            <users/>
            <groups/>
        </role>
        <role inherit="false" allowForAll="false" name="denyAdministrators">
            <users/>
            <groups/>
        </role>
    </roleMap>
    <history>
        <historyInfo versionUuid="_a-0000df82-45aa-8000-9ba2-011c48011c48_194691"/>
        <historyInfo versionUuid="_a-0000e05b-b197-8000-9ba2-011c48011c48_520359"/>
    </history>
</contentHaul>
