<?xml version="1.0" encoding="UTF-8" standalone="yes"?>
<contentHaul xmlns:a="http://www.appian.com/ae/types/2009">
    <versionUuid>_a-0000df82-45aa-8000-9ba2-011c48011c48_166471</versionUuid>
    <rule>
        <name>MHRA_SP_getDevicesByAppReference</name>
        <uuid>_a-0000ded1-797d-8000-9ba2-011c48011c48_77657</uuid>
        <description>SP call to get devices by ApplicationReferenceNumber and status </description>
        <parentUuid>_a-0000ddfd-93a8-8000-9ba2-011c48011c48_43757</parentUuid>
        <visibility>
            <advertise>false</advertise>
            <hierarchy>true</hierarchy>
            <indexable>true</indexable>
            <quota>false</quota>
            <searchable>true</searchable>
            <system>false</system>
            <unlogged>false</unlogged>
        </visibility>
        <definition>with(
  local!data: executestoredprocedure(
    dataSourceName: #"_a-0000ddfd-93a8-8000-9ba2-011c48011c48_44005",
    procedureName: #"_a-0000ded1-797d-8000-9ba2-011c48011c48_79482",
    inputs: {
      if(
        #"_a-0000d62a-67b3-8000-da6f-010000010000_951"(
          ri!appReferenceNumber
        ),
        {},
        {
          name: "ApplicationReferenceNumber",
          value: ri!appReferenceNumber
        }
      ),
      if(
        #"_a-0000d62a-67b3-8000-da6f-010000010000_951"(
          ri!deviceId
        ),
        {},
        {
          name: "DeviceId",
          value: joinarray(ri!deviceId,",")
        }
      ),
      if(
        #"_a-0000d62a-67b3-8000-da6f-010000010000_951"(
          ri!includeDeleted 
        ),
        {},
        {
          name: "includeDeletedDevices",
          value: ri!includeDeleted 
        }
      )
    }
  ),
  cast(
    typeof(
      {
        'type!{urn:com:appian:types:mhra:common}MHRA_device_sp'()
      }
    ),
    local!data.result
  )
)</definition>
        <namedTypedValue>
            <name>appReferenceNumber</name>
            <type>
                <name>string</name>
                <namespace>http://www.w3.org/2001/XMLSchema</namespace>
            </type>
            <value/>
        </namedTypedValue>
        <namedTypedValue>
            <name>deviceId</name>
            <type>
                <name>Integer?list</name>
                <namespace>http://www.appian.com/ae/types/2009</namespace>
            </type>
        </namedTypedValue>
        <namedTypedValue>
            <name>includeDeleted</name>
            <type>
                <name>boolean</name>
                <namespace>http://www.w3.org/2001/XMLSchema</namespace>
            </type>
        </namedTypedValue>
        <preferredEditor>legacy</preferredEditor>
        <offlineEnabled>false</offlineEnabled>
    </rule>
    <roleMap public="true">
        <role inherit="false" allowForAll="true" name="readers">
            <users/>
            <groups>
                <groupUuid>_e-0000dd8d-014e-8000-9aee-01075c01075c_51</groupUuid>
                <groupUuid>_e-0000dd8d-014e-8000-9aee-01075c01075c_52</groupUuid>
                <groupUuid>_e-0000de55-aed2-8000-9aee-01075c01075c_65</groupUuid>
                <groupUuid>_e-0000de55-aed2-8000-9aee-01075c01075c_64</groupUuid>
            </groups>
        </role>
        <role inherit="false" allowForAll="true" name="authors">
            <users/>
            <groups>
                <groupUuid>_e-0000dd15-133b-8000-9aee-01075c01075c_45</groupUuid>
            </groups>
        </role>
        <role inherit="false" allowForAll="false" name="administrators">
            <users/>
            <groups>
                <groupUuid>_e-0000dd15-133b-8000-9aee-01075c01075c_49</groupUuid>
            </groups>
        </role>
        <role inherit="false" allowForAll="false" name="denyReaders">
            <users/>
            <groups/>
        </role>
        <role inherit="false" allowForAll="false" name="denyAuthors">
            <users/>
            <groups/>
        </role>
        <role inherit="false" allowForAll="false" name="denyAdministrators">
            <users/>
            <groups/>
        </role>
    </roleMap>
    <history>
        <historyInfo versionUuid="_a-0000df82-45aa-8000-9ba2-011c48011c48_166471"/>
    </history>
</contentHaul>
