<?xml version="1.0" encoding="UTF-8" standalone="yes"?>
<contentHaul xmlns:a="http://www.appian.com/ae/types/2009">
    <versionUuid>_a-0000e01b-7b42-8000-9ba2-011c48011c48_402745</versionUuid>
    <rule>
        <name>ARM_f_addRejectionCommentsForAccount</name>
        <uuid>_a-0000dea9-da8d-8000-9ba2-011c48011c48_70053</uuid>
        <description>Interface to add a rejection comment</description>
        <parentUuid>_a-0000dd1f-556d-8000-9ba2-011c48011c48_10576</parentUuid>
        <visibility>
            <advertise>false</advertise>
            <hierarchy>true</hierarchy>
            <indexable>true</indexable>
            <quota>false</quota>
            <searchable>true</searchable>
            <system>false</system>
            <unlogged>false</unlogged>
        </visibility>
        <definition>/* Interface that captures the rejection details for a new account */
load(
  local!rejectionReasons: #"_a-0000dff4-f2e5-8000-9ba2-011c48011c48_293909"(
    typeCode: #"_a-0000dea9-da8d-8000-9ba2-011c48011c48_70824"
  ),
  local!paging: #"SYSTEM_SYSRULES_pagingInfo"(
    startIndex: 1,
    batchSize: - 1,
    sort: #"SYSTEM_SYSRULES_sortInfo"(
      field: "rejectionReasonDesc",
      ascending: true
    )
  ),
  local!orderedList: index(todatasubset(
    local!rejectionReasons,
    local!paging
  ),"data",{}),
  local!whereIsOther: whereContains(
    "Other",
    touniformstring(index(local!orderedList,"rejectionReasonDesc",{}))
  ),
  local!other: index(
    local!orderedList,
    local!whereIsOther,
    {}
  ),
  local!noOther: remove(
    local!orderedList,
    local!whereIsOther
  ),
  local!otherAtBottom: append(
    local!noOther,
    local!other
  ),
  #"SYSTEM_SYSRULES_formLayout_v1"(
    /*label: "New Account Review for " &amp; ri!organisationName,*/
    contents: {
      #"SYSTEM_SYSRULES_sectionLayout_v1"(
        label: "Rejection",
        contents: {
          #"SYSTEM_SYSRULES_radioButtonField"(
            label: "Reasons",
            choiceLabels: index(
              local!otherAtBottom,
              "rejectionReasonDesc",
              {}
            ),
            choiceValues: index(
              local!otherAtBottom,
              "rejectionReason",
              {}
            ),
            value: ri!rejectReasonCode,
            saveInto: {
              ri!rejectReasonCode,
              a!save(
                ri!rejectionReasonId,
                displayvalue(
                  ri!rejectReasonCode,
                  index(
                    local!otherAtBottom,
                    "rejectionReason",
                    {}
                  ),
                  index(
                    local!otherAtBottom,
                    "rejectionId",
                    {}
                  ),
                  ""
                )
              )
            },
            required: true,
            validationGroup: "SUBMIT"
          ),
          #"SYSTEM_SYSRULES_paragraphField"(
            label: "Comment",
            required: if(
              ri!rejectReasonCode = "OTHERS",
              false(),
              true()
            ),
            value: ri!comment,
            saveinto: ri!comment,
            validationGroup: "SUBMIT"
          )
        }
      )
    },
    buttons: #"SYSTEM_SYSRULES_ButtonLayout"(
      secondaryButtons: {
        #"SYSTEM_SYSRULES_ButtonWidgetSubmit"(
          label: #"_a-0000dcf0-31ad-8000-9ba2-011c48011c48_3972",
          style: "PRIMARY",
          value: #"_a-0000dcf0-31ad-8000-9ba2-011c48011c48_3972",
          saveInto: {
            ri!userAction_txt
          },
          validationGroup: "SUBMIT"
        ),
        #"SYSTEM_SYSRULES_ButtonWidgetSubmit"(
          label: #"_a-0000dd1f-556d-8000-9ba2-011c48011c48_12753",
          style: "NORMAL",
          value: #"_a-0000dd1f-556d-8000-9ba2-011c48011c48_12753",
          saveInto: ri!userAction_txt,
          skipValidation: true
        )
      }
    )
  )
)</definition>
        <namedTypedValue>
            <name>comment</name>
            <type>
                <name>string</name>
                <namespace>http://www.w3.org/2001/XMLSchema</namespace>
            </type>
            <value/>
        </namedTypedValue>
        <namedTypedValue>
            <name>userAction_txt</name>
            <type>
                <name>string</name>
                <namespace>http://www.w3.org/2001/XMLSchema</namespace>
            </type>
            <value/>
        </namedTypedValue>
        <namedTypedValue>
            <name>rejectReasonCode</name>
            <type>
                <name>string</name>
                <namespace>http://www.w3.org/2001/XMLSchema</namespace>
            </type>
            <value/>
        </namedTypedValue>
        <namedTypedValue>
            <name>rejectionReasonId</name>
            <type>
                <name>int</name>
                <namespace>http://www.w3.org/2001/XMLSchema</namespace>
            </type>
        </namedTypedValue>
        <metadataExpr></metadataExpr>
        <preferredEditor>interface</preferredEditor>
        <offlineEnabled>false</offlineEnabled>
    </rule>
    <roleMap public="true">
        <role inherit="true" allowForAll="false" name="readers">
            <users/>
            <groups/>
        </role>
        <role inherit="true" allowForAll="false" name="authors">
            <users/>
            <groups/>
        </role>
        <role inherit="true" allowForAll="false" name="administrators">
            <users/>
            <groups/>
        </role>
        <role inherit="false" allowForAll="false" name="denyReaders">
            <users/>
            <groups/>
        </role>
        <role inherit="false" allowForAll="false" name="denyAuthors">
            <users/>
            <groups/>
        </role>
        <role inherit="false" allowForAll="false" name="denyAdministrators">
            <users/>
            <groups/>
        </role>
    </roleMap>
    <history>
        <historyInfo versionUuid="_a-0000df82-45aa-8000-9ba2-011c48011c48_194695"/>
        <historyInfo versionUuid="_a-0000e01b-7b42-8000-9ba2-011c48011c48_402745"/>
    </history>
</contentHaul>
