<?xml version="1.0" encoding="UTF-8" standalone="yes"?>
<contentHaul xmlns:a="http://www.appian.com/ae/types/2009">
    <versionUuid>_a-0000df82-45aa-8000-9ba2-011c48011c48_189162</versionUuid>
    <constant>
        <name>MHRA_BULK_UPLOAD_IVD_PRODUCT_TEMPLATE</name>
        <uuid>_a-0000df82-45aa-8000-9ba2-011c48011c48_185141</uuid>
        <description>Reference for MHRA IVD Product Templates</description>
        <parentUuid>_a-0000ddfd-93a8-8000-9ba2-011c48011c48_43755</parentUuid>
        <visibility>
            <advertise>false</advertise>
            <hierarchy>true</hierarchy>
            <indexable>true</indexable>
            <quota>false</quota>
            <searchable>true</searchable>
            <system>false</system>
            <unlogged>false</unlogged>
        </visibility>
        <typedValue>
            <type>
                <name>CollaborationDocument?list</name>
                <namespace>http://www.appian.com/ae/types/2009</namespace>
            </type>
            <value>
                <el>_a-0000df82-45aa-8000-9ba2-011c48011c48_185034</el>
                <el>_a-0000df82-45aa-8000-9ba2-011c48011c48_185038</el>
                <el>_a-0000df82-45aa-8000-9ba2-011c48011c48_185026</el>
                <el>_a-0000df82-45aa-8000-9ba2-011c48011c48_185030</el>
            </value>
        </typedValue>
        <isEnvironmentSpecific>false</isEnvironmentSpecific>
    </constant>
    <roleMap public="true">
        <role inherit="false" allowForAll="false" name="readers">
            <users/>
            <groups>
                <groupUuid>_e-0000de55-aed2-8000-9aee-01075c01075c_65</groupUuid>
                <groupUuid>_e-0000de55-aed2-8000-9aee-01075c01075c_64</groupUuid>
            </groups>
        </role>
        <role inherit="false" allowForAll="false" name="authors">
            <users/>
            <groups>
                <groupUuid>_e-0000dd15-133b-8000-9aee-01075c01075c_45</groupUuid>
            </groups>
        </role>
        <role inherit="false" allowForAll="false" name="administrators">
            <users/>
            <groups>
                <groupUuid>_e-0000dd15-133b-8000-9aee-01075c01075c_49</groupUuid>
            </groups>
        </role>
        <role inherit="false" allowForAll="false" name="denyReaders">
            <users/>
            <groups/>
        </role>
        <role inherit="false" allowForAll="false" name="denyAuthors">
            <users/>
            <groups/>
        </role>
        <role inherit="false" allowForAll="false" name="denyAdministrators">
            <users/>
            <groups/>
        </role>
    </roleMap>
    <history>
        <historyInfo versionUuid="_a-0000df82-45aa-8000-9ba2-011c48011c48_185145"/>
        <historyInfo versionUuid="_a-0000df82-45aa-8000-9ba2-011c48011c48_189162"/>
    </history>
</contentHaul>
