<?xml version="1.0" encoding="UTF-8" standalone="yes"?>
<contentHaul xmlns:a="http://www.appian.com/ae/types/2009">
    <versionUuid>_a-0000df82-45aa-8000-9ba2-011c48011c48_194361</versionUuid>
    <rule>
        <name>MHRA_f_confirmApplicationNumber</name>
        <uuid>_a-0000de55-aed4-8000-9ba2-011c48011c48_54347</uuid>
        <description>Show application reference number as a confirmation that an application has been sent</description>
        <parentUuid>_a-0000ddfd-93a8-8000-9ba2-011c48011c48_43759</parentUuid>
        <visibility>
            <advertise>false</advertise>
            <hierarchy>true</hierarchy>
            <indexable>true</indexable>
            <quota>false</quota>
            <searchable>true</searchable>
            <system>false</system>
            <unlogged>false</unlogged>
        </visibility>
        <definition>= #"SYSTEM_SYSRULES_formLayout"(
  label: "",
  firstColumnContents: {
    #"SYSTEM_SYSRULES_richTextDisplayField"(
      label: "Label",
      labelPosition: "COLLAPSED",
      value: {
        #"SYSTEM_SYSRULES_richTextItem"(
          text: {
            "Application complete"
          },
          style: "HEADER_LARGE"
        ),
        "Your reference number is" &amp; char(
          10
        ) &amp; ri!applicationRefNo &amp; char(
          10
        ) &amp; char(
          10
        ) &amp; char(
          10
        ),
        #"SYSTEM_SYSRULES_richTextItem"(
          text: {
            "We have sent you a confirmation email."
          },
          style: "STRONG"
        ),
        char(
          10
        ) &amp; char(
          10
        ),
        #"SYSTEM_SYSRULES_richTextItem"(
          text: {
            "What happens next"
          },
          style: "HEADER_LARGE"
        ),
        "We've sent your application to an officer at MHRA" &amp; char(
          10
        ) &amp; char(
          10
        ) &amp; "You will receive an email with the decision. Your manufacturer will also receive a copy of it, if the application is approved." &amp; char(
          10
        ) &amp; char(
          10
        ) &amp; char(
          10
        ),
        #"SYSTEM_SYSRULES_richTextItem"(
          text: "&lt; Back to summary",
          style: "NORMAL",
          link: #"SYSTEM_SYSRULES_submitLink"(
            label: ""
          )
        )
      }
    )
  },
  secondColumnContents: {
    /* Add components here for a two-column form */
    #"SYSTEM_SYSRULES_textField"(
      label: "",
      readOnly: true
    )
  },
  buttons: #"SYSTEM_SYSRULES_ButtonLayout"(
    /*secondaryButtons: {*/
    /*  a!buttonWidgetSubmit(*/
    /*    label: "OK",*/
    /*    style: "PRIMARY",*/
    /*    saveInto: {}*/
    /*  )*/
    /*}*/
    
  ),
  validations: {}
)</definition>
        <namedTypedValue>
            <name>applicationRefNo</name>
            <type>
                <name>string</name>
                <namespace>http://www.w3.org/2001/XMLSchema</namespace>
            </type>
            <value/>
        </namedTypedValue>
        <metadataExpr></metadataExpr>
        <preferredEditor>interface</preferredEditor>
        <offlineEnabled>false</offlineEnabled>
    </rule>
    <roleMap public="true">
        <role inherit="true" allowForAll="false" name="readers">
            <users/>
            <groups/>
        </role>
        <role inherit="true" allowForAll="false" name="authors">
            <users/>
            <groups/>
        </role>
        <role inherit="true" allowForAll="false" name="administrators">
            <users/>
            <groups/>
        </role>
        <role inherit="false" allowForAll="false" name="denyReaders">
            <users/>
            <groups/>
        </role>
        <role inherit="false" allowForAll="false" name="denyAuthors">
            <users/>
            <groups/>
        </role>
        <role inherit="false" allowForAll="false" name="denyAdministrators">
            <users/>
            <groups/>
        </role>
    </roleMap>
    <typedValue>
        <type>
            <name>RuleTestConfig?list</name>
            <namespace>http://www.appian.com/ae/types/2009</namespace>
        </type>
        <value>
            <el>
                <a:name/>
                <a:ruleInputTestConfigs>
                    <a:value xmlns:xsd="http://www.w3.org/2001/XMLSchema" xmlns:xsi="http://www.w3.org/2001/XMLSchema-instance" xsi:type="xsd:string"/>
                    <a:nameRef>applicationRefNo</a:nameRef>
                    <a:id/>
                </a:ruleInputTestConfigs>
                <a:assertions xmlns:xsi="http://www.w3.org/2001/XMLSchema-instance" xsi:nil="true"/>
            </el>
        </value>
    </typedValue>
    <history>
        <historyInfo versionUuid="_a-0000df82-45aa-8000-9ba2-011c48011c48_194361"/>
    </history>
</contentHaul>
