<?xml version="1.0" encoding="UTF-8" standalone="yes"?>
<contentHaul xmlns:a="http://www.appian.com/ae/types/2009">
    <versionUuid>_a-0000e05b-b197-8000-9ba2-011c48011c48_522559</versionUuid>
    <rule>
        <name>MHRA_rec_devicesDetailsSection</name>
        <uuid>_a-0000dea9-da8d-8000-9ba2-011c48011c48_70702</uuid>
        <description>Display the device details</description>
        <parentUuid>_a-0000ddfd-93a8-8000-9ba2-011c48011c48_43759</parentUuid>
        <visibility>
            <advertise>false</advertise>
            <hierarchy>true</hierarchy>
            <indexable>true</indexable>
            <quota>false</quota>
            <searchable>true</searchable>
            <system>false</system>
            <unlogged>false</unlogged>
        </visibility>
        <definition>load(
  local!selectedProductId,
  local!selectedProductDetailsToRead,
  local!isStaff: #"_a-0000df82-45aa-8000-9ba2-011c48011c48_166517"(
    user: loggedInUser()
  ),
  with(
    local!deviceDetails: #"_a-0000dff4-f2e5-8000-9ba2-011c48011c48_306063"(
      deviceId: ri!selectedDevice.deviceId
    ),
    local!deviceGMDNDetails: index(
      local!deviceDetails,
      "gmdn",
      {}
    ),
    local!deviceDocuments: #"_a-0000dff4-f2e5-8000-9ba2-011c48011c48_301576"(
      deviceId: ri!selectedDevice.deviceId,
      isDeviceProductDocuments: true
    ),
    local!relatedDeviceDetails: if(
      and(
        not(
          #"_a-0000d62a-67b3-8000-da6f-010000010000_950"(
            ri!selectedDevice.relatedDeviceId
          )
        ),
        not(
          ri!selectedDevice.relatedDeviceId = 0
        )/*,
        MV Bug fix 7682 - removed condition below to show previous device details on application 
        ri!selectedDevice.deviceRegStatusId = cons!DVC_DEVICE_REGISTRATION_STATUS_ID_NOT_REGISTERED*/
        
      ),
      #"_a-0000dff4-f2e5-8000-9ba2-011c48011c48_306063"(
        deviceId: ri!selectedDevice.relatedDeviceId
      ),
      {}
    ),
    local!documents: #"_a-0000dff4-f2e5-8000-9ba2-011c48011c48_301576"(
      deviceId: ri!selectedDevice.deviceId,
      applicationReferenceNumber: ri!appReferenceNumber,
      isDeviceProductDocuments: true,
      pagingInfo: #"SYSTEM_SYSRULES_pagingInfo"(1,20)
    ),
    local!deviceCertificates: index(local!documents,"data",{}),
    local!ceCertificates: if(
      #"_a-0000d62a-67b3-8000-da6f-010000010000_951"(
        local!deviceCertificates
      ),
      {},
      apply(
        'type!{urn:com:appian:types:mhra:CFS}CFS_ceCertificate'(
          documentId: _,
          appianDocumentId: _,
          certificateType: _,
          expiryDate: _,
          referenceNumber: _,
          documentName: _,
          uploadedDateTime: _,
          certificateTypeCode: _,
          notifiedBodyCode: _,
          notifiedBody: _,
          notifiedBodyId: _
        ),
        merge(
          index(local!deviceCertificates,"documentId",null),
          index(local!deviceCertificates,"appianIdentifier",null),
          index(local!deviceCertificates,"documentSubTypeDesc",null),
          index(local!deviceCertificates,"expiryDate",null),
          index(local!deviceCertificates,"referenceNumber",null),
          index(local!deviceCertificates,"documentDescription",null),
          index(local!deviceCertificates,"uploadDateTime",null),
          index(local!deviceCertificates,"documentSubTypeCode",null),
          index(local!deviceCertificates,"deviceDocumentNotifiedBodyReference",null),
          index(local!deviceCertificates,"deviceDocumentNotifiedBodyName",null),
          index(local!deviceCertificates,"deviceDocumentNotifiedBodyId",null)
        )
      )
    ),
    local!deviceProducts: #"_a-0000dff4-f2e5-8000-9ba2-011c48011c48_292249"(
      deviceId: ri!selectedDevice.deviceId,
      applicationReferenceNumber: if(
        ri!applicationActivityType = #"_a-0000ded1-797d-8000-9ba2-011c48011c48_77194"[20],
        null,
        ri!appReferenceNumber
      ),
      pagingInfo: ri!productsGridPaging
    ),
    {
      #"SYSTEM_SYSRULES_richTextDisplayField"(
        labelPosition: "COLLAPSED",
        value: {
          #"SYSTEM_SYSRULES_richTextItem"(
            text: if(
              or(
                local!isStaff,
                toboolean(
                  index(
                    local!deviceGMDNDetails,
                    "isGMDNCodeProvided",
                    null
                  )
                )
              ),
              index(
                local!deviceGMDNDetails,
                "gmdnCode",
                ""
              ) &amp; " - " &amp; index(
                local!deviceGMDNDetails,
                "termName",
                ""
              ),
              index(
                local!deviceGMDNDetails,
                "termName",
                ""
              )
            ),
            style: "HEADER_LARGE"
          )
        },
        align: "LEFT"
      ),
      #"SYSTEM_SYSRULES_columnsLayout"(
        columns: {
          /*Current Device Details*/
          #"SYSTEM_SYSRULES_columnLayout"(
            contents: {
              #"_a-0000df82-45aa-8000-9ba2-011c48011c48_184035"(
                device: local!deviceDetails,
                showGMDNCode: or(
                  local!isStaff,
                  toboolean(
                    index(
                      local!deviceGMDNDetails,
                      "isGMDNCodeProvided",
                      null
                    )
                  )
                ),
                headerName: "Device information",
                showGMDN: false
              ),
              if(
                or(
                  #"_a-0000d62a-67b3-8000-da6f-010000010000_950"(
                    index(
                      local!deviceDetails,
                      "deviceNotifiedBodyId",
                      {}
                    )
                  ),
                  tointeger(
                    index(
                      local!deviceDetails,
                      "deviceNotifiedBodyId",
                      0
                    )
                  ) = 0
                ),
                {},
                #"SYSTEM_SYSRULES_textField"(
                  label: "Selected Notified Body",
                  value: index(
                    local!deviceDetails,"deviceNotifiedBodyDesc",null
                  ),
                  readOnly: true
                )
              ),
              if(
                #"_a-0000d62a-67b3-8000-da6f-010000010000_950"(
                  ri!furtherInfoDetails
                ),
                {},
                #"_a-0000e01b-7b42-8000-9ba2-011c48011c48_418847"(
                  deviceDetails: local!deviceDetails,
                  documentDetails: local!deviceDocuments
                )
              )
            }
          ),
          /*7471, 6959 user stories: previous Device information */
          #"SYSTEM_SYSRULES_columnLayout"(
            showWhen: not(
              #"_a-0000d62a-67b3-8000-da6f-010000010000_950"(
                local!relatedDeviceDetails
              )
            ),
            contents: {
              #"_a-0000df82-45aa-8000-9ba2-011c48011c48_184035"(
                device: local!relatedDeviceDetails,
                showGMDNCode: or(
                  local!isStaff,
                  toboolean(
                    index(
                      local!relatedDeviceDetails,
                      "isGMDNCodeProvided",
                      null
                    )
                  )
                ),
                headerName: "Previous device information",
                showGMDN: true
              )
            }
          )
        }
      ),
      #"SYSTEM_SYSRULES_columnsLayout"(
        columns: {
          #"SYSTEM_SYSRULES_columnLayout"(
            contents: {
              /* ----------------------------------------CE certificates--------------------------------------- */
              if(
                #"_a-0000d62a-67b3-8000-da6f-010000010000_951"(
                  local!ceCertificates
                ),
                {},
                {
                  #"SYSTEM_SYSRULES_richTextDisplayField"(
                    labelPosition: "COLLAPSED",
                    value: {
                      #"SYSTEM_SYSRULES_richTextItem"(
                        text: "CE certificates",
                        style: "HEADER_MEDIUM"
                      )
                    },
                    align: "LEFT"
                  ),
                  if(
                    index(
                      ri!selectedDevice,
                      "documentsModified",
                      false
                    ),
                    #"SYSTEM_SYSRULES_richTextDisplayField"(
                      labelPosition: "COLLAPSED",
                      value: {
                        #"SYSTEM_SYSRULES_richTextImage"(
                          image: #"SYSTEM_SYSRULES_documentImage"(
                            document: #"SYSTEM_SYSRULES_iconIndicator"(
                              icon: "STATUS_WARN"
                            )
                          )
                        ),
                        #"SYSTEM_SYSRULES_richTextItem"(
                          text: "One or more CE certificates have been modified or newly uploaded.",
                          style: "STRONG"
                        )
                      },
                      align: "LEFT"
                    ),
                    {}
                  ),
                  #"d3439e9d-a341-479b-a7e6-42ddc97e6651"(
                    deviceTypeId: index(
                      ri!selectedDevice,
                      "deviceTypeId",
                      {}
                    ),
                    deviceRiskClassificationId: index(
                      ri!selectedDevice,
                      "deviceSubTypeId",
                      {}
                    ),
                    isCustom: index(
                      ri!selectedDevice,
                      "isCustomMade",
                      {}
                    ),
                    isSterile: index(
                      ri!selectedDevice,
                      "isSterile",
                      {}
                    ),
                    isMeasurable: index(
                      ri!selectedDevice,
                      "isMeasuring",
                      {}
                    ),
                    gmdnTermName: index(
                      ri!selectedDevice,
                      "termName",
                      {}
                    )
                  ),
                  #"_a-0000de7d-31c6-8000-9ba2-011c48011c48_59810"(
                    ceCertificatesList: local!ceCertificates
                  )                  
                }
              ),
              if(
                #"_a-0000d62a-67b3-8000-da6f-010000010000_951"(
                  local!deviceProducts
                ),
                {},
                {
                  /* ---------------------------------------- Products --------------------------------------- */
                  #"SYSTEM_SYSRULES_richTextDisplayField"(
                    labelPosition: "COLLAPSED",
                    /*label:local!URLs,*/
                    value: {
                      #"SYSTEM_SYSRULES_richTextItem"(
                        text: "Products (" &amp; index(
                          local!deviceProducts,
                          "totalCount",
                          null
                        ) &amp; ")",
                        style: "HEADER_MEDIUM"
                      )
                    },
                    align: "LEFT"
                  ),
                  if(
                    index(
                      ri!selectedDevice,
                      "productsModified",
                      false
                    ),
                    #"SYSTEM_SYSRULES_richTextDisplayField"(
                      labelPosition: "COLLAPSED",
                      value: {
                        #"SYSTEM_SYSRULES_richTextImage"(
                          image: #"SYSTEM_SYSRULES_documentImage"(
                            document: #"SYSTEM_SYSRULES_iconIndicator"(
                              icon: "STATUS_WARN"
                            )
                          )
                        ),
                        #"SYSTEM_SYSRULES_richTextItem"(
                          text: "Some medical devices have been newly added.",
                          style: "STRONG"
                        )
                      },
                      align: "LEFT"
                    ),
                    {}
                  ),
                  {
                    #"_a-0000e01b-7b42-8000-9ba2-011c48011c48_418865"(
                      products: local!deviceProducts,
                      pagingInfo: ri!productsGridPaging,
                      productId: local!selectedProductId,
                      isProductsDrillable: (
                        ri!serviceCode = #"_a-0000dea0-ffa8-8000-9ba2-011c48011c48_66366"
                      ),
                      serviceCode: ri!serviceCode,
                      deviceTypeId: ri!selectedDevice.deviceTypeId,
                      deviceSubTypeId: ri!selectedDevice.deviceSubTypeId,
                      applicationRefNumber: ri!appReferenceNumber,
                      selectedProductDetailsToRead: local!selectedProductDetailsToRead
                    )                  
                  }
                }
              ),
              if(
                #"_a-0000d62a-67b3-8000-da6f-010000010000_951"(
                  index(
                    ri!viewDeviceStatus,
                    "deviceStatus",
                    {}
                  )
                ),
                {
                  if(
                    ri!isSelectable,
                    #"SYSTEM_SYSRULES_ButtonLayout"(
                      secondaryButtons: {
                        #"SYSTEM_SYSRULES_ButtonWidget"(
                          label: "Approve device",
                          disabled: or(
                            not(
                              ri!isSelectable
                            ),
                            #"_a-0000d62a-67b3-8000-da6f-010000010000_951"(
                              ri!selectedDevice
                            )
                          ),
                          style: "PRIMARY",
                          saveInto: {
                            a!save(
                              ri!productsGridPaging.startIndex,
                              1
                            ),
                            a!save(
                              local!selectedProductDetailsToRead,
                              null
                            ),
                            #"_a-0000dea9-da8d-8000-9ba2-011c48011c48_70835"(
                              selectedDeviceIds: ri!selectedDevice.deviceId,
                              deviceStatus: #"_a-0000dea9-da8d-8000-9ba2-011c48011c48_70859",
                              devicesList: ri!deviceStatuses,
                              manufacturer: ri!manufacturerStatus,
                              appReferenceNumber: ri!appReferenceNumber,
                              assignedToUser: loggedInUser(),
                              onSucess: {
                                a!save(
                                  ri!selectedDevice,
                                  null
                                )
                              }
                            )
                          }
                        ),
                        if(
                          and(
                            contains(
                              index(
                                #"_a-0000ded1-797d-8000-9ba2-011c48011c48_77194",
                                {
                                  2,
                                  8,
                                  9,
                                  3/* CFS New manufacturer*/,
                                  5/* CFS New device */,
                                  7,
                                  /* CFS Device amendment */
                                  25,
                                  /* CFS new man/Add device FI */
                                  26/* CFS Amend device FI */
                                  
                                },
                                {}
                              ),
                              ri!applicationActivityType
                            ),
                            ri!countOfFurtherInfo &lt; #"_a-0000ded1-797d-8000-9ba2-011c48011c48_82622"
                          ),
                          #"SYSTEM_SYSRULES_ButtonWidget"(
                            label: "Request further info",
                            disabled: or(
                              not(
                                ri!isSelectable
                              ),
                              #"_a-0000d62a-67b3-8000-da6f-010000010000_951"(
                                ri!selectedDevice
                              )
                            ),
                            saveInto: {
                              a!save(
                                ri!selectedDevices,
                                index(
                                  ri!listDevices,
                                  wherecontains(
                                    tointeger(
                                      ri!selectedDevice.deviceId
                                    ),
                                    tointeger(
                                      index(
                                        ri!listDevices,
                                        "deviceId",
                                        {}
                                      )
                                    )
                                  ),
                                  {}
                                )
                              ),
                              a!save(
                                ri!updatedDevicesStatuses,
                                ri!deviceStatuses
                              ),
                              a!save(
                                ri!selectedDevice,
                                null
                              ),
                              a!save(
                                ri!selectedFurtherInfoReasons,
                                null
                              ),
                              a!save(
                                ri!userAction_txt,
                                "RequestFurtherInfo"
                              ),
                              a!save(
                                ri!productsGridPaging.startIndex,
                                1
                              ),
                              a!save(
                                local!selectedProductDetailsToRead,
                                null
                              )
                            }
                          ),
                          {}
                        ),
                        #"SYSTEM_SYSRULES_ButtonWidget"(
                          label: "Reject device",
                          disabled: or(
                            not(
                              ri!isSelectable
                            ),
                            #"_a-0000d62a-67b3-8000-da6f-010000010000_951"(
                              ri!selectedDevice
                            )
                          ),
                          saveInto: {
                            a!save(
                              ri!selectedDevices,
                              index(
                                ri!listDevices,
                                wherecontains(
                                  tointeger(
                                    ri!selectedDevice.deviceId
                                  ),
                                  tointeger(
                                    index(
                                      ri!listDevices,
                                      "deviceId",
                                      {}
                                    )
                                  )
                                ),
                                {}
                              )
                            ),
                            a!save(
                              ri!selectedReasons,
                              null
                            ),
                            a!save(
                              ri!reasonComments,
                              null
                            ),
                            a!save(
                              ri!updatedDevicesStatuses,
                              ri!deviceStatuses
                            ),
                            a!save(
                              ri!selectedDevice,
                              null
                            ),
                            a!save(
                              ri!userAction_txt,
                              "Reject"
                            ),
                            a!save(
                              ri!productsGridPaging.startIndex,
                              1
                            ),
                            a!save(
                              local!selectedProductDetailsToRead,
                              null
                            )
                          },
                          style: "DESTRUCTIVE"
                        ),
                        #"SYSTEM_SYSRULES_ButtonWidget"(
                          label: #"_a-0000dd1f-556d-8000-9ba2-011c48011c48_12753",
                          style: "NORMAL",
                          saveInto: {
                            a!save(
                              ri!selectedDevice,
                              null
                            ),
                            a!save(
                              local!selectedProductId,
                              null
                            ),
                            a!save(
                              ri!productsGridPaging.startIndex,
                              1
                            ),
                            a!save(
                              local!selectedProductDetailsToRead,
                              null
                            )
                          }
                        )
                      }
                    ),
                    {
                      #"SYSTEM_SYSRULES_ButtonLayout"(
                        secondaryButtons: {
                          #"SYSTEM_SYSRULES_ButtonWidget"(
                            label: #"_a-0000dd1f-556d-8000-9ba2-011c48011c48_12753",
                            style: "NORMAL",
                            saveInto: {
                              a!save(
                                ri!selectedDevice,
                                null
                              ),
                              a!save(
                                local!selectedProductId,
                                null
                              ),
                              a!save(
                                ri!productsGridPaging.startIndex,
                                1
                              ),
                              a!save(
                                local!selectedProductDetailsToRead,
                                null
                              )
                            }
                          )
                        }
                      )
                    }
                  )
                },
                {
                  if(
                    index(
                      ri!viewDeviceStatus,
                      "deviceStatus",
                      {}
                    ) = #"_a-0000dea9-da8d-8000-9ba2-011c48011c48_70860",
                    {
                      #"SYSTEM_SYSRULES_richTextDisplayField"(
                        labelPosition: "COLLAPSED",
                        value: {
                          #"SYSTEM_SYSRULES_richTextImage"(
                            #"SYSTEM_SYSRULES_documentImage"(
                              document: #"SYSTEM_SYSRULES_iconIndicator"(
                                "STATUS_NOTDONE"
                              )
                            )
                          ),
                          #"SYSTEM_SYSRULES_richTextItem"(
                            text: "Device"
                          ),
                          #"SYSTEM_SYSRULES_richTextItem"(
                            text: " rejected",
                            style: "STRONG"
                          ),
                          #"SYSTEM_SYSRULES_richTextItem"(
                            text: " on "
                          ),
                          #"SYSTEM_SYSRULES_richTextItem"(
                            text: if(
                              #"_a-0000d62a-67b3-8000-da6f-010000010000_951"(
                                index(
                                  ri!viewDeviceStatus,
                                  "updatedDateTime",
                                  {}
                                )
                              ),
                              "",
                              text(
                                #"_a-0000dea9-da8d-8000-9ba2-011c48011c48_68991"(
                                  index(
                                    ri!viewDeviceStatus,
                                    "updatedDateTime",
                                    {}
                                  )
                                ),
                                "dd MMMM yyyy hh:mm"
                              )
                            )
                          ),
                          #"SYSTEM_SYSRULES_richTextItem"(
                            text: " by " &amp; if(
                              #"_a-0000df82-45aa-8000-9ba2-011c48011c48_166517"(
                                loggedInUser()
                              ),
                              #"_a-0000d690-12fb-8000-0f1a-010000010000_1352"(
                                ri!assignedToUserName
                              ),
                              "MHRA Staff"
                            ) &amp; ". "
                          ),
                          if(
                            and(
                              ri!isSelectable,
                              #"_a-0000df82-45aa-8000-9ba2-011c48011c48_166517"(
                                loggedInUser()
                              )
                            ),
                            #"SYSTEM_SYSRULES_richTextItem"(
                              text: "Change",
                              link: #"SYSTEM_SYSRULES_dynamicLink"(
                                value: {},
                                saveInto: {
                                  #"_a-0000dea9-da8d-8000-9ba2-011c48011c48_70835"(
                                    selectedDeviceIds: ri!selectedDevice.deviceId,
                                    deviceStatus: null,
                                    devicesList: ri!deviceStatuses,
                                    manufacturer: ri!manufacturerStatus,
                                    appReferenceNumber: ri!appReferenceNumber,
                                    assignedToUser: loggedInUser(),
                                    onSucess: {
                                      a!save(
                                        ri!viewDeviceStatus.deviceStatus,
                                        null
                                      )
                                    }
                                  )
                                }
                              )
                            ),
                            {}
                          )
                        }
                      ),
                      #"SYSTEM_SYSRULES_richTextDisplayField"(
                        labelPosition: "COLLAPSED",
                        value: {
                          #"SYSTEM_SYSRULES_richTextItem"(
                            text: "Rejection reason(s):"
                          ),
                          #"SYSTEM_SYSRULES_richTextBulletedList"(
                            items: {
                              apply(
                                displayvalue(
                                  _,
                                  touniformstring(
                                    index(
                                      ri!deviceRejectionReasons,
                                      "rejectionReason",
                                      {}
                                    )
                                  ),
                                  index(
                                    ri!deviceRejectionReasons,
                                    "rejectionReasonDesc",
                                    {}
                                  ),
                                  {}
                                ),
                                {
                                  reject(
                                    exact(
                                      #"_a-0000dea9-da8d-8000-9ba2-011c48011c48_70905",
                                      _
                                    ),
                                    index(
                                      ri!viewDeviceRejectionReasons,
                                      "rejection",
                                      {}
                                    )
                                  )
                                }
                              ),
                              if(
                                contains(
                                  index(
                                    ri!viewDeviceRejectionReasons,
                                    "rejection",
                                    {}
                                  ),
                                  #"_a-0000dea9-da8d-8000-9ba2-011c48011c48_70905"
                                ),
                                concat(
                                  "Other: ",
                                  displayvalue(
                                    #"_a-0000dea9-da8d-8000-9ba2-011c48011c48_70905",
                                    index(
                                      ri!viewDeviceRejectionReasons,
                                      "rejection",
                                      {}
                                    ),
                                    index(
                                      ri!viewDeviceRejectionReasons,
                                      "rejectionComments",
                                      {}
                                    ),
                                    {}
                                  )
                                ),
                                {}
                              )
                            }
                          )
                        }
                      )
                    },
                    if(
                      index(
                        ri!viewDeviceStatus,
                        "deviceStatus",
                        {}
                      ) = #"_a-0000dea9-da8d-8000-9ba2-011c48011c48_70859",
                      {
                        #"SYSTEM_SYSRULES_richTextDisplayField"(
                          value: {
                            #"SYSTEM_SYSRULES_richTextImage"(
                              #"SYSTEM_SYSRULES_documentImage"(
                                document: #"SYSTEM_SYSRULES_iconIndicator"(
                                  "STATUS_OK"
                                )
                              )
                            ),
                            #"SYSTEM_SYSRULES_richTextItem"(
                              text: "Device"
                            ),
                            #"SYSTEM_SYSRULES_richTextItem"(
                              text: " approved",
                              style: "STRONG"
                            ),
                            #"SYSTEM_SYSRULES_richTextItem"(
                              text: " on "
                            ),
                            #"SYSTEM_SYSRULES_richTextItem"(
                              text: if(
                                #"_a-0000d62a-67b3-8000-da6f-010000010000_951"(
                                  index(
                                    ri!viewDeviceStatus,
                                    "updatedDateTime",
                                    {}
                                  )
                                ),
                                "",
                                text(
                                  #"_a-0000dea9-da8d-8000-9ba2-011c48011c48_68991"(
                                    index(
                                      ri!viewDeviceStatus,
                                      "updatedDateTime",
                                      {}
                                    )
                                  ),
                                  "dd MMMM yyyy hh:mm"
                                )
                              )
                            ),
                            #"SYSTEM_SYSRULES_richTextItem"(
                              text: " by " &amp; if(
                                #"_a-0000df82-45aa-8000-9ba2-011c48011c48_166517"(
                                  loggedInUser()
                                ),
                                #"_a-0000d690-12fb-8000-0f1a-010000010000_1352"(
                                  ri!assignedToUserName
                                ),
                                "MHRA Staff"
                              ) &amp; ". "
                            ),
                            if(
                              and(
                                ri!isSelectable,
                                #"_a-0000df82-45aa-8000-9ba2-011c48011c48_166517"(
                                  loggedInUser()
                                )
                              ),
                              #"SYSTEM_SYSRULES_richTextItem"(
                                text: "Change",
                                link: #"SYSTEM_SYSRULES_dynamicLink"(
                                  value: {},
                                  saveInto: {
                                    #"_a-0000dea9-da8d-8000-9ba2-011c48011c48_70835"(
                                      selectedDeviceIds: ri!selectedDevice.deviceId,
                                      deviceStatus: null,
                                      devicesList: ri!deviceStatuses,
                                      manufacturer: ri!manufacturerStatus,
                                      appReferenceNumber: ri!appReferenceNumber,
                                      assignedToUser: loggedInUser(),
                                      onSucess: {
                                        a!save(
                                          ri!viewDeviceStatus.deviceStatus,
                                          null
                                        )
                                      }
                                    )
                                  }
                                )
                              ),
                              {}
                            )
                          }
                        )
                      },
                      {
                        #"SYSTEM_SYSRULES_richTextDisplayField"(
                          value: {
                            #"SYSTEM_SYSRULES_richTextImage"(
                              #"SYSTEM_SYSRULES_documentImage"(
                                document: #"SYSTEM_SYSRULES_iconIndicator"(
                                  "STATUS_WARN"
                                )
                              )
                            ),
                            #"SYSTEM_SYSRULES_richTextItem"(
                              text: "Device"
                            ),
                            #"SYSTEM_SYSRULES_richTextItem"(
                              text: " further information requested",
                              style: "STRONG"
                            ),
                            #"SYSTEM_SYSRULES_richTextItem"(
                              text: " on "
                            ),
                            #"SYSTEM_SYSRULES_richTextItem"(
                              text: if(
                                #"_a-0000d62a-67b3-8000-da6f-010000010000_951"(
                                  index(
                                    ri!viewDeviceStatus,
                                    "updatedDateTime",
                                    {}
                                  )
                                ),
                                "",
                                text(
                                  #"_a-0000dea9-da8d-8000-9ba2-011c48011c48_68991"(
                                    index(
                                      ri!viewDeviceStatus,
                                      "updatedDateTime",
                                      {}
                                    )
                                  ),
                                  "dd MMMM yyyy hh:mm"
                                )
                              )
                            ),
                            #"SYSTEM_SYSRULES_richTextItem"(
                              text: " by " &amp; if(
                                #"_a-0000df82-45aa-8000-9ba2-011c48011c48_166517"(
                                  loggedInUser()
                                ),
                                #"_a-0000d690-12fb-8000-0f1a-010000010000_1352"(
                                  ri!assignedToUserName
                                ),
                                "MHRA Staff"
                              ) &amp; ". "
                            ),
                            if(
                              and(
                                ri!isSelectable,
                                #"_a-0000df82-45aa-8000-9ba2-011c48011c48_166517"(
                                  loggedInUser()
                                )
                              ),
                              #"SYSTEM_SYSRULES_richTextItem"(
                                text: "Change",
                                link: #"SYSTEM_SYSRULES_dynamicLink"(
                                  value: {},
                                  saveInto: {
                                    #"_a-0000dea9-da8d-8000-9ba2-011c48011c48_70835"(
                                      selectedDeviceIds: ri!selectedDevice.deviceId,
                                      deviceStatus: null,
                                      devicesList: ri!deviceStatuses,
                                      manufacturer: ri!manufacturerStatus,
                                      appReferenceNumber: ri!appReferenceNumber,
                                      assignedToUser: loggedInUser(),
                                      onSucess: {
                                        a!save(
                                          ri!viewDeviceStatus.deviceStatus,
                                          null
                                        )
                                      }
                                    )
                                  }
                                )
                              ),
                              {}
                            )
                          }
                        )
                      }
                    )
                  ),
                  /* bug fix 7601 */
                  if(
                    ri!applicationStatusCode = #"_a-0000ded1-797d-8000-9ba2-011c48011c48_76068",
                    {
                      with(
                        local!furtherinfodetail: #"_a-0000df82-45aa-8000-9ba2-011c48011c48_209992"(
                          deviceId: ri!viewDeviceStatus.deviceID
                        ),
                        if(
                          #"_a-0000d62a-67b3-8000-da6f-010000010000_951"(
                            local!furtherinfodetail.furtherInformationDesc
                          ),
                          {},
                          #"SYSTEM_SYSRULES_richTextDisplayField"(
                            value: {
                              #"SYSTEM_SYSRULES_richTextItem"(
                                text: "Further information requested:"
                              ),
                              #"SYSTEM_SYSRULES_richTextBulletedList"(
                                items: {
                                  #"SYSTEM_SYSRULES_richTextItem"(
                                    text: "Reason: " &amp; local!furtherinfodetail.furtherInformationDesc
                                  ),
                                  #"SYSTEM_SYSRULES_richTextItem"(
                                    text: "Comments: " &amp; local!furtherinfodetail.businessComment
                                  )
                                }
                              )
                            }
                          )
                        )
                      )
                    },
                    if(
                      or(
                        #"_a-0000d62a-67b3-8000-da6f-010000010000_951"(
                          ri!viewDeviceStatus
                        ),
                        #"_a-0000d62a-67b3-8000-da6f-010000010000_951"(
                          index(
                            ri!viewDeviceStatus.furtherInformation,
                            "furtherInformationId",
                            null
                          )
                        )
                      ),
                      {},
                      #"SYSTEM_SYSRULES_richTextDisplayField"(
                        value: {
                          #"SYSTEM_SYSRULES_richTextItem"(
                            text: "Further information requested:"
                          ),
                          #"SYSTEM_SYSRULES_richTextBulletedList"(
                            items: {
                              #"SYSTEM_SYSRULES_richTextItem"(
                                text: "Reason: " &amp; #"_a-0000ded1-797d-8000-9ba2-011c48011c48_80097"(
                                  furtherInformationId: ri!viewDeviceStatus.furtherInformation.furtherInformationId
                                ).deviceRegistrationFurtherInformation
                              ),
                              #"SYSTEM_SYSRULES_richTextItem"(
                                text: "Comments: " &amp; ri!viewDeviceStatus.furtherInformation.furtherInformationComments
                              )
                            }
                          )
                        }
                      )
                    )
                  ),
                  /*---------*/
                  #"SYSTEM_SYSRULES_ButtonLayout"(
                    secondaryButtons: {
                      #"SYSTEM_SYSRULES_ButtonWidget"(
                        label: #"_a-0000dd1f-556d-8000-9ba2-011c48011c48_12753",
                        style: "NORMAL",
                        saveInto: {
                          a!save(
                            ri!selectedDevice,
                            null
                          ),
                          a!save(
                            local!selectedProductId,
                            null
                          ),
                          a!save(
                            ri!productsGridPaging,
                            1
                          ),
                          a!save(
                            local!selectedProductDetailsToRead,
                            null
                          )
                        }
                      )
                    }
                  )
                }
              )
            }
          )
        }
      )
    }
  )
)</definition>
        <namedTypedValue>
            <name>selectedDevice</name>
            <type>
                <name>MHRA_device_sp</name>
                <namespace>urn:com:appian:types:mhra:common</namespace>
            </type>
        </namedTypedValue>
        <namedTypedValue>
            <name>viewDeviceStatus</name>
            <type>
                <name>MHRA_deviceApproval_post</name>
                <namespace>urn:com:appian:types:mhra:common</namespace>
            </type>
        </namedTypedValue>
        <namedTypedValue>
            <name>isSelectable</name>
            <type>
                <name>boolean</name>
                <namespace>http://www.w3.org/2001/XMLSchema</namespace>
            </type>
        </namedTypedValue>
        <namedTypedValue>
            <name>manufacturerStatus</name>
            <type>
                <name>MHRA_manufacturerApproval_post</name>
                <namespace>urn:com:appian:types:mhra:common</namespace>
            </type>
        </namedTypedValue>
        <namedTypedValue>
            <name>appReferenceNumber</name>
            <type>
                <name>string</name>
                <namespace>http://www.w3.org/2001/XMLSchema</namespace>
            </type>
            <value/>
        </namedTypedValue>
        <namedTypedValue>
            <name>selectedDevices</name>
            <type>
                <name>Variant</name>
                <namespace>http://www.appian.com/ae/types/2009</namespace>
            </type>
        </namedTypedValue>
        <namedTypedValue>
            <name>listDevices</name>
            <type>
                <name>Variant</name>
                <namespace>http://www.appian.com/ae/types/2009</namespace>
            </type>
        </namedTypedValue>
        <namedTypedValue>
            <name>selectedReasons</name>
            <type>
                <name>MHRA_rejectionReasons_post?list</name>
                <namespace>urn:com:appian:types:mhra:common</namespace>
            </type>
        </namedTypedValue>
        <namedTypedValue>
            <name>reasonComments</name>
            <type>
                <name>string</name>
                <namespace>http://www.w3.org/2001/XMLSchema</namespace>
            </type>
            <value/>
        </namedTypedValue>
        <namedTypedValue>
            <name>updatedDevicesStatuses</name>
            <type>
                <name>MHRA_deviceApproval_post?list</name>
                <namespace>urn:com:appian:types:mhra:common</namespace>
            </type>
        </namedTypedValue>
        <namedTypedValue>
            <name>deviceStatuses</name>
            <type>
                <name>MHRA_deviceApproval_post?list</name>
                <namespace>urn:com:appian:types:mhra:common</namespace>
            </type>
        </namedTypedValue>
        <namedTypedValue>
            <name>deviceRejectionReasons</name>
            <type>
                <name>MHRA_accountRejectionReasonsResponse?list</name>
                <namespace>urn:com:appian:types:mhra:common</namespace>
            </type>
        </namedTypedValue>
        <namedTypedValue>
            <name>viewDeviceRejectionReasons</name>
            <type>
                <name>MHRA_rejectionReasons_post?list</name>
                <namespace>urn:com:appian:types:mhra:common</namespace>
            </type>
        </namedTypedValue>
        <namedTypedValue>
            <name>selectedFurtherInfoReasons</name>
            <type>
                <name>MHRA_SP_FurtherInformationPost?list</name>
                <namespace>urn:com:appian:types:mhra:common</namespace>
            </type>
        </namedTypedValue>
        <namedTypedValue>
            <name>userAction_txt</name>
            <type>
                <name>string</name>
                <namespace>http://www.w3.org/2001/XMLSchema</namespace>
            </type>
            <value/>
        </namedTypedValue>
        <namedTypedValue>
            <name>serviceCode</name>
            <type>
                <name>string</name>
                <namespace>http://www.w3.org/2001/XMLSchema</namespace>
            </type>
            <value/>
        </namedTypedValue>
        <namedTypedValue>
            <name>furtherInfoDetails</name>
            <type>
                <name>MHRA_SP_FurtherInformationDetailsGet?list</name>
                <namespace>urn:com:appian:types:mhra:common</namespace>
            </type>
        </namedTypedValue>
        <namedTypedValue>
            <name>countOfFurtherInfo</name>
            <type>
                <name>int</name>
                <namespace>http://www.w3.org/2001/XMLSchema</namespace>
            </type>
        </namedTypedValue>
        <namedTypedValue>
            <name>applicationActivityType</name>
            <type>
                <name>string</name>
                <namespace>http://www.w3.org/2001/XMLSchema</namespace>
            </type>
            <value/>
        </namedTypedValue>
        <namedTypedValue>
            <name>applicationStatusCode</name>
            <type>
                <name>string</name>
                <namespace>http://www.w3.org/2001/XMLSchema</namespace>
            </type>
            <value/>
        </namedTypedValue>
        <namedTypedValue>
            <name>assignedToUserName</name>
            <type>
                <name>string</name>
                <namespace>http://www.w3.org/2001/XMLSchema</namespace>
            </type>
            <value/>
        </namedTypedValue>
        <namedTypedValue>
            <name>productsGridPaging</name>
            <type>
                <name>PagingInfo</name>
                <namespace>http://www.appian.com/ae/types/2009</namespace>
            </type>
        </namedTypedValue>
        <metadataExpr></metadataExpr>
        <preferredEditor>interface</preferredEditor>
        <offlineEnabled>false</offlineEnabled>
    </rule>
    <roleMap public="true">
        <role inherit="false" allowForAll="true" name="readers">
            <users/>
            <groups>
                <groupUuid>_e-0000dd8d-014e-8000-9aee-01075c01075c_51</groupUuid>
                <groupUuid>_e-0000dd8d-014e-8000-9aee-01075c01075c_52</groupUuid>
            </groups>
        </role>
        <role inherit="false" allowForAll="true" name="authors">
            <users/>
            <groups>
                <groupUuid>_e-0000dd15-133b-8000-9aee-01075c01075c_45</groupUuid>
            </groups>
        </role>
        <role inherit="false" allowForAll="false" name="administrators">
            <users/>
            <groups>
                <groupUuid>_e-0000dd15-133b-8000-9aee-01075c01075c_49</groupUuid>
            </groups>
        </role>
        <role inherit="false" allowForAll="false" name="denyReaders">
            <users/>
            <groups/>
        </role>
        <role inherit="false" allowForAll="false" name="denyAuthors">
            <users/>
            <groups/>
        </role>
        <role inherit="false" allowForAll="false" name="denyAdministrators">
            <users/>
            <groups/>
        </role>
    </roleMap>
    <typedValue>
        <type>
            <name>RuleTestConfig?list</name>
            <namespace>http://www.appian.com/ae/types/2009</namespace>
        </type>
        <value>
            <el>
                <a:name/>
                <a:ruleInputTestConfigs>
                    <a:value xmlns:xsi="http://www.w3.org/2001/XMLSchema-instance" xsi:type="a:Expression">#"_a-0000ded1-797d-8000-9ba2-011c48011c48_77657"(
    appReferenceNumber: "2017102502818"
  )</a:value>
                    <a:nameRef>selectedDevice</a:nameRef>
                    <a:id/>
                </a:ruleInputTestConfigs>
                <a:ruleInputTestConfigs>
                    <a:value xmlns:n1="urn:com:appian:types:mhra:common" xmlns:xsi="http://www.w3.org/2001/XMLSchema-instance" xsi:nil="true" xsi:type="n1:MHRA_deviceApproval_post"/>
                    <a:nameRef>viewDeviceStatus</a:nameRef>
                    <a:id/>
                </a:ruleInputTestConfigs>
                <a:ruleInputTestConfigs>
                    <a:value xmlns:xsd="http://www.w3.org/2001/XMLSchema" xmlns:xsi="http://www.w3.org/2001/XMLSchema-instance" xsi:type="xsd:boolean">true</a:value>
                    <a:nameRef>isSelectable</a:nameRef>
                    <a:id/>
                </a:ruleInputTestConfigs>
                <a:ruleInputTestConfigs>
                    <a:value xmlns:n1="urn:com:appian:types:mhra:common" xmlns:xsi="http://www.w3.org/2001/XMLSchema-instance" xsi:nil="true" xsi:type="n1:MHRA_manufacturerApproval_post"/>
                    <a:nameRef>manufacturerStatus</a:nameRef>
                    <a:id/>
                </a:ruleInputTestConfigs>
                <a:ruleInputTestConfigs>
                    <a:value xmlns:xsd="http://www.w3.org/2001/XMLSchema" xmlns:xsi="http://www.w3.org/2001/XMLSchema-instance" xsi:type="xsd:string"/>
                    <a:nameRef>appReferenceNumber</a:nameRef>
                    <a:id/>
                </a:ruleInputTestConfigs>
                <a:ruleInputTestConfigs>
                    <a:value xmlns:xsd="http://www.w3.org/2001/XMLSchema" xmlns:xsi="http://www.w3.org/2001/XMLSchema-instance" xsi:type="xsd:string"/>
                    <a:nameRef>selectedDevices</a:nameRef>
                    <a:id/>
                </a:ruleInputTestConfigs>
                <a:ruleInputTestConfigs>
                    <a:value xmlns:xsi="http://www.w3.org/2001/XMLSchema-instance" xsi:type="a:Expression">#"_a-0000ded1-797d-8000-9ba2-011c48011c48_77657"(
    appReferenceNumber: "2017102502818"
  )</a:value>
                    <a:nameRef>listDevices</a:nameRef>
                    <a:id/>
                </a:ruleInputTestConfigs>
                <a:ruleInputTestConfigs>
                    <a:nameRef>selectedReasons</a:nameRef>
                    <a:id/>
                </a:ruleInputTestConfigs>
                <a:ruleInputTestConfigs>
                    <a:value xmlns:xsd="http://www.w3.org/2001/XMLSchema" xmlns:xsi="http://www.w3.org/2001/XMLSchema-instance" xsi:type="xsd:string"/>
                    <a:nameRef>reasonComments</a:nameRef>
                    <a:id/>
                </a:ruleInputTestConfigs>
                <a:ruleInputTestConfigs>
                    <a:nameRef>updatedDevicesStatuses</a:nameRef>
                    <a:id/>
                </a:ruleInputTestConfigs>
                <a:ruleInputTestConfigs>
                    <a:nameRef>deviceStatuses</a:nameRef>
                    <a:id/>
                </a:ruleInputTestConfigs>
                <a:ruleInputTestConfigs>
                    <a:nameRef>deviceRejectionReasons</a:nameRef>
                    <a:id/>
                </a:ruleInputTestConfigs>
                <a:ruleInputTestConfigs>
                    <a:nameRef>viewDeviceRejectionReasons</a:nameRef>
                    <a:id/>
                </a:ruleInputTestConfigs>
                <a:ruleInputTestConfigs>
                    <a:nameRef>selectedFurtherInfoReasons</a:nameRef>
                    <a:id/>
                </a:ruleInputTestConfigs>
                <a:ruleInputTestConfigs>
                    <a:value xmlns:xsd="http://www.w3.org/2001/XMLSchema" xmlns:xsi="http://www.w3.org/2001/XMLSchema-instance" xsi:type="xsd:string"/>
                    <a:nameRef>userAction_txt</a:nameRef>
                    <a:id/>
                </a:ruleInputTestConfigs>
                <a:ruleInputTestConfigs>
                    <a:value xmlns:xsd="http://www.w3.org/2001/XMLSchema" xmlns:xsi="http://www.w3.org/2001/XMLSchema-instance" xsi:type="xsd:string"/>
                    <a:nameRef>serviceCode</a:nameRef>
                    <a:id/>
                </a:ruleInputTestConfigs>
                <a:ruleInputTestConfigs>
                    <a:nameRef>furtherInfoDetails</a:nameRef>
                    <a:id/>
                </a:ruleInputTestConfigs>
                <a:ruleInputTestConfigs>
                    <a:value xmlns:xsd="http://www.w3.org/2001/XMLSchema" xmlns:xsi="http://www.w3.org/2001/XMLSchema-instance" xsi:nil="true" xsi:type="xsd:int"/>
                    <a:nameRef>countOfFurtherInfo</a:nameRef>
                    <a:id/>
                </a:ruleInputTestConfigs>
                <a:ruleInputTestConfigs>
                    <a:value xmlns:xsd="http://www.w3.org/2001/XMLSchema" xmlns:xsi="http://www.w3.org/2001/XMLSchema-instance" xsi:type="xsd:string"/>
                    <a:nameRef>applicationActivityType</a:nameRef>
                    <a:id/>
                </a:ruleInputTestConfigs>
                <a:ruleInputTestConfigs>
                    <a:value xmlns:xsd="http://www.w3.org/2001/XMLSchema" xmlns:xsi="http://www.w3.org/2001/XMLSchema-instance" xsi:type="xsd:string"/>
                    <a:nameRef>applicationStatusCode</a:nameRef>
                    <a:id/>
                </a:ruleInputTestConfigs>
                <a:ruleInputTestConfigs>
                    <a:value xmlns:xsd="http://www.w3.org/2001/XMLSchema" xmlns:xsi="http://www.w3.org/2001/XMLSchema-instance" xsi:type="xsd:string"/>
                    <a:nameRef>assignedToUserName</a:nameRef>
                    <a:id/>
                </a:ruleInputTestConfigs>
                <a:ruleInputTestConfigs>
                    <a:value xmlns:xsi="http://www.w3.org/2001/XMLSchema-instance" xsi:nil="true" xsi:type="a:PagingInfo"/>
                    <a:nameRef>productsGridPaging</a:nameRef>
                    <a:id/>
                </a:ruleInputTestConfigs>
                <a:assertions xmlns:xsi="http://www.w3.org/2001/XMLSchema-instance" xsi:nil="true"/>
            </el>
        </value>
    </typedValue>
    <history>
        <historyInfo versionUuid="_a-0000df82-45aa-8000-9ba2-011c48011c48_165760"/>
        <historyInfo versionUuid="_a-0000df82-45aa-8000-9ba2-011c48011c48_166539"/>
        <historyInfo versionUuid="_a-0000df82-45aa-8000-9ba2-011c48011c48_173419"/>
        <historyInfo versionUuid="_a-0000df82-45aa-8000-9ba2-011c48011c48_184118"/>
        <historyInfo versionUuid="_a-0000df82-45aa-8000-9ba2-011c48011c48_190196"/>
        <historyInfo versionUuid="_a-0000df82-45aa-8000-9ba2-011c48011c48_192226"/>
        <historyInfo versionUuid="_a-0000df82-45aa-8000-9ba2-011c48011c48_201802"/>
        <historyInfo versionUuid="_a-0000df82-45aa-8000-9ba2-011c48011c48_202507"/>
        <historyInfo versionUuid="_a-0000df82-45aa-8000-9ba2-011c48011c48_220681"/>
        <historyInfo versionUuid="_a-0000dff4-f2e5-8000-9ba2-011c48011c48_306724"/>
        <historyInfo versionUuid="_a-0000e05b-b197-8000-9ba2-011c48011c48_522559"/>
    </history>
</contentHaul>
