<?xml version="1.0" encoding="UTF-8" standalone="yes"?>
<contentHaul xmlns:a="http://www.appian.com/ae/types/2009">
    <versionUuid>_a-0000e05b-b197-8000-9ba2-011c48011c48_520218</versionUuid>
    <rule>
        <name>CFS_f_rejectManufactuer</name>
        <uuid>_a-0000dea9-da8d-8000-9ba2-011c48011c48_70914</uuid>
        <description>interface form for CFS reject manufacturer from All applications record</description>
        <parentUuid>_a-0000de4d-c845-8000-9ba2-011c48011c48_48258</parentUuid>
        <visibility>
            <advertise>false</advertise>
            <hierarchy>true</hierarchy>
            <indexable>true</indexable>
            <quota>false</quota>
            <searchable>true</searchable>
            <system>false</system>
            <unlogged>false</unlogged>
        </visibility>
        <definition>load(
  local!selectedReasons,
  local!manufacturerRejectionReasons: #"_a-0000dff4-f2e5-8000-9ba2-011c48011c48_293909"(
    typeCode: "CFSMAN"
  ),
  local!paging: #"SYSTEM_SYSRULES_pagingInfo"(
    startIndex: 1,
    batchSize: - 1,
    sort: #"SYSTEM_SYSRULES_sortInfo"(
      field: "rejectionReasonDesc",
      ascending: true
    )
  ),
  local!orderedList: todatasubset(
    local!manufacturerRejectionReasons,
    local!paging
  ),
  local!whereIsOther: whereContains(
    {
      "Other"
    },
    local!orderedList.data.rejectionReasonDesc
  ),
  local!other: index(
    local!orderedList.data,
    local!whereIsOther,
    {}
  ),
  local!noOther: remove(
    local!orderedList.data,
    local!whereIsOther
  ),
  local!otherAtBottom: append(
    local!noOther,
    local!other
  ),
  local!selectedRejectionReasons,
  local!otherComment,
  local!emailBodyText,
  #"SYSTEM_SYSRULES_formLayout_v1"(
    label: "Reject new manufacturer for CFS - Reference: " &amp; ri!appReference,
    contents: {
      #"SYSTEM_SYSRULES_sectionLayout_v1"(
        label: "Select a rejection reason",
        contents: {
          #"SYSTEM_SYSRULES_columnsLayout"(
            columns: {
              #"SYSTEM_SYSRULES_columnLayout"(
                contents: {
                  #"SYSTEM_SYSRULES_checkboxField"(
                    label: "",
                    labelPosition: "COLLAPSED",
                    choiceLabels: local!otherAtBottom.rejectionReasonDesc,
                    choiceValues: local!otherAtBottom,
                    value: local!selectedReasons,
                    saveInto: {
                      local!selectedReasons
                    }
                  ),
                  if(
                    contains(
                      index(
                        local!selectedReasons,
                        "rejectionReason",
                        ""
                      ),
                      "OTHER"
                    ),
                    #"SYSTEM_SYSRULES_textField"(
                      label: "Please specify",
                      value: local!otherComment,
                      saveInto: local!otherComment,
                      required: true(),
                      refreshAfter: "KEYPRESS",
                      validationGroup: "Reject"
                    ),
                    {}
                  )
                }
              ),
              #"SYSTEM_SYSRULES_columnLayout"()
            }
          )
        }
      ),
      #"SYSTEM_SYSRULES_sectionLayout_v1"(
        label: "Rejection email",
        contents: {
          #"SYSTEM_SYSRULES_columnsLayout"(
            columns: {
              #"SYSTEM_SYSRULES_columnLayout"(
                contents: {
                  #"SYSTEM_SYSRULES_richTextDisplayField"(
                    value: #"SYSTEM_SYSRULES_richTextItem"(
                      text: "Regarding your request to register the organisation " &amp; ri!manufacturerName &amp; ". On the MHRA Certificate of Free Sale system (CFS), we have to advise you that it has not passed our validation checks."
                    )
                  ),
                  #"SYSTEM_SYSRULES_richTextDisplayField"(
                    value: {
                      #"SYSTEM_SYSRULES_richTextItem"(
                        text: "Your request has, therfore, been denied. The reason(s) are stated below:"
                      ),
                      if(
                        #"_a-0000d62a-67b3-8000-da6f-010000010000_951"(
                          local!selectedReasons
                        ),
                        "",
                        #"SYSTEM_SYSRULES_richTextBulletedList"(
                          apply(
                            displayvalue(
                              _,
                              difference(
                                touniformstring(
                                  index(
                                    local!otherAtBottom,
                                    "rejectionReason",
                                    ""
                                  )
                                ),
                                "OTHER"
                              ),
                              index(
                                local!otherAtBottom,
                                "rejectionReasonDesc",
                                ""
                              ),
                              local!otherComment
                            ),
                            index(
                              local!selectedReasons,
                              "rejectionReason",
                              ""
                            )
                          )
                        )
                      )
                    }
                  ),
                  #"SYSTEM_SYSRULES_paragraphField"(
                    value: local!emailBodyText,
                    saveInto: local!emailBodyText,
                    placeholder: "if you need to add something to this rejection email, use this box."
                  ),
                  #"SYSTEM_SYSRULES_richTextDisplayField"(
                    value: #"SYSTEM_SYSRULES_richTextItem"(
                      text: "If you have any questions, please contact the MHRA CFS Administration Team:"
                    )
                  ),
                  #"SYSTEM_SYSRULES_richTextDisplayField"(
                    value: #"SYSTEM_SYSRULES_richTextItem"(
                      text: "Email: device.cfs@mhra.gov.uk
Tel: 020 3080 7171"
                    )
                  ),
                  #"SYSTEM_SYSRULES_richTextDisplayField"(
                    value: #"SYSTEM_SYSRULES_richTextItem"(
                      text: "Yours sincerely,"
                    )
                  ),
                  #"SYSTEM_SYSRULES_richTextDisplayField"(
                    value: #"SYSTEM_SYSRULES_richTextItem"(
                      text: "The CFS Administration Team, MHRA"
                    )
                  ),
                  if(
                    #"_a-0000d62a-67b3-8000-da6f-010000010000_951"(
                      local!selectedReasons
                    ),
                    #"SYSTEM_SYSRULES_richTextDisplayField"(
                      value: {
                        #"SYSTEM_SYSRULES_richTextImage"(
                          image: #"SYSTEM_SYSRULES_documentImage"(
                            document: #"SYSTEM_SYSRULES_iconIndicator"(
                              icon: "STATUS_WARN"
                            )
                          )
                        ),
                        #"SYSTEM_SYSRULES_richTextItem"(
                          text: "To reject a manufacturer you must select a rejection reason.",
                          style: "EMPHASIS"
                        )
                      }
                    ),
                    {}
                  )
                }
              ),
              #"SYSTEM_SYSRULES_columnLayout"()
            }
          )
        }
      )
    },
    buttons: #"SYSTEM_SYSRULES_ButtonLayout"(
      secondaryButtons: {
        {
          #"SYSTEM_SYSRULES_ButtonWidgetSubmit"(
            label: "Reject new manufacturer",
            style: "DESTRUCTIVE",
            value: ri!buttonAction,
            validationGroup: "Reject",
            disabled: #"_a-0000d62a-67b3-8000-da6f-010000010000_951"(
              local!selectedReasons
            ),
            saveInto: {
              ri!buttonAction,
              a!save(
                local!selectedRejectionReasons,
                apply(
                  'type!{urn:com:appian:types:mhra:common}MHRA_rejectionReasons_post'(
                    rejection: _,
                    rejectionId: _,
                    rejectionReason: _
                  ),
                  merge(
                    local!selectedReasons.rejectionReason,
                    local!selectedReasons.rejectionId,
                    local!selectedReasons.rejectionReasonDesc
                  )
                )
              ),
              a!save(
                local!selectedRejectionReasons,
                updatearray(
                  local!selectedRejectionReasons,
                  wherecontains(
                    #"_a-0000dea9-da8d-8000-9ba2-011c48011c48_70905",
                    cast(
                      typeof(
                        {
                          #"_a-0000dea9-da8d-8000-9ba2-011c48011c48_70905"
                        }
                      ),
                      index(
                        local!selectedRejectionReasons,
                        "rejection",
                        {}
                      )
                    )
                  ),
                  'type!{urn:com:appian:types:mhra:common}MHRA_rejectionReasons_post'(
                    rejectionId: displayvalue(
                      #"_a-0000dea9-da8d-8000-9ba2-011c48011c48_70905",
                      index(
                        local!selectedRejectionReasons,
                        "rejection",
                        {}
                      ),
                      index(
                        local!selectedRejectionReasons,
                        "rejectionId",
                        {}
                      ),
                      {}
                    ),
                    rejection: #"_a-0000dea9-da8d-8000-9ba2-011c48011c48_70905",
                    rejectionComments: local!otherComment
                  )
                )
              ),
              a!save(
                ri!manufacturerStatus,
                'type!{urn:com:appian:types:mhra:common}MHRA_manufacturerApproval_post'(
                  orgId: ri!organisationId,
                  status: #"_a-0000dea9-da8d-8000-9ba2-011c48011c48_70860",
                  updatedDateTime: now(),
                  appRejectionEmailBody: local!emailBodyText,
                  rejectionReasons: local!selectedRejectionReasons
                )
              )
            }
          ),
          #"SYSTEM_SYSRULES_ButtonWidgetSubmit"(
            label: #"_a-0000dcf0-31ad-8000-9ba2-011c48011c48_3969",
            style: "NORMAL",
            value: ri!buttonAction,
            saveInto: ri!buttonAction
          )
        }
      }
    )
  )
)</definition>
        <namedTypedValue>
            <name>appReference</name>
            <type>
                <name>string</name>
                <namespace>http://www.w3.org/2001/XMLSchema</namespace>
            </type>
            <value/>
        </namedTypedValue>
        <namedTypedValue>
            <name>manufacturerName</name>
            <type>
                <name>string</name>
                <namespace>http://www.w3.org/2001/XMLSchema</namespace>
            </type>
            <value/>
        </namedTypedValue>
        <namedTypedValue>
            <name>buttonAction</name>
            <type>
                <name>string</name>
                <namespace>http://www.w3.org/2001/XMLSchema</namespace>
            </type>
            <value/>
        </namedTypedValue>
        <namedTypedValue>
            <name>manufacturerStatus</name>
            <type>
                <name>MHRA_manufacturerApproval_post</name>
                <namespace>urn:com:appian:types:mhra:common</namespace>
            </type>
        </namedTypedValue>
        <namedTypedValue>
            <name>organisationId</name>
            <type>
                <name>int</name>
                <namespace>http://www.w3.org/2001/XMLSchema</namespace>
            </type>
        </namedTypedValue>
        <metadataExpr></metadataExpr>
        <preferredEditor>interface</preferredEditor>
        <offlineEnabled>false</offlineEnabled>
    </rule>
    <roleMap public="true">
        <role inherit="false" allowForAll="false" name="readers">
            <users/>
            <groups>
                <groupUuid>_e-0000dd8d-014e-8000-9aee-01075c01075c_51</groupUuid>
                <groupUuid>_e-0000dd8d-014e-8000-9aee-01075c01075c_52</groupUuid>
            </groups>
        </role>
        <role inherit="false" allowForAll="false" name="authors">
            <users/>
            <groups>
                <groupUuid>_e-0000dd15-133b-8000-9aee-01075c01075c_45</groupUuid>
            </groups>
        </role>
        <role inherit="false" allowForAll="false" name="administrators">
            <users/>
            <groups>
                <groupUuid>_e-0000dd15-133b-8000-9aee-01075c01075c_49</groupUuid>
            </groups>
        </role>
        <role inherit="false" allowForAll="false" name="denyReaders">
            <users/>
            <groups/>
        </role>
        <role inherit="false" allowForAll="false" name="denyAuthors">
            <users/>
            <groups/>
        </role>
        <role inherit="false" allowForAll="false" name="denyAdministrators">
            <users/>
            <groups/>
        </role>
    </roleMap>
    <typedValue>
        <type>
            <name>RuleTestConfig?list</name>
            <namespace>http://www.appian.com/ae/types/2009</namespace>
        </type>
        <value>
            <el>
                <a:name/>
                <a:ruleInputTestConfigs>
                    <a:value xmlns:xsi="http://www.w3.org/2001/XMLSchema-instance" xsi:type="a:Expression">3323242</a:value>
                    <a:nameRef>appReference</a:nameRef>
                    <a:id/>
                </a:ruleInputTestConfigs>
                <a:ruleInputTestConfigs>
                    <a:value xmlns:xsd="http://www.w3.org/2001/XMLSchema" xmlns:xsi="http://www.w3.org/2001/XMLSchema-instance" xsi:type="xsd:string">ddfeefd</a:value>
                    <a:nameRef>manufacturerName</a:nameRef>
                    <a:id/>
                </a:ruleInputTestConfigs>
                <a:ruleInputTestConfigs>
                    <a:value xmlns:xsd="http://www.w3.org/2001/XMLSchema" xmlns:xsi="http://www.w3.org/2001/XMLSchema-instance" xsi:type="xsd:string"/>
                    <a:nameRef>buttonAction</a:nameRef>
                    <a:id/>
                </a:ruleInputTestConfigs>
                <a:ruleInputTestConfigs>
                    <a:value xmlns:n1="urn:com:appian:types:mhra:common" xmlns:xsi="http://www.w3.org/2001/XMLSchema-instance" xsi:nil="true" xsi:type="n1:MHRA_manufacturerApproval_post"/>
                    <a:nameRef>manufacturerStatus</a:nameRef>
                    <a:id/>
                </a:ruleInputTestConfigs>
                <a:ruleInputTestConfigs>
                    <a:value xmlns:xsd="http://www.w3.org/2001/XMLSchema" xmlns:xsi="http://www.w3.org/2001/XMLSchema-instance" xsi:nil="true" xsi:type="xsd:int"/>
                    <a:nameRef>organisationId</a:nameRef>
                    <a:id/>
                </a:ruleInputTestConfigs>
                <a:assertions xmlns:xsi="http://www.w3.org/2001/XMLSchema-instance" xsi:nil="true"/>
            </el>
        </value>
    </typedValue>
    <history>
        <historyInfo versionUuid="_a-0000df82-45aa-8000-9ba2-011c48011c48_174607"/>
        <historyInfo versionUuid="_a-0000e05b-b197-8000-9ba2-011c48011c48_520218"/>
    </history>
</contentHaul>
