<?xml version="1.0" encoding="UTF-8" standalone="yes"?>
<contentHaul xmlns:a="http://www.appian.com/ae/types/2009">
    <versionUuid>_a-0000df82-45aa-8000-9ba2-011c48011c48_194454</versionUuid>
    <rule>
        <name>MHRA_isPaymentNeededForChanges</name>
        <uuid>_a-0000df25-d2bb-8000-9ba2-011c48011c48_92379</uuid>
        <description>Return true /  false based on the changes made</description>
        <parentUuid>_a-0000ddfd-93a8-8000-9ba2-011c48011c48_43757</parentUuid>
        <visibility>
            <advertise>false</advertise>
            <hierarchy>true</hierarchy>
            <indexable>true</indexable>
            <quota>false</quota>
            <searchable>true</searchable>
            <system>false</system>
            <unlogged>false</unlogged>
        </visibility>
        <definition>not(and(
  ri!originalDetails.organisationName = ri!updatedDetails.organisationName,
  ri!originalDetails.address.line_1 = ri!updatedDetails.address.line_1,
  ri!originalDetails.address.line_2 = ri!updatedDetails.address.line_2,
  ri!originalDetails.address.line_3 = ri!updatedDetails.address.line_3,
  ri!originalDetails.address.line_4 = ri!updatedDetails.address.line_4,
  ri!originalDetails.address.region = ri!updatedDetails.address.region,
  ri!originalDetails.address.county = ri!updatedDetails.address.county,
  ri!originalDetails.address.city = ri!updatedDetails.address.city,
  ri!originalDetails.address.state = ri!updatedDetails.address.state,
  ri!originalDetails.address.countryId = ri!updatedDetails.address.countryId
))</definition>
        <namedTypedValue>
            <name>originalDetails</name>
            <type>
                <name>MHRA_SP_OrganisationDetailsPost</name>
                <namespace>urn:com:appian:types:mhra:common</namespace>
            </type>
        </namedTypedValue>
        <namedTypedValue>
            <name>updatedDetails</name>
            <type>
                <name>MHRA_SP_OrganisationDetailsPost</name>
                <namespace>urn:com:appian:types:mhra:common</namespace>
            </type>
        </namedTypedValue>
        <preferredEditor>legacy</preferredEditor>
        <offlineEnabled>false</offlineEnabled>
    </rule>
    <roleMap public="true">
        <role inherit="false" allowForAll="true" name="readers">
            <users/>
            <groups/>
        </role>
        <role inherit="false" allowForAll="true" name="authors">
            <users/>
            <groups>
                <groupUuid>_e-0000dd15-133b-8000-9aee-01075c01075c_45</groupUuid>
            </groups>
        </role>
        <role inherit="false" allowForAll="false" name="administrators">
            <users>
                <userUuid>Administrator</userUuid>
            </users>
            <groups>
                <groupUuid>_e-0000dd15-133b-8000-9aee-01075c01075c_49</groupUuid>
            </groups>
        </role>
        <role inherit="false" allowForAll="false" name="denyReaders">
            <users/>
            <groups/>
        </role>
        <role inherit="false" allowForAll="false" name="denyAuthors">
            <users/>
            <groups/>
        </role>
        <role inherit="false" allowForAll="false" name="denyAdministrators">
            <users/>
            <groups/>
        </role>
    </roleMap>
    <history>
        <historyInfo versionUuid="_a-0000df82-45aa-8000-9ba2-011c48011c48_194454"/>
    </history>
</contentHaul>
