<?xml version="1.0" encoding="UTF-8" standalone="yes"?>
<contentHaul xmlns:a="http://www.appian.com/ae/types/2009">
    <versionUuid>_a-0000df82-45aa-8000-9ba2-011c48011c48_166192</versionUuid>
    <rule>
        <name>MHRA_SP_getContactDetailsByOrgIdOrUserName</name>
        <uuid>_a-0000ded1-797d-8000-9ba2-011c48011c48_76676</uuid>
        <description>Stored proc call to get all contact details based on organisationId or userName</description>
        <parentUuid>_a-0000ddfd-93a8-8000-9ba2-011c48011c48_41421</parentUuid>
        <visibility>
            <advertise>false</advertise>
            <hierarchy>true</hierarchy>
            <indexable>true</indexable>
            <quota>false</quota>
            <searchable>true</searchable>
            <system>false</system>
            <unlogged>false</unlogged>
        </visibility>
        <definition>with(
  local!result: fn!executestoredprocedure(
    dataSourceName: #"_a-0000ddfd-93a8-8000-9ba2-011c48011c48_44005",
    procedureName: "dbo.usp_Organisation_Contact_Get",
    inputs: {
      if(
        #"_a-0000d62a-67b3-8000-da6f-010000010000_951"(
          ri!organisationId
        ),
        {},
        {
          name: "organisation_id",
          value: ri!organisationId
        }
      ),
      if(
        #"_a-0000d62a-67b3-8000-da6f-010000010000_951"(
          ri!individualId
        ),
        {},
        {
          name: "userId",
          value: ri!individualId
        }
      ),
      if(
        #"_a-0000d62a-67b3-8000-da6f-010000010000_951"(
          ri!userName
        ),
        {},
        {
          name: "userName",
          value: ri!userName
        }
      ),
      if(
        #"_a-0000d62a-67b3-8000-da6f-010000010000_951"(
          ri!isMainContact
        ),
        {},
        {
          name: "isMainContact",
          value: ri!isMainContact
        }
      ),
      if(
        #"_a-0000d62a-67b3-8000-da6f-010000010000_951"(
          ri!ruturnAllContacts
        ),
        {},
        {
          name: "allContacts",
          value: ri!ruturnAllContacts
        }
      )      
    }
  ),
  local!cond: if(
    local!result.success,
    if(
      #"_a-0000d62a-67b3-8000-da6f-010000010000_951"(ri!organisationId),
      cast(
        typeof('type!{urn:com:appian:types:mhra:common}MHRA_SP_ContactDetailsGet'()),
        local!result.result  
      ),
      cast(
        typeof({'type!{urn:com:appian:types:mhra:common}MHRA_SP_ContactDetailsGet'()}),
        local!result.result  
      )
    ),
    {}
  ),
  if(
    local!cond = 'type!{urn:com:appian:types:mhra:common}MHRA_SP_ContactDetailsGet'(),
    {},
    local!cond
  )
)</definition>
        <namedTypedValue>
            <name>organisationId</name>
            <type>
                <name>int</name>
                <namespace>http://www.w3.org/2001/XMLSchema</namespace>
            </type>
        </namedTypedValue>
        <namedTypedValue>
            <name>userName</name>
            <type>
                <name>string</name>
                <namespace>http://www.w3.org/2001/XMLSchema</namespace>
            </type>
            <value/>
        </namedTypedValue>
        <namedTypedValue>
            <name>isMainContact</name>
            <type>
                <name>boolean</name>
                <namespace>http://www.w3.org/2001/XMLSchema</namespace>
            </type>
        </namedTypedValue>
        <namedTypedValue>
            <name>individualId</name>
            <type>
                <name>int</name>
                <namespace>http://www.w3.org/2001/XMLSchema</namespace>
            </type>
        </namedTypedValue>
        <namedTypedValue>
            <name>ruturnAllContacts</name>
            <type>
                <name>boolean</name>
                <namespace>http://www.w3.org/2001/XMLSchema</namespace>
            </type>
        </namedTypedValue>
        <preferredEditor>legacy</preferredEditor>
        <offlineEnabled>false</offlineEnabled>
    </rule>
    <roleMap public="true">
        <role inherit="false" allowForAll="true" name="readers">
            <users/>
            <groups>
                <groupUuid>_e-0000dd8d-014e-8000-9aee-01075c01075c_51</groupUuid>
                <groupUuid>_e-0000dd8d-014e-8000-9aee-01075c01075c_52</groupUuid>
            </groups>
        </role>
        <role inherit="false" allowForAll="false" name="authors">
            <users/>
            <groups>
                <groupUuid>_e-0000dd15-133b-8000-9aee-01075c01075c_45</groupUuid>
            </groups>
        </role>
        <role inherit="false" allowForAll="false" name="administrators">
            <users/>
            <groups>
                <groupUuid>_e-0000dd15-133b-8000-9aee-01075c01075c_49</groupUuid>
            </groups>
        </role>
        <role inherit="false" allowForAll="false" name="denyReaders">
            <users/>
            <groups/>
        </role>
        <role inherit="false" allowForAll="false" name="denyAuthors">
            <users/>
            <groups/>
        </role>
        <role inherit="false" allowForAll="false" name="denyAdministrators">
            <users/>
            <groups/>
        </role>
    </roleMap>
    <history>
        <historyInfo versionUuid="_a-0000df82-45aa-8000-9ba2-011c48011c48_166192"/>
    </history>
</contentHaul>
