<?xml version="1.0" encoding="UTF-8" standalone="yes"?>
<contentHaul xmlns:a="http://www.appian.com/ae/types/2009">
    <versionUuid>_a-0000df82-45aa-8000-9ba2-011c48011c48_194620</versionUuid>
    <rule>
        <name>MHRA_SP_getRefApplicationTypes</name>
        <uuid>_a-0000ded1-797d-8000-9ba2-011c48011c48_82581</uuid>
        <description>Returns all application types</description>
        <parentUuid>_a-0000ddfd-93a8-8000-9ba2-011c48011c48_41421</parentUuid>
        <visibility>
            <advertise>false</advertise>
            <hierarchy>true</hierarchy>
            <indexable>true</indexable>
            <quota>false</quota>
            <searchable>true</searchable>
            <system>false</system>
            <unlogged>false</unlogged>
        </visibility>
        <definition>with(
  local!result: fn!executestoredprocedure(
    dataSourceName: #"_a-0000ddfd-93a8-8000-9ba2-011c48011c48_44005",
    procedureName: #"_a-0000ded1-797d-8000-9ba2-011c48011c48_82583",
    inputs: {
      if(
        #"_a-0000d62a-67b3-8000-da6f-010000010000_951"(
          ri!serviceIds
        ),
        {},
        {
          name: "serviceId",
          value: ri!serviceIds
        }
      ),
      if(
        #"_a-0000d62a-67b3-8000-da6f-010000010000_951"(
          ri!isBusinessApplicationTypes
        ),
        {},
        {
          name: "isBusiness",
          value: ri!isBusinessApplicationTypes
        }
      )
    }
  ),
  if(
    local!result.success,
    cast(
      typeof(
        {
          'type!{urn:com:appian:types:mhra:common}MHRA_applicationType'()
        }
      ),
      local!result.result
    ),
    {}
  )
)</definition>
        <namedTypedValue>
            <name>serviceIds</name>
            <type>
                <name>Integer?list</name>
                <namespace>http://www.appian.com/ae/types/2009</namespace>
            </type>
        </namedTypedValue>
        <namedTypedValue>
            <name>isBusinessApplicationTypes</name>
            <type>
                <name>boolean</name>
                <namespace>http://www.w3.org/2001/XMLSchema</namespace>
            </type>
        </namedTypedValue>
        <preferredEditor>legacy</preferredEditor>
        <offlineEnabled>false</offlineEnabled>
    </rule>
    <roleMap public="true">
        <role inherit="false" allowForAll="true" name="readers">
            <users/>
            <groups/>
        </role>
        <role inherit="false" allowForAll="true" name="authors">
            <users/>
            <groups>
                <groupUuid>_e-0000dd15-133b-8000-9aee-01075c01075c_45</groupUuid>
            </groups>
        </role>
        <role inherit="false" allowForAll="false" name="administrators">
            <users/>
            <groups>
                <groupUuid>_e-0000dd15-133b-8000-9aee-01075c01075c_49</groupUuid>
            </groups>
        </role>
        <role inherit="false" allowForAll="false" name="denyReaders">
            <users/>
            <groups/>
        </role>
        <role inherit="false" allowForAll="false" name="denyAuthors">
            <users/>
            <groups/>
        </role>
        <role inherit="false" allowForAll="false" name="denyAdministrators">
            <users/>
            <groups/>
        </role>
    </roleMap>
    <history>
        <historyInfo versionUuid="_a-0000df82-45aa-8000-9ba2-011c48011c48_194620"/>
    </history>
</contentHaul>
