<?xml version="1.0" encoding="UTF-8" standalone="yes"?>
<contentHaul xmlns:a="http://www.appian.com/ae/types/2009">
    <versionUuid>_a-0000df82-45aa-8000-9ba2-011c48011c48_194694</versionUuid>
    <rulesFolder>
        <name>ARM Interfaces</name>
        <uuid>_a-0000dd1f-556d-8000-9ba2-011c48011c48_10576</uuid>
        <description>Folder that contains interfaces for Account Registration and Management.</description>
        <parentUuid>_a-0000ddf4-6a4f-8000-9ba2-011c48011c48_37340</parentUuid>
        <visibility>
            <advertise>false</advertise>
            <hierarchy>true</hierarchy>
            <indexable>true</indexable>
            <quota>false</quota>
            <searchable>true</searchable>
            <system>false</system>
            <unlogged>false</unlogged>
        </visibility>
    </rulesFolder>
    <roleMap public="true">
        <role inherit="false" allowForAll="false" name="readers">
            <users/>
            <groups>
                <groupUuid>_e-0000dd8d-014e-8000-9aee-01075c01075c_51</groupUuid>
                <groupUuid>_e-0000dd8d-014e-8000-9aee-01075c01075c_52</groupUuid>
                <groupUuid>_e-0000de55-aed2-8000-9aee-01075c01075c_65</groupUuid>
                <groupUuid>_e-0000de55-aed2-8000-9aee-01075c01075c_64</groupUuid>
            </groups>
        </role>
        <role inherit="false" allowForAll="false" name="authors">
            <users/>
            <groups>
                <groupUuid>_e-0000dd15-133b-8000-9aee-01075c01075c_45</groupUuid>
            </groups>
        </role>
        <role inherit="false" allowForAll="false" name="administrators">
            <users/>
            <groups>
                <groupUuid>_e-0000dd15-133b-8000-9aee-01075c01075c_49</groupUuid>
            </groups>
        </role>
        <role inherit="false" allowForAll="false" name="denyReaders">
            <users/>
            <groups/>
        </role>
        <role inherit="false" allowForAll="false" name="denyAuthors">
            <users/>
            <groups/>
        </role>
        <role inherit="false" allowForAll="false" name="denyAdministrators">
            <users/>
            <groups/>
        </role>
    </roleMap>
    <history>
        <historyInfo versionUuid="_a-0000df82-45aa-8000-9ba2-011c48011c48_194694"/>
    </history>
</contentHaul>
