<?xml version="1.0" encoding="UTF-8" standalone="yes"?>
<contentHaul xmlns:a="http://www.appian.com/ae/types/2009">
    <versionUuid>_a-0000e01b-7b42-8000-9ba2-011c48011c48_421573</versionUuid>
    <rule>
        <name>MHRA_SP_getDocumentsForCFSOrderApplication</name>
        <uuid>_a-0000ded1-797d-8000-9ba2-011c48011c48_80646</uuid>
        <description>Gets the documents for cfs order application type</description>
        <parentUuid>_a-0000ddfd-93a8-8000-9ba2-011c48011c48_43757</parentUuid>
        <visibility>
            <advertise>false</advertise>
            <hierarchy>true</hierarchy>
            <indexable>true</indexable>
            <quota>false</quota>
            <searchable>true</searchable>
            <system>false</system>
            <unlogged>false</unlogged>
        </visibility>
        <definition>{
  CoverLetterDetails: index(
    ri!documentsList,
    wherecontains(
      {
        "Cover Letter"
      },
      touniformstring(
        index(
          ri!documentsList,
          "documentType",
          {}
        )
      )
    ),
    {}
  ),
  CFSCertificateDetails: index(
    ri!documentsList,
    wherecontains(
      {
        "CFS Certificate"
      },
      touniformstring(
        index(
          ri!documentsList,
          "documentType",
          {}
        )
      )
    ),
    {}
  ),
  CFSScheduleDetails: index(
    ri!documentsList,
    wherecontains(
      {
        "CFS Schedule"
      },
      touniformstring(
        index(
          ri!documentsList,
          "documentType",
          {}
        )
      )
    ),
    {}
  ),
  ReceiptDetails: index(
    ri!documentsList,
    wherecontains(
      {
        "Receipt"
      },
      touniformstring(
        index(
          ri!documentsList,
          "documentType",
          {}
        )
      )
    ),
    {}
  )
}</definition>
        <namedTypedValue>
            <name>documentsList</name>
            <type>
                <name>MHRA_API_documentDetails?list</name>
                <namespace>urn:com:appian:types:mhra:common</namespace>
            </type>
        </namedTypedValue>
        <preferredEditor>legacy</preferredEditor>
        <offlineEnabled>false</offlineEnabled>
    </rule>
    <roleMap public="true">
        <role inherit="false" allowForAll="true" name="readers">
            <users/>
            <groups>
                <groupUuid>_e-0000dd8d-014e-8000-9aee-01075c01075c_51</groupUuid>
                <groupUuid>_e-0000dd8d-014e-8000-9aee-01075c01075c_52</groupUuid>
            </groups>
        </role>
        <role inherit="false" allowForAll="false" name="authors">
            <users/>
            <groups>
                <groupUuid>_e-0000dd15-133b-8000-9aee-01075c01075c_45</groupUuid>
            </groups>
        </role>
        <role inherit="false" allowForAll="false" name="administrators">
            <users/>
            <groups>
                <groupUuid>_e-0000dd15-133b-8000-9aee-01075c01075c_49</groupUuid>
            </groups>
        </role>
        <role inherit="false" allowForAll="false" name="denyReaders">
            <users/>
            <groups/>
        </role>
        <role inherit="false" allowForAll="false" name="denyAuthors">
            <users/>
            <groups/>
        </role>
        <role inherit="false" allowForAll="false" name="denyAdministrators">
            <users/>
            <groups/>
        </role>
    </roleMap>
    <history>
        <historyInfo versionUuid="_a-0000df82-45aa-8000-9ba2-011c48011c48_194574"/>
        <historyInfo versionUuid="_a-0000e01b-7b42-8000-9ba2-011c48011c48_421573"/>
    </history>
</contentHaul>
