<?xml version="1.0" encoding="UTF-8" standalone="yes"?>
<contentHaul xmlns:a="http://www.appian.com/ae/types/2009">
    <versionUuid>_a-0000df82-45aa-8000-9ba2-011c48011c48_194630</versionUuid>
    <rule>
        <name>MHRA_updateDeviceStatuses</name>
        <uuid>_a-0000dea9-da8d-8000-9ba2-011c48011c48_70835</uuid>
        <description>this rule update the devices list statuses and inputs to the process for data report</description>
        <parentUuid>_a-0000ddfd-93a8-8000-9ba2-011c48011c48_43757</parentUuid>
        <visibility>
            <advertise>false</advertise>
            <hierarchy>true</hierarchy>
            <indexable>true</indexable>
            <quota>false</quota>
            <searchable>true</searchable>
            <system>false</system>
            <unlogged>false</unlogged>
        </visibility>
        <definition>with(
  local!updatedDevices: apply(
    'type!{urn:com:appian:types:mhra:common}MHRA_deviceApproval_post'(
      deviceID: _,
      deviceStatus: ri!deviceStatus,
      updatedDateTime: #"_a-0000dea9-da8d-8000-9ba2-011c48011c48_69090"(
        appianDate: gmt(now()), 
        isDateTime: true
      )
    ),
    ri!selectedDeviceIds
  ),
  local!devicesStatuses: if(
    #"_a-0000d62a-67b3-8000-da6f-010000010000_951"(
      local!updatedDevices
    ),
    ri!devicesList,
    updatearray(
      ri!devicesList,
      wherecontains(
        ri!selectedDeviceIds,
        tointeger(index(ri!devicesList,"deviceID",{}))
      ),
      local!updatedDevices
    )
  ),
  #"_a-0000dea9-da8d-8000-9ba2-011c48011c48_71040"(
    updatedDevices: local!devicesStatuses, 
    manufacturer: ri!manufacturer, 
    manufacturerStatus: ri!manufacturerStatus, 
    appReferenceNumber: ri!appReferenceNumber,
    assignedToUser: ri!assignedToUser, 
    onSucess: {
      ri!onSucess,
      a!save(
        ri!devicesList,
        local!devicesStatuses
      )
    }
  )
)</definition>
        <namedTypedValue>
            <name>selectedDeviceIds</name>
            <type>
                <name>Integer?list</name>
                <namespace>http://www.appian.com/ae/types/2009</namespace>
            </type>
        </namedTypedValue>
        <namedTypedValue>
            <name>deviceStatus</name>
            <type>
                <name>string</name>
                <namespace>http://www.w3.org/2001/XMLSchema</namespace>
            </type>
            <value/>
        </namedTypedValue>
        <namedTypedValue>
            <name>devicesList</name>
            <type>
                <name>MHRA_deviceApproval_post?list</name>
                <namespace>urn:com:appian:types:mhra:common</namespace>
            </type>
        </namedTypedValue>
        <namedTypedValue>
            <name>manufacturer</name>
            <type>
                <name>MHRA_manufacturerApproval_post</name>
                <namespace>urn:com:appian:types:mhra:common</namespace>
            </type>
        </namedTypedValue>
        <namedTypedValue>
            <name>manufacturerStatus</name>
            <type>
                <name>string</name>
                <namespace>http://www.w3.org/2001/XMLSchema</namespace>
            </type>
            <value/>
        </namedTypedValue>
        <namedTypedValue>
            <name>appReferenceNumber</name>
            <type>
                <name>string</name>
                <namespace>http://www.w3.org/2001/XMLSchema</namespace>
            </type>
            <value/>
        </namedTypedValue>
        <namedTypedValue>
            <name>assignedToUser</name>
            <type>
                <name>string</name>
                <namespace>http://www.w3.org/2001/XMLSchema</namespace>
            </type>
            <value/>
        </namedTypedValue>
        <namedTypedValue>
            <name>onSucess</name>
            <type>
                <name>Save?list</name>
                <namespace>http://www.appian.com/ae/types/2009</namespace>
            </type>
        </namedTypedValue>
        <preferredEditor>legacy</preferredEditor>
        <offlineEnabled>false</offlineEnabled>
    </rule>
    <roleMap public="true">
        <role inherit="false" allowForAll="true" name="readers">
            <users/>
            <groups>
                <groupUuid>_e-0000dd8d-014e-8000-9aee-01075c01075c_51</groupUuid>
                <groupUuid>_e-0000dd8d-014e-8000-9aee-01075c01075c_52</groupUuid>
            </groups>
        </role>
        <role inherit="false" allowForAll="true" name="authors">
            <users/>
            <groups>
                <groupUuid>_e-0000dd15-133b-8000-9aee-01075c01075c_45</groupUuid>
            </groups>
        </role>
        <role inherit="false" allowForAll="false" name="administrators">
            <users/>
            <groups>
                <groupUuid>_e-0000dd15-133b-8000-9aee-01075c01075c_49</groupUuid>
            </groups>
        </role>
        <role inherit="false" allowForAll="false" name="denyReaders">
            <users/>
            <groups/>
        </role>
        <role inherit="false" allowForAll="false" name="denyAuthors">
            <users/>
            <groups/>
        </role>
        <role inherit="false" allowForAll="false" name="denyAdministrators">
            <users/>
            <groups/>
        </role>
    </roleMap>
    <history>
        <historyInfo versionUuid="_a-0000df82-45aa-8000-9ba2-011c48011c48_194630"/>
    </history>
</contentHaul>
