<?xml version="1.0" encoding="UTF-8" standalone="yes"?>
<contentHaul xmlns:a="http://www.appian.com/ae/types/2009">
    <versionUuid>_a-0000df82-45aa-8000-9ba2-011c48011c48_198490</versionUuid>
    <rule>
        <name>MHRA_getNewsFeedTitle</name>
        <uuid>_a-0000df25-d2bb-8000-9ba2-011c48011c48_89546</uuid>
        <description>This rule returns the news feed title based on given parameters</description>
        <parentUuid>_a-0000ddfd-93a8-8000-9ba2-011c48011c48_43757</parentUuid>
        <visibility>
            <advertise>false</advertise>
            <hierarchy>true</hierarchy>
            <indexable>true</indexable>
            <quota>false</quota>
            <searchable>true</searchable>
            <system>false</system>
            <unlogged>false</unlogged>
        </visibility>
        <definition>/*********** make sure News feed will not allow above 50 chars *************/
if(
  ri!isFurtherInfoRequested,
  "Business requested further information",
  with(
    local!index: #"_a-0000d711-4640-8000-9ba2-011c48011c48_10426"(
      wherecontains(
        ri!applicationType,
        #"_a-0000ded1-797d-8000-9ba2-011c48011c48_77194"
      )
    ),
    local!applicationName: if(
      or(
        #"_a-0000d62a-67b3-8000-da6f-010000010000_950"(
          local!index
        ),
        local!index &gt; 26
      ),
      "Application",
      choose(
        local!index,
        "Register account",
        "Register manufacturer",
        "Add new manufacturer application",
        "CFS order",
        "Add device application",
        "Update account",
        "Amend device application",
        "Business require further information",
        "Amend device application",
        "Reject application",
        "Unregister manufacturer",
        "Managed device products",
        "Comms",
        "Account approval",
        "Manufacturer registration review",
        "Manage contact",
        "Business require further information",
        "Customer provide further information",
        "Migration Amendment of CFS Devices",
        "Migration Amendment of Devices",
        "Further information required",
        "Further information provided",
        "Add Device Further Information",
        "Amend Device Further Information",
        "Add Device Further Information",
        "Amend Device Further Information"
      )
    ),
    if(
      ri!isSubmitted,
      local!applicationName &amp; " submitted",
      if(
        ri!status = #"_a-0000dea9-da8d-8000-9ba2-011c48011c48_70860",
        local!applicationName &amp; " rejected",
        local!applicationName &amp; " completed"
      )
    )
  )
)</definition>
        <namedTypedValue>
            <name>applicationType</name>
            <type>
                <name>string</name>
                <namespace>http://www.w3.org/2001/XMLSchema</namespace>
            </type>
            <value/>
        </namedTypedValue>
        <namedTypedValue>
            <name>isSubmitted</name>
            <type>
                <name>boolean</name>
                <namespace>http://www.w3.org/2001/XMLSchema</namespace>
            </type>
        </namedTypedValue>
        <namedTypedValue>
            <name>status</name>
            <type>
                <name>string</name>
                <namespace>http://www.w3.org/2001/XMLSchema</namespace>
            </type>
            <value/>
        </namedTypedValue>
        <namedTypedValue>
            <name>isFurtherInfoRequested</name>
            <type>
                <name>boolean</name>
                <namespace>http://www.w3.org/2001/XMLSchema</namespace>
            </type>
        </namedTypedValue>
        <preferredEditor>legacy</preferredEditor>
        <offlineEnabled>false</offlineEnabled>
    </rule>
    <roleMap public="true">
        <role inherit="false" allowForAll="true" name="readers">
            <users/>
            <groups/>
        </role>
        <role inherit="false" allowForAll="true" name="authors">
            <users/>
            <groups>
                <groupUuid>_e-0000dd15-133b-8000-9aee-01075c01075c_45</groupUuid>
            </groups>
        </role>
        <role inherit="false" allowForAll="false" name="administrators">
            <users>
                <userUuid>Administrator</userUuid>
            </users>
            <groups>
                <groupUuid>_e-0000dd15-133b-8000-9aee-01075c01075c_49</groupUuid>
            </groups>
        </role>
        <role inherit="false" allowForAll="false" name="denyReaders">
            <users/>
            <groups/>
        </role>
        <role inherit="false" allowForAll="false" name="denyAuthors">
            <users/>
            <groups/>
        </role>
        <role inherit="false" allowForAll="false" name="denyAdministrators">
            <users/>
            <groups/>
        </role>
    </roleMap>
    <history>
        <historyInfo versionUuid="_a-0000df82-45aa-8000-9ba2-011c48011c48_194501"/>
        <historyInfo versionUuid="_a-0000df82-45aa-8000-9ba2-011c48011c48_198490"/>
    </history>
</contentHaul>
