<?xml version="1.0" encoding="UTF-8" standalone="yes"?>
<contentHaul xmlns:a="http://www.appian.com/ae/types/2009">
    <versionUuid>_a-0000e01b-7b42-8000-9ba2-011c48011c48_425867</versionUuid>
    <rule>
        <name>MHRA_rec_cfsApplicationsSummary</name>
        <uuid>_a-0000df25-d2bb-8000-9ba2-011c48011c48_90859</uuid>
        <description>This view is parent interface for order CFS, amend, migration applications. shows manufacturer and contact details</description>
        <parentUuid>_a-0000ddfd-93a8-8000-9ba2-011c48011c48_43759</parentUuid>
        <visibility>
            <advertise>false</advertise>
            <hierarchy>true</hierarchy>
            <indexable>true</indexable>
            <quota>false</quota>
            <searchable>true</searchable>
            <system>false</system>
            <unlogged>false</unlogged>
        </visibility>
        <definition>load(
  local!applicationDetails: if(
    ri!applicationType = #"_a-0000ded1-797d-8000-9ba2-011c48011c48_77194"[4],
    #"_a-0000e01b-7b42-8000-9ba2-011c48011c48_410883"(
      applicationRefNumber: ri!appReferenceNumber,
      eventType: #"_a-0000e01b-7b42-8000-9ba2-011c48011c48_407712"
    ),
    null
  ),
  local!contactDetailsGet: #"_a-0000dff4-f2e5-8000-9ba2-011c48011c48_292182"(
    userName: ri!submitedBy,
    pagingInfo: #"SYSTEM_SYSRULES_pagingInfo"(
      1,
      1
    )
  ),
  local!submitedUserDetails: index(
    local!contactDetailsGet,
    "data",
    {}
  ),
  local!organisationData: #"_a-0000df82-45aa-8000-9ba2-011c48011c48_221369"(
    organisationId: ri!organisationId
  ),
  local!organisationSummary: index(
    local!organisationData,
    "summary",
    {}
  ),
  local!organisationRoles: index(
    local!organisationData,
    "roles",
    {}
  ),
  local!isAuthRep: contains(
    touniformstring(
      index(
        local!organisationRoles,
        "organisationRoleDescription",
        null
      )
    ),
    #"_a-0000dff4-f2e5-8000-9ba2-011c48011c48_293891"
  ),
  local!parentOrg: if(
    local!isAuthRep,
    {},
    #"_a-0000dff4-f2e5-8000-9ba2-011c48011c48_297990"(
      organisationId_int: ri!organisationId
    )
  ),
  local!isApplicationCompleted: contains(
    {
      #"_a-0000ded1-797d-8000-9ba2-011c48011c48_76068",
      #"_a-0000df25-d2bb-8000-9ba2-011c48011c48_91332"
    },
    ri!applicationStatusCode
  ),
  local!isStaff: #"_a-0000df82-45aa-8000-9ba2-011c48011c48_166517"(
    user: loggedInUser()
  ),
  #"SYSTEM_SYSRULES_dashboardLayout_v1"(
    contents: {
      #"SYSTEM_SYSRULES_sectionLayout_v1"(
        label: "Application",
        contents: {
          #"SYSTEM_SYSRULES_textField"(
            label: "Submitted on:",
            labelPosition: "ADJACENT",
            readOnly: true,
            value: ri!applicationDate
          ),
          #"SYSTEM_SYSRULES_textField"(
            label: "Status:",
            labelPosition: "ADJACENT",
            readOnly: true,
            value: ri!applicationStatus &amp; if(
              and(
                not(
                  local!isApplicationCompleted
                ),
                loggedInUser() = touser(
                  ri!assignedToUserName
                )
              ),
              " | You are assigned to this application",
              ""
            )
          ),
          /* Added rejection reason due to bug 7602 */
          #"SYSTEM_SYSRULES_richTextDisplayField"(
            label: "Reason",
            labelPosition: "ADJACENT",
            value: {
              #"SYSTEM_SYSRULES_richTextItem"(
                text: index(
                  local!applicationDetails,
                  "rejectionReason",
                  ""
                )
              ),
              #"SYSTEM_SYSRULES_richTextItem"(
                text: ": " &amp; index(
                  local!applicationDetails,
                  "rejectionComment",
                  ""
                ),
                showWhen: not(
                  #"_a-0000d62a-67b3-8000-da6f-010000010000_950"(
                    index(
                      local!applicationDetails,
                      "rejectionComment",
                      ""
                    )
                  )
                )
              )
            },
            showWhen: ri!applicationStatus = #"_a-0000df25-d2bb-8000-9ba2-011c48011c48_91332"
          ),
          #"SYSTEM_SYSRULES_richTextDisplayField"(
            showWhen: and(
              not(
                local!isApplicationCompleted
              ),
              local!isStaff
            ),
            Label: "Priority:",
            labelPosition: "ADJACENT",
            value: {
              #"SYSTEM_SYSRULES_richTextImage"(
                image: choose(
                  #"_a-0000dea0-ffa8-8000-9ba2-011c48011c48_66386"(
                    applicationDate: ri!applicationDate,
                    applicationStatusCode: ri!applicationStatusCode,
                    lastUpdatedDate: ri!lastUpdatedDate,
                    applicationType: ri!applicationType
                  ),
                  #"SYSTEM_SYSRULES_documentImage"(
                    caption: "Low",
                    altText: "Green",
                    document: #"_a-0000ddcf-7ee8-8000-9ba2-011c48011c48_29752"
                  ),
                  #"SYSTEM_SYSRULES_documentImage"(
                    caption: "Normal",
                    altText: "Amber",
                    document: #"_a-0000ddcf-7ee8-8000-9ba2-011c48011c48_29750"
                  ),
                  #"SYSTEM_SYSRULES_documentImage"(
                    caption: "High",
                    altText: "Red",
                    document: #"_a-0000ddcf-7ee8-8000-9ba2-011c48011c48_29755"
                  )
                )
              )
            }
          ),
          #"SYSTEM_SYSRULES_textField"(
            readOnly: true,
            labelPosition: "COLLAPSED"
          )
        }
      ),
      #"SYSTEM_SYSRULES_sectionLayout_v1"(
        label: "Manufacturer",
        contents: {
          /* mv bug 7891 - added link to org record */
          #"SYSTEM_SYSRULES_richTextDisplayField"(
            label: "Name: ",
            labelPosition: "ADJACENT",
            value: {
              #"SYSTEM_SYSRULES_richTextItem"(
                text: index(
                  local!organisationSummary,
                  "organisationName",
                  {}
                ),
                link: if(
                  local!isStaff,
                  #"SYSTEM_SYSRULES_recordLink"(
                    label: "Link to Organisation Record",
                    recordType: #"_a-0000df25-d2bb-8000-9ba2-011c48011c48_91652",
                    identifier: tointeger(
                      index(
                        local!organisationSummary,
                        "organisationId",
                        {}
                      )
                    )
                  ),
                  null
                )
              )
            }
          ),
          #"SYSTEM_SYSRULES_textField"(
            label: "Organisation Role:",
            labelPosition: "ADJACENT",
            readOnly: true,
            value: load(
              local!text: reduce(
                concat(
                  _,
                  _
                ),
                "",
                union(
                  index(
                    local!organisationRoles,
                    "organisationRoleDescription",
                    {}
                  ),
                  index(
                    local!organisationRoles,
                    "organisationRoleDescription",
                    {}
                  )
                ),
                " | "
              ),
              leftb(
                local!text,
                len(
                  trim(
                    local!text
                  )
                ) - 1
              )
            )
          ),
          if(
            #"_a-0000d62a-67b3-8000-da6f-010000010000_950"(
              local!parentOrg
            ),
            {},
            #"SYSTEM_SYSRULES_richTextDisplayField"(
              label: "Represented by:",
              labelPosition: "ADJACENT",
              value: {
                #"SYSTEM_SYSRULES_richTextItem"(
                  text: index(
                    local!parentOrg,
                    "organisationName",
                    {}
                  ),
                  link: if(
                    local!isStaff,
                    #"SYSTEM_SYSRULES_recordLink"(
                      label: "Link to Organisation Record",
                      recordType: #"_a-0000df25-d2bb-8000-9ba2-011c48011c48_91652",
                      identifier: tointeger(
                        index(
                          local!parentOrg,
                          "organisationId",
                          {}
                        )
                      )
                    ),
                    null
                  )
                )
              }
            )
          ),
          if(
            #"_a-0000d62a-67b3-8000-da6f-010000010000_951"(
              ri!submitedBy
            ),
            {},
            #"SYSTEM_SYSRULES_richTextDisplayField"(
              Label: "Contact:",
              labelPosition: "ADJACENT",
              value: {
                #"_a-0000dea9-da8d-8000-9ba2-011c48011c48_70459"(
                  titleDescription: index(
                    local!submitedUserDetails,
                    "titleDescription",
                    ""
                  ),
                  firstName: index(
                    local!submitedUserDetails,
                    "firstName",
                    ""
                  ),
                  surname: index(
                    local!submitedUserDetails,
                    "surname",
                    ""
                  )
                ),
                " | ",
                #"SYSTEM_SYSRULES_richTextItem"(
                  text: index(
                    local!submitedUserDetails,
                    "email",
                    null
                  ),
                  link: if(
                    and(
                      not(
                        #"_a-0000d62a-67b3-8000-da6f-010000010000_951"(
                          index(
                            local!submitedUserDetails,
                            "email",
                            null
                          )
                        )
                      ),
                      local!isStaff
                    ),
                    #"SYSTEM_SYSRULES_safeLink"(
                      label: "Link to EMAIL",
                      uri: #"_a-0000e01b-7b42-8000-9ba2-011c48011c48_423867"(
                        emailAddress: index(
                          local!submitedUserDetails,
                          "email",
                          null
                        ),
                        bcc: #"_a-0000e01b-7b42-8000-9ba2-011c48011c48_425833",
                        subject: "subject for " &amp; ri!appReferenceNumber
                      )
                    ),
                    null
                  )
                ),
                " | ",
                index(
                  local!submitedUserDetails,
                  "telephoneNumber",
                  null
                )
              }
            )
          ),
          #"SYSTEM_SYSRULES_textField"(
            readOnly: true,
            labelPosition: "COLLAPSED"
          )
        }
      ),
      /*====================== Order CFS Application =====================*/
      if(
        ri!applicationType = #"_a-0000ded1-797d-8000-9ba2-011c48011c48_77194"[4],
        #"_a-0000ded1-797d-8000-9ba2-011c48011c48_82973"(
          appReferenceNumber: ri!appReferenceNumber,
          organisationId: ri!organisationId,
          cfsOrderApplicationDetails: local!applicationDetails
        ),
        {}
      ),
      /*====================== Devices related Applications =====================*/
      if(
        contains(
          {
            #"_a-0000ded1-797d-8000-9ba2-011c48011c48_77194"[7],
            #"_a-0000ded1-797d-8000-9ba2-011c48011c48_77194"[19]
          },
          ri!applicationType
        ),
        #"_a-0000ded1-797d-8000-9ba2-011c48011c48_81451"(
          appReferenceNumber: ri!appReferenceNumber,
          applicationType: ri!applicationType,
          businessReviewRequired: ri!businessReviewRequired
        ),
        {}
      )
    }
  )
)</definition>
        <namedTypedValue>
            <name>appReferenceNumber</name>
            <type>
                <name>string</name>
                <namespace>http://www.w3.org/2001/XMLSchema</namespace>
            </type>
            <value/>
        </namedTypedValue>
        <namedTypedValue>
            <name>submitedBy</name>
            <type>
                <name>string</name>
                <namespace>http://www.w3.org/2001/XMLSchema</namespace>
            </type>
            <value/>
        </namedTypedValue>
        <namedTypedValue>
            <name>applicationType</name>
            <type>
                <name>string</name>
                <namespace>http://www.w3.org/2001/XMLSchema</namespace>
            </type>
            <value/>
        </namedTypedValue>
        <namedTypedValue>
            <name>organisationId</name>
            <type>
                <name>int</name>
                <namespace>http://www.w3.org/2001/XMLSchema</namespace>
            </type>
        </namedTypedValue>
        <namedTypedValue>
            <name>applicationStatusCode</name>
            <type>
                <name>string</name>
                <namespace>http://www.w3.org/2001/XMLSchema</namespace>
            </type>
            <value/>
        </namedTypedValue>
        <namedTypedValue>
            <name>applicationDate</name>
            <type>
                <name>dateTime</name>
                <namespace>http://www.w3.org/2001/XMLSchema</namespace>
            </type>
        </namedTypedValue>
        <namedTypedValue>
            <name>applicationStatus</name>
            <type>
                <name>string</name>
                <namespace>http://www.w3.org/2001/XMLSchema</namespace>
            </type>
            <value/>
        </namedTypedValue>
        <namedTypedValue>
            <name>assignedToUserName</name>
            <type>
                <name>string</name>
                <namespace>http://www.w3.org/2001/XMLSchema</namespace>
            </type>
            <value/>
        </namedTypedValue>
        <namedTypedValue>
            <name>lastUpdatedDate</name>
            <type>
                <name>dateTime</name>
                <namespace>http://www.w3.org/2001/XMLSchema</namespace>
            </type>
        </namedTypedValue>
        <namedTypedValue>
            <name>businessReviewRequired</name>
            <type>
                <name>boolean</name>
                <namespace>http://www.w3.org/2001/XMLSchema</namespace>
            </type>
        </namedTypedValue>
        <metadataExpr></metadataExpr>
        <preferredEditor>interface</preferredEditor>
        <offlineEnabled>false</offlineEnabled>
    </rule>
    <roleMap public="true">
        <role inherit="false" allowForAll="true" name="readers">
            <users/>
            <groups/>
        </role>
        <role inherit="false" allowForAll="true" name="authors">
            <users/>
            <groups>
                <groupUuid>_e-0000dd15-133b-8000-9aee-01075c01075c_45</groupUuid>
            </groups>
        </role>
        <role inherit="false" allowForAll="false" name="administrators">
            <users>
                <userUuid>Administrator</userUuid>
            </users>
            <groups>
                <groupUuid>_e-0000dd15-133b-8000-9aee-01075c01075c_49</groupUuid>
            </groups>
        </role>
        <role inherit="false" allowForAll="false" name="denyReaders">
            <users/>
            <groups/>
        </role>
        <role inherit="false" allowForAll="false" name="denyAuthors">
            <users/>
            <groups/>
        </role>
        <role inherit="false" allowForAll="false" name="denyAdministrators">
            <users/>
            <groups/>
        </role>
    </roleMap>
    <typedValue>
        <type>
            <name>RuleTestConfig?list</name>
            <namespace>http://www.appian.com/ae/types/2009</namespace>
        </type>
        <value>
            <el>
                <a:name/>
                <a:ruleInputTestConfigs>
                    <a:value xmlns:xsd="http://www.w3.org/2001/XMLSchema" xmlns:xsi="http://www.w3.org/2001/XMLSchema-instance" xsi:type="xsd:string">201707040266023</a:value>
                    <a:nameRef>appReferenceNumber</a:nameRef>
                    <a:id/>
                </a:ruleInputTestConfigs>
                <a:ruleInputTestConfigs>
                    <a:value xmlns:xsd="http://www.w3.org/2001/XMLSchema" xmlns:xsi="http://www.w3.org/2001/XMLSchema-instance" xsi:type="xsd:string">venkatesh.u.a</a:value>
                    <a:nameRef>submitedBy</a:nameRef>
                    <a:id/>
                </a:ruleInputTestConfigs>
                <a:ruleInputTestConfigs>
                    <a:value xmlns:xsi="http://www.w3.org/2001/XMLSchema-instance" xsi:type="a:Expression">#"_a-0000ded1-797d-8000-9ba2-011c48011c48_77194"[4]</a:value>
                    <a:nameRef>applicationType</a:nameRef>
                    <a:id/>
                </a:ruleInputTestConfigs>
                <a:ruleInputTestConfigs>
                    <a:value xmlns:xsd="http://www.w3.org/2001/XMLSchema" xmlns:xsi="http://www.w3.org/2001/XMLSchema-instance" xsi:nil="true" xsi:type="xsd:int"/>
                    <a:nameRef>organisationId</a:nameRef>
                    <a:id/>
                </a:ruleInputTestConfigs>
                <a:ruleInputTestConfigs>
                    <a:value xmlns:xsd="http://www.w3.org/2001/XMLSchema" xmlns:xsi="http://www.w3.org/2001/XMLSchema-instance" xsi:type="xsd:string"/>
                    <a:nameRef>applicationStatusCode</a:nameRef>
                    <a:id/>
                </a:ruleInputTestConfigs>
                <a:ruleInputTestConfigs>
                    <a:value xmlns:xsd="http://www.w3.org/2001/XMLSchema" xmlns:xsi="http://www.w3.org/2001/XMLSchema-instance" xsi:nil="true" xsi:type="xsd:dateTime"/>
                    <a:nameRef>applicationDate</a:nameRef>
                    <a:id/>
                </a:ruleInputTestConfigs>
                <a:ruleInputTestConfigs>
                    <a:value xmlns:xsd="http://www.w3.org/2001/XMLSchema" xmlns:xsi="http://www.w3.org/2001/XMLSchema-instance" xsi:type="xsd:string"/>
                    <a:nameRef>applicationStatus</a:nameRef>
                    <a:id/>
                </a:ruleInputTestConfigs>
                <a:ruleInputTestConfigs>
                    <a:value xmlns:xsd="http://www.w3.org/2001/XMLSchema" xmlns:xsi="http://www.w3.org/2001/XMLSchema-instance" xsi:type="xsd:string"/>
                    <a:nameRef>assignedToUserName</a:nameRef>
                    <a:id/>
                </a:ruleInputTestConfigs>
                <a:ruleInputTestConfigs>
                    <a:value xmlns:xsd="http://www.w3.org/2001/XMLSchema" xmlns:xsi="http://www.w3.org/2001/XMLSchema-instance" xsi:nil="true" xsi:type="xsd:dateTime"/>
                    <a:nameRef>lastUpdatedDate</a:nameRef>
                    <a:id/>
                </a:ruleInputTestConfigs>
                <a:ruleInputTestConfigs>
                    <a:value xmlns:xsd="http://www.w3.org/2001/XMLSchema" xmlns:xsi="http://www.w3.org/2001/XMLSchema-instance" xsi:nil="true" xsi:type="xsd:boolean"/>
                    <a:nameRef>businessReviewRequired</a:nameRef>
                    <a:id/>
                </a:ruleInputTestConfigs>
                <a:assertions xmlns:xsi="http://www.w3.org/2001/XMLSchema-instance" xsi:nil="true"/>
            </el>
        </value>
    </typedValue>
    <history>
        <historyInfo versionUuid="_a-0000df82-45aa-8000-9ba2-011c48011c48_182993"/>
        <historyInfo versionUuid="_a-0000df82-45aa-8000-9ba2-011c48011c48_199485"/>
        <historyInfo versionUuid="_a-0000df82-45aa-8000-9ba2-011c48011c48_207846"/>
        <historyInfo versionUuid="_a-0000dff4-f2e5-8000-9ba2-011c48011c48_298399"/>
        <historyInfo versionUuid="_a-0000e01b-7b42-8000-9ba2-011c48011c48_420819"/>
        <historyInfo versionUuid="_a-0000e01b-7b42-8000-9ba2-011c48011c48_425867"/>
    </history>
</contentHaul>
