<?xml version="1.0" encoding="UTF-8" standalone="yes"?>
<contentHaul xmlns:a="http://www.appian.com/ae/types/2009">
    <versionUuid>_a-0000dff4-f2e5-8000-9ba2-011c48011c48_298482</versionUuid>
    <rule>
        <name>MHRA_getApplications_sp</name>
        <uuid>_a-0000ded1-797d-8000-9ba2-011c48011c48_76602</uuid>
        <description>Get applications/filter using stored procedures.</description>
        <parentUuid>_a-0000ddfd-93a8-8000-9ba2-011c48011c48_43757</parentUuid>
        <visibility>
            <advertise>false</advertise>
            <hierarchy>true</hierarchy>
            <indexable>true</indexable>
            <quota>false</quota>
            <searchable>true</searchable>
            <system>false</system>
            <unlogged>false</unlogged>
        </visibility>
        <definition>with(
  local!applications: fn!executestoredprocedure(
    dataSourceName: #"_a-0000ddfd-93a8-8000-9ba2-011c48011c48_44005",
    procedureName: #"_a-0000ded1-797d-8000-9ba2-011c48011c48_81900",
    input: {
      if(
        #"_a-0000d62a-67b3-8000-da6f-010000010000_950"(
          ri!organisationNameRef
        ),
        {},
        {
          name: "OrgNameRef",
          value: ri!organisationNameRef
        }
      ),
      if(
        #"_a-0000d62a-67b3-8000-da6f-010000010000_950"(
          ri!applicationRefNumber
        ),
        {},
        {
          name: "AppRefNumber",
          value: ri!applicationRefNumber
        }
      ),
      if(
        #"_a-0000d62a-67b3-8000-da6f-010000010000_950"(
          ri!serviceCode
        ),
        {},
        {
          name: "serviceCode",
          value: ri!serviceCode
        }
      ),
      if(
        #"_a-0000d62a-67b3-8000-da6f-010000010000_950"(
          ri!organisationId
        ),
        {},
        {
          name: "OrganisationId",
          value: ri!organisationId
        }
      ),
      if(
        #"_a-0000d62a-67b3-8000-da6f-010000010000_950"(
          ri!applicationType
        ),
        {},
        {
          name: "applicationType",
          value: #"_a-0000dea9-da8d-8000-9ba2-011c48011c48_70556"(
            arrayValue: ri!applicationType
          )
        }
      ),
      if(
        #"_a-0000d62a-67b3-8000-da6f-010000010000_950"(
          ri!applicationStatus
        ),
        {},
        {
          name: "applicationStatus",
          value: ri!applicationStatus
        }
      ),
      if(
        #"_a-0000d62a-67b3-8000-da6f-010000010000_950"(
          ri!applicationStatusDescription
        ),
        {},
        {
          name: "applicationStatusDescription",
          value: ri!applicationStatusDescription
        }
      ),
      if(
        #"_a-0000d62a-67b3-8000-da6f-010000010000_950"(
          ri!applicationSubmittedToDate
        ),
        {},
        {
          name: "applicationSubmittedToDate",
          value: text(
            ri!applicationSubmittedToDate,
            "yyyy-MM-dd 23:59:59"
          )
        }
      ),
      if(
        #"_a-0000d62a-67b3-8000-da6f-010000010000_950"(
          ri!applicationSubmittedFromDate
        ),
        {},
        {
          name: "applicationSubmittedFromDate",
          value: text(
            ri!applicationSubmittedFromDate,
            "yyyy-MM-dd"
          )
        }
      ),
      if(
        #"_a-0000d62a-67b3-8000-da6f-010000010000_950"(
          ri!assignedToUsername
        ),
        {},
        {
          name: "assignedToUserName",
          value: ri!assignedToUsername
        }
      ),
      if(
        #"_a-0000d62a-67b3-8000-da6f-010000010000_950"(
          ri!paymentStatus
        ),
        {},
        {
          name: "paymentStatus",
          value: ri!paymentStatus
        }
      ),
      if(
        #"_a-0000d62a-67b3-8000-da6f-010000010000_950"(
          ri!organisationIdMultiple
        ),
        {},
        {
          name: "OrganisationIdMultiple",
          value: ri!organisationIdMultiple
        }
      ),
      if(
        #"_a-0000d62a-67b3-8000-da6f-010000010000_950"(
          ri!submittedBy
        ),
        {},
        {
          name: "submittedBy",
          value: ri!submittedBy
        }
      ),
      if(
        #"_a-0000d62a-67b3-8000-da6f-010000010000_950"(
          ri!includeCompleted
        ),
        {},
        {
          name: "includeCompleted",
          value: ri!includeCompleted
        }
      ),
      if(
        #"_a-0000d62a-67b3-8000-da6f-010000010000_950"(
          ri!isDraft
        ),
        {},
        {
          name: "isDraft",
          value: ri!isDraft
        }
      ),
      if(
        #"_a-0000d62a-67b3-8000-da6f-010000010000_950"(
          ri!businessReviewRequired
        ),
        {},
        {
          name: "businessReviewRequired",
          value: ri!businessReviewRequired
        }
      ),
      if(
        #"_a-0000d62a-67b3-8000-da6f-010000010000_950"(
          ri!partyAssociationTypeId
        ),
        {},
        {
          name: "partyAssociationTypeId",
          value: ri!partyAssociationTypeId
        }
      ),
      if(
        #"_a-0000d62a-67b3-8000-da6f-010000010000_950"(
          ri!sortBy
        ),
        {},
        {
          name: "sortBy",
          value: ri!sortBy
        }
      )
    }
  ),
  local!resulet: if(
    local!applications.success,
    cast(
      typeof(
        {
          'type!{urn:com:appian:types:common}MHRA_application_sp'()
        }
      ),
      local!applications.result
    ),
    {}
  ),
  if(
    #"_a-0000d62a-67b3-8000-da6f-010000010000_951"(
      ri!dueDate
    ),
    local!resulet,
    index(
      local!resulet,
      wherecontains(
        ri!dueDate,
        index(
          local!resulet,
          "applicationDate",
          {}
        )
      ),
      {}
    )
  )
)</definition>
        <namedTypedValue>
            <name>organisationNameRef</name>
            <type>
                <name>string</name>
                <namespace>http://www.w3.org/2001/XMLSchema</namespace>
            </type>
            <value/>
        </namedTypedValue>
        <namedTypedValue>
            <name>applicationRefNumber</name>
            <type>
                <name>string</name>
                <namespace>http://www.w3.org/2001/XMLSchema</namespace>
            </type>
            <value/>
        </namedTypedValue>
        <namedTypedValue>
            <name>serviceCode</name>
            <type>
                <name>string</name>
                <namespace>http://www.w3.org/2001/XMLSchema</namespace>
            </type>
            <value/>
        </namedTypedValue>
        <namedTypedValue>
            <name>organisationId</name>
            <type>
                <name>int</name>
                <namespace>http://www.w3.org/2001/XMLSchema</namespace>
            </type>
        </namedTypedValue>
        <namedTypedValue>
            <name>applicationType</name>
            <type>
                <name>Text?list</name>
                <namespace>http://www.appian.com/ae/types/2009</namespace>
            </type>
        </namedTypedValue>
        <namedTypedValue>
            <name>applicationStatus</name>
            <type>
                <name>string</name>
                <namespace>http://www.w3.org/2001/XMLSchema</namespace>
            </type>
            <value/>
        </namedTypedValue>
        <namedTypedValue>
            <name>applicationSubmittedToDate</name>
            <type>
                <name>dateTime</name>
                <namespace>http://www.w3.org/2001/XMLSchema</namespace>
            </type>
        </namedTypedValue>
        <namedTypedValue>
            <name>applicationSubmittedFromDate</name>
            <type>
                <name>dateTime</name>
                <namespace>http://www.w3.org/2001/XMLSchema</namespace>
            </type>
        </namedTypedValue>
        <namedTypedValue>
            <name>assignedToUsername</name>
            <type>
                <name>string</name>
                <namespace>http://www.w3.org/2001/XMLSchema</namespace>
            </type>
            <value/>
        </namedTypedValue>
        <namedTypedValue>
            <name>paymentStatus</name>
            <type>
                <name>string</name>
                <namespace>http://www.w3.org/2001/XMLSchema</namespace>
            </type>
            <value/>
        </namedTypedValue>
        <namedTypedValue>
            <name>partyAssociationTypeId</name>
            <type>
                <name>int</name>
                <namespace>http://www.w3.org/2001/XMLSchema</namespace>
            </type>
        </namedTypedValue>
        <namedTypedValue>
            <name>dueDate</name>
            <type>
                <name>date</name>
                <namespace>http://www.w3.org/2001/XMLSchema</namespace>
            </type>
        </namedTypedValue>
        <namedTypedValue>
            <name>organisationIdMultiple</name>
            <type>
                <name>string</name>
                <namespace>http://www.w3.org/2001/XMLSchema</namespace>
            </type>
            <value/>
        </namedTypedValue>
        <namedTypedValue>
            <name>submittedBy</name>
            <type>
                <name>string</name>
                <namespace>http://www.w3.org/2001/XMLSchema</namespace>
            </type>
            <value/>
        </namedTypedValue>
        <namedTypedValue>
            <name>includeCompleted</name>
            <type>
                <name>boolean</name>
                <namespace>http://www.w3.org/2001/XMLSchema</namespace>
            </type>
        </namedTypedValue>
        <namedTypedValue>
            <name>isDraft</name>
            <type>
                <name>boolean</name>
                <namespace>http://www.w3.org/2001/XMLSchema</namespace>
            </type>
        </namedTypedValue>
        <namedTypedValue>
            <name>businessReviewRequired</name>
            <type>
                <name>boolean</name>
                <namespace>http://www.w3.org/2001/XMLSchema</namespace>
            </type>
        </namedTypedValue>
        <namedTypedValue>
            <name>applicationStatusDescription</name>
            <type>
                <name>string</name>
                <namespace>http://www.w3.org/2001/XMLSchema</namespace>
            </type>
            <value/>
        </namedTypedValue>
        <namedTypedValue>
            <name>sortBy</name>
            <type>
                <name>string</name>
                <namespace>http://www.w3.org/2001/XMLSchema</namespace>
            </type>
            <value/>
        </namedTypedValue>
        <preferredEditor>legacy</preferredEditor>
        <offlineEnabled>false</offlineEnabled>
    </rule>
    <roleMap public="true">
        <role inherit="false" allowForAll="true" name="readers">
            <users/>
            <groups>
                <groupUuid>_e-0000dd8d-014e-8000-9aee-01075c01075c_51</groupUuid>
                <groupUuid>_e-0000dd8d-014e-8000-9aee-01075c01075c_52</groupUuid>
                <groupUuid>_e-0000de55-aed2-8000-9aee-01075c01075c_65</groupUuid>
                <groupUuid>_e-0000de55-aed2-8000-9aee-01075c01075c_64</groupUuid>
            </groups>
        </role>
        <role inherit="false" allowForAll="true" name="authors">
            <users/>
            <groups>
                <groupUuid>_e-0000dd15-133b-8000-9aee-01075c01075c_45</groupUuid>
            </groups>
        </role>
        <role inherit="false" allowForAll="false" name="administrators">
            <users/>
            <groups>
                <groupUuid>_e-0000dd15-133b-8000-9aee-01075c01075c_49</groupUuid>
            </groups>
        </role>
        <role inherit="false" allowForAll="false" name="denyReaders">
            <users/>
            <groups/>
        </role>
        <role inherit="false" allowForAll="false" name="denyAuthors">
            <users/>
            <groups/>
        </role>
        <role inherit="false" allowForAll="false" name="denyAdministrators">
            <users/>
            <groups/>
        </role>
    </roleMap>
    <history>
        <historyInfo versionUuid="_a-0000df82-45aa-8000-9ba2-011c48011c48_176401"/>
        <historyInfo versionUuid="_a-0000dff4-f2e5-8000-9ba2-011c48011c48_298482"/>
    </history>
</contentHaul>
