<?xml version="1.0" encoding="UTF-8" standalone="yes"?>
<contentHaul xmlns:a="http://www.appian.com/ae/types/2009">
    <versionUuid>_a-0000df82-45aa-8000-9ba2-011c48011c48_210435</versionUuid>
    <rule>
        <name>MHRA_SP_getChildApplicationRefNumber</name>
        <uuid>_a-0000ded1-797d-8000-9ba2-011c48011c48_80997</uuid>
        <description>Get child application ref number for further info</description>
        <parentUuid>_a-0000ddfd-93a8-8000-9ba2-011c48011c48_41421</parentUuid>
        <visibility>
            <advertise>false</advertise>
            <hierarchy>true</hierarchy>
            <indexable>true</indexable>
            <quota>false</quota>
            <searchable>true</searchable>
            <system>false</system>
            <unlogged>false</unlogged>
        </visibility>
        <definition>with(
  local!data: fn!executestoredprocedure(
    dataSourceName: #"_a-0000ddfd-93a8-8000-9ba2-011c48011c48_44005",
    procedureName: #"_a-0000ded1-797d-8000-9ba2-011c48011c48_81937",
    inputs: {
      {
        name: "eventReferenceNumber",
        value: ri!applicationRefNumber
      },
      if(
        #"_a-0000d62a-67b3-8000-da6f-010000010000_951"(
          ri!excludeDraftApp
        ),
        {},
        {
          name: "excludeDraftApp",
          value: ri!excludeDraftApp
        }
      )
    }
  ),
  if(
    local!data.success,
    cast(
      typeof(
        'type!{urn:com:appian:types:mhra:common}MHRA_SP_childApplicationGet'()
      ),
      local!data.result
    ),
    {}
  )
)</definition>
        <namedTypedValue>
            <name>applicationRefNumber</name>
            <type>
                <name>string</name>
                <namespace>http://www.w3.org/2001/XMLSchema</namespace>
            </type>
            <value/>
        </namedTypedValue>
        <namedTypedValue>
            <name>excludeDraftApp</name>
            <type>
                <name>boolean</name>
                <namespace>http://www.w3.org/2001/XMLSchema</namespace>
            </type>
        </namedTypedValue>
        <preferredEditor>legacy</preferredEditor>
        <offlineEnabled>false</offlineEnabled>
    </rule>
    <roleMap public="true">
        <role inherit="false" allowForAll="true" name="readers">
            <users/>
            <groups/>
        </role>
        <role inherit="false" allowForAll="true" name="authors">
            <users/>
            <groups>
                <groupUuid>_e-0000dd15-133b-8000-9aee-01075c01075c_45</groupUuid>
            </groups>
        </role>
        <role inherit="false" allowForAll="false" name="administrators">
            <users/>
            <groups>
                <groupUuid>_e-0000dd15-133b-8000-9aee-01075c01075c_49</groupUuid>
            </groups>
        </role>
        <role inherit="false" allowForAll="false" name="denyReaders">
            <users/>
            <groups/>
        </role>
        <role inherit="false" allowForAll="false" name="denyAuthors">
            <users/>
            <groups/>
        </role>
        <role inherit="false" allowForAll="false" name="denyAdministrators">
            <users/>
            <groups/>
        </role>
    </roleMap>
    <history>
        <historyInfo versionUuid="_a-0000df82-45aa-8000-9ba2-011c48011c48_194381"/>
        <historyInfo versionUuid="_a-0000df82-45aa-8000-9ba2-011c48011c48_210435"/>
    </history>
</contentHaul>
