<?xml version="1.0" encoding="UTF-8" standalone="yes"?>
<contentHaul xmlns:a="http://www.appian.com/ae/types/2009">
    <versionUuid>_a-0000df82-45aa-8000-9ba2-011c48011c48_194409</versionUuid>
    <rule>
        <name>MHRA_formReferenceNumberForDraftApp</name>
        <uuid>_a-0000ded1-797d-8000-9ba2-011c48011c48_77088</uuid>
        <description>Forms the temporary reference number for draft applications</description>
        <parentUuid>_a-0000ddfd-93a8-8000-9ba2-011c48011c48_43757</parentUuid>
        <visibility>
            <advertise>false</advertise>
            <hierarchy>true</hierarchy>
            <indexable>true</indexable>
            <quota>false</quota>
            <searchable>true</searchable>
            <system>false</system>
            <unlogged>false</unlogged>
        </visibility>
        <definition>load(
  local!dd: day(
    ri!dateTime
  ),
  local!mm: month(
    ri!dateTime
  ),
  local!yy: year(
    ri!dateTime
  ),
  /* Temporary fix - Need to change */
  local!hh: hour(
    ri!dateTime
  ) + 1,
  local!min: minute(
    ri!dateTime
  ),
  local!ss: second(
    ri!dateTime
  ),
  local!referenceNumber: "TEMP" &amp; local!yy &amp; if(
    count(
      local!mm
    ) = 1,
    "0" &amp; local!mm,
    local!mm
  ) &amp; if(
    len(
      local!dd
    ) = 1,
    "0" &amp; local!dd,
    local!dd
  ) &amp; if(
    len(
      local!hh
    ) = 1,
    "0" &amp; local!hh,
    local!hh
  ) &amp; if(
    len(
      local!min
    ) = 1,
    "0" &amp; local!min,
    local!min
  ) &amp; if(
    len(
      local!ss
    ) = 1,
    "0" &amp; local!ss,
    local!ss
  ),
  local!referenceNumber
)</definition>
        <namedTypedValue>
            <name>dateTime</name>
            <type>
                <name>dateTime</name>
                <namespace>http://www.w3.org/2001/XMLSchema</namespace>
            </type>
        </namedTypedValue>
        <preferredEditor>legacy</preferredEditor>
        <offlineEnabled>false</offlineEnabled>
    </rule>
    <roleMap public="true">
        <role inherit="false" allowForAll="true" name="readers">
            <users/>
            <groups>
                <groupUuid>_e-0000dd8d-014e-8000-9aee-01075c01075c_51</groupUuid>
                <groupUuid>_e-0000dd8d-014e-8000-9aee-01075c01075c_52</groupUuid>
                <groupUuid>_e-0000de55-aed2-8000-9aee-01075c01075c_65</groupUuid>
                <groupUuid>_e-0000de55-aed2-8000-9aee-01075c01075c_64</groupUuid>
            </groups>
        </role>
        <role inherit="false" allowForAll="true" name="authors">
            <users/>
            <groups>
                <groupUuid>_e-0000dd15-133b-8000-9aee-01075c01075c_45</groupUuid>
            </groups>
        </role>
        <role inherit="false" allowForAll="false" name="administrators">
            <users/>
            <groups>
                <groupUuid>_e-0000dd15-133b-8000-9aee-01075c01075c_49</groupUuid>
            </groups>
        </role>
        <role inherit="false" allowForAll="false" name="denyReaders">
            <users/>
            <groups/>
        </role>
        <role inherit="false" allowForAll="false" name="denyAuthors">
            <users/>
            <groups/>
        </role>
        <role inherit="false" allowForAll="false" name="denyAdministrators">
            <users/>
            <groups/>
        </role>
    </roleMap>
    <history>
        <historyInfo versionUuid="_a-0000df82-45aa-8000-9ba2-011c48011c48_194409"/>
    </history>
</contentHaul>
