<?xml version="1.0" encoding="UTF-8" standalone="yes"?>
<contentHaul xmlns:a="http://www.appian.com/ae/types/2009">
    <versionUuid>_a-0000e01b-7b42-8000-9ba2-011c48011c48_432051</versionUuid>
    <rule>
        <name>CFS_getMessageForOrderCFS</name>
        <uuid>_a-0000df25-d2bb-8000-9ba2-011c48011c48_92755</uuid>
        <description>This rule returns the mail content message for order cfs application based on given inputs.</description>
        <parentUuid>_a-0000de4d-c845-8000-9ba2-011c48011c48_48257</parentUuid>
        <visibility>
            <advertise>false</advertise>
            <hierarchy>true</hierarchy>
            <indexable>true</indexable>
            <quota>false</quota>
            <searchable>true</searchable>
            <system>false</system>
            <unlogged>false</unlogged>
        </visibility>
        <definition>/***
User story - 1939
This rule is returns the message based on application status as bellow:

Your order has been printed and shipped to [shipping address]
or
We are writing to tell you that the above order has been rejected because [rejection comment]
Or 
In order to complete this order we need the following information: [further information comment]

****/
if(
  ri!applicationStatus = #"_a-0000dea9-da8d-8000-9ba2-011c48011c48_70860",
  "We are writing to tell you that the above order has been rejected because " &amp; if(
    index(
      ri!rejectionReasons,
      "rejection",
      ""
    ) = #"_a-0000dea9-da8d-8000-9ba2-011c48011c48_70905",
    index(
      ri!rejectionReasons,
      "rejectionComments",
      ""
    ),
    index(
      ri!rejectionReasons,
      "rejectionReason",
      ""
    )
  ),
  "Your order has been printed and shipped to &lt;font class='thick'&gt;" &amp; #"_a-0000dea9-da8d-8000-9ba2-011c48011c48_70469"(
      address: #"_a-0000dff4-f2e5-8000-9ba2-011c48011c48_291206"(
      applicationRefNumber: ri!applicationReferenceNumber,
      isCfs: true(),
      addressTypeCode: "Delivery Address"
    ),
      sameLine: true
    ) &amp; "&lt;/font&gt;"
)</definition>
        <namedTypedValue>
            <name>applicationStatus</name>
            <type>
                <name>string</name>
                <namespace>http://www.w3.org/2001/XMLSchema</namespace>
            </type>
            <value/>
        </namedTypedValue>
        <namedTypedValue>
            <name>rejectionReasons</name>
            <type>
                <name>MHRA_rejectionReasons_post</name>
                <namespace>urn:com:appian:types:mhra:common</namespace>
            </type>
        </namedTypedValue>
        <namedTypedValue>
            <name>applicationReferenceNumber</name>
            <type>
                <name>string</name>
                <namespace>http://www.w3.org/2001/XMLSchema</namespace>
            </type>
            <value/>
        </namedTypedValue>
        <preferredEditor>legacy</preferredEditor>
        <offlineEnabled>false</offlineEnabled>
    </rule>
    <roleMap public="true">
        <role inherit="true" allowForAll="false" name="readers">
            <users/>
            <groups/>
        </role>
        <role inherit="true" allowForAll="false" name="authors">
            <users/>
            <groups/>
        </role>
        <role inherit="true" allowForAll="false" name="administrators">
            <users/>
            <groups/>
        </role>
        <role inherit="false" allowForAll="false" name="denyReaders">
            <users/>
            <groups/>
        </role>
        <role inherit="false" allowForAll="false" name="denyAuthors">
            <users/>
            <groups/>
        </role>
        <role inherit="false" allowForAll="false" name="denyAdministrators">
            <users/>
            <groups/>
        </role>
    </roleMap>
    <history>
        <historyInfo versionUuid="_a-0000df82-45aa-8000-9ba2-011c48011c48_194494"/>
        <historyInfo versionUuid="_a-0000e01b-7b42-8000-9ba2-011c48011c48_432051"/>
    </history>
</contentHaul>
