<?xml version="1.0" encoding="UTF-8" standalone="yes"?>
<contentHaul xmlns:a="http://www.appian.com/ae/types/2009">
    <versionUuid>_a-0000df82-45aa-8000-9ba2-011c48011c48_194320</versionUuid>
    <rule>
        <name>MHRA_updateRepOrganisationDocumentStatuses</name>
        <uuid>_a-0000df25-d2bb-8000-9ba2-011c48011c48_88873</uuid>
        <description>Updates the represented organisation document statuses and inputs to the process for data report</description>
        <parentUuid>_a-0000ddfd-93a8-8000-9ba2-011c48011c48_43757</parentUuid>
        <visibility>
            <advertise>false</advertise>
            <hierarchy>true</hierarchy>
            <indexable>true</indexable>
            <quota>false</quota>
            <searchable>true</searchable>
            <system>false</system>
            <unlogged>false</unlogged>
        </visibility>
        <definition>with(
  local!updatedDocuments: 
  
  apply(
    'type!{urn:com:appian:types:mhra:common}MHRA_repOrganisationDocumentApproval_post'(
      organisationId: _,
      documentStatus: ri!documentStatus,
      documentTypeId: _,
      documentId: _,
      updatedDateTime: #"_a-0000dea9-da8d-8000-9ba2-011c48011c48_69090"(
        appianDate: gmt(
          now()
        ),
        isDateTime: true
      )
    ),
    merge(
      ri!selectedOrganisationIds,
      ri!documentTypeId,
      ri!documentId
    )
  ),
  local!documentStatuses: if(
    #"_a-0000d62a-67b3-8000-da6f-010000010000_951"(
      ri!documentsStatusList
    ),
    local!updatedDocuments,
    updatearray(
      ri!documentsStatusList,
      wherecontains(
        tointeger(
          ri!selectedOrganisationIds
        ),
        tointeger(
          index(
            ri!documentsStatusList,
            "organisationId",
            {}
          )
        )
      ),
      local!updatedDocuments
    )
  ),
  #"SYSTEM_SYSRULES_startProcess"(
    processModel: #"_a-0000dea9-da8d-8000-9ba2-011c48011c48_70804",
    processParameters: {
      applicationRefNo: ri!appReferenceNumber,
      assignedTo: ri!assignedToUser,
      repOrganisationDocuments: local!documentStatuses,
      manufacturer:ri!manufacturerStatus
    },
    onSuccess: {
      ri!onSucess,
      a!save(
        ri!documentsStatusList,
        local!documentStatuses
      )
    }
  )
)</definition>
        <namedTypedValue>
            <name>selectedOrganisationIds</name>
            <type>
                <name>Integer?list</name>
                <namespace>http://www.appian.com/ae/types/2009</namespace>
            </type>
        </namedTypedValue>
        <namedTypedValue>
            <name>documentStatus</name>
            <type>
                <name>string</name>
                <namespace>http://www.w3.org/2001/XMLSchema</namespace>
            </type>
            <value/>
        </namedTypedValue>
        <namedTypedValue>
            <name>documentsStatusList</name>
            <type>
                <name>MHRA_repOrganisationDocumentApproval_post?list</name>
                <namespace>urn:com:appian:types:mhra:common</namespace>
            </type>
        </namedTypedValue>
        <namedTypedValue>
            <name>appReferenceNumber</name>
            <type>
                <name>string</name>
                <namespace>http://www.w3.org/2001/XMLSchema</namespace>
            </type>
            <value/>
        </namedTypedValue>
        <namedTypedValue>
            <name>assignedToUser</name>
            <type>
                <name>string</name>
                <namespace>http://www.w3.org/2001/XMLSchema</namespace>
            </type>
            <value/>
        </namedTypedValue>
        <namedTypedValue>
            <name>onSucess</name>
            <type>
                <name>Save?list</name>
                <namespace>http://www.appian.com/ae/types/2009</namespace>
            </type>
        </namedTypedValue>
        <namedTypedValue>
            <name>documentTypeId</name>
            <type>
                <name>Integer?list</name>
                <namespace>http://www.appian.com/ae/types/2009</namespace>
            </type>
        </namedTypedValue>
        <namedTypedValue>
            <name>documentId</name>
            <type>
                <name>Integer?list</name>
                <namespace>http://www.appian.com/ae/types/2009</namespace>
            </type>
        </namedTypedValue>
        <namedTypedValue>
            <name>manufacturerStatus</name>
            <type>
                <name>MHRA_manufacturerApproval_post</name>
                <namespace>urn:com:appian:types:mhra:common</namespace>
            </type>
        </namedTypedValue>
        <preferredEditor>legacy</preferredEditor>
        <offlineEnabled>false</offlineEnabled>
    </rule>
    <roleMap public="true">
        <role inherit="false" allowForAll="true" name="readers">
            <users/>
            <groups>
                <groupUuid>_e-0000dd8d-014e-8000-9aee-01075c01075c_51</groupUuid>
                <groupUuid>_e-0000dd8d-014e-8000-9aee-01075c01075c_52</groupUuid>
            </groups>
        </role>
        <role inherit="false" allowForAll="true" name="authors">
            <users/>
            <groups>
                <groupUuid>_e-0000dd15-133b-8000-9aee-01075c01075c_45</groupUuid>
            </groups>
        </role>
        <role inherit="false" allowForAll="false" name="administrators">
            <users/>
            <groups>
                <groupUuid>_e-0000dd15-133b-8000-9aee-01075c01075c_49</groupUuid>
            </groups>
        </role>
        <role inherit="false" allowForAll="false" name="denyReaders">
            <users/>
            <groups/>
        </role>
        <role inherit="false" allowForAll="false" name="denyAuthors">
            <users/>
            <groups/>
        </role>
        <role inherit="false" allowForAll="false" name="denyAdministrators">
            <users/>
            <groups/>
        </role>
    </roleMap>
    <history>
        <historyInfo versionUuid="_a-0000df82-45aa-8000-9ba2-011c48011c48_194320"/>
    </history>
</contentHaul>
