<?xml version="1.0" encoding="UTF-8" standalone="yes"?>
<contentHaul xmlns:a="http://www.appian.com/ae/types/2009">
    <versionUuid>_a-0000e05b-b197-8000-9ba2-011c48011c48_535031</versionUuid>
    <rule>
        <name>MHRA_displayEditOrganisationDetails</name>
        <uuid>_a-0000ded1-797d-8000-9ba2-011c48011c48_79425</uuid>
        <description>Display edited organisation details for business review</description>
        <parentUuid>_a-0000ddfd-93a8-8000-9ba2-011c48011c48_43759</parentUuid>
        <visibility>
            <advertise>false</advertise>
            <hierarchy>true</hierarchy>
            <indexable>true</indexable>
            <quota>false</quota>
            <searchable>true</searchable>
            <system>false</system>
            <unlogged>false</unlogged>
        </visibility>
        <definition>load(
  local!isApplicationCompleted: (
    ri!applicationStatusCode = #"_a-0000ded1-797d-8000-9ba2-011c48011c48_76068"
  ),
  local!organisationNames: #"_a-0000e05b-b197-8000-9ba2-011c48011c48_534126"(
    eventType: #"_a-0000e01b-7b42-8000-9ba2-011c48011c48_407712",
    organisationId: ri!organisationId,
    eventRefNumber: ri!appReferenceNumber
  ),
  local!existingOrganistionDetails: #"_a-0000dff4-f2e5-8000-9ba2-011c48011c48_291206"(
    applicationRefNumber: ri!appReferenceNumber,
    isPreviousAddress: true(),
    organisationId: ri!organisationId
  ),
  local!newOrganisaitonDetials: #"_a-0000dff4-f2e5-8000-9ba2-011c48011c48_291206"(
    applicationRefNumber: ri!appReferenceNumber,
    isPreviousAddress: false(),
    organisationId: ri!organisationId
  ),
  local!data: #"_a-0000ded1-797d-8000-9ba2-011c48011c48_79426"(
    existingOrganistionAddress: local!existingOrganistionDetails,
    newOrganisaitonAddress: local!newOrganisaitonDetials,
    existingOrganistionName: index(local!organisationNames,"previousOrgName",null),
    newOrganisaitonName: index(local!organisationNames,"currentOrgName",null)
  ),
  local!dataToDisplay: reject(
    fn!isnull,
    local!data
  ),
  local!contactDetails: #"_a-0000dff4-f2e5-8000-9ba2-011c48011c48_292182"(
    userName: ri!submitedBy,
    pagingInfo: #"SYSTEM_SYSRULES_pagingInfo"(
      1,
      1
    )
  ),
  local!userDetails: index(
    local!contactDetails,
    "data",
    {}
  ),
  local!organisationRoles: #"_a-0000df82-45aa-8000-9ba2-011c48011c48_221402"(
    organisationId: ri!organisationId
  ),
  local!applicationDesignationLetter: null,
  /*if(
    rule!APN_isEmpty(
      local!parentOrganisationDetails
    ),
    null(),
    rule!API_Rule_getDocumentsList(
      organisationId: ri!organisationId,
      isOrganisationDocuments: true,
      pagingInfo: a!pagingInfo(
        startIndex: 1,
        batchSize: 10
      )
    )
  )*/
  local!furtherInfoDetailsResponse: if(
    ri!applicationType = #"_a-0000ded1-797d-8000-9ba2-011c48011c48_77194"[22],
    #"_a-0000dff4-f2e5-8000-9ba2-011c48011c48_297600"(
      eventType: #"_a-0000e01b-7b42-8000-9ba2-011c48011c48_407712",
      organisationId: ri!organisationId,
      applicationRefNumber: ri!appReferenceNumber,
      parentRef: false()
    ),
    {}
  ),
  local!furtherInfoDetailsRequested: #"_a-0000dff4-f2e5-8000-9ba2-011c48011c48_297600"(
    eventType: #"_a-0000e01b-7b42-8000-9ba2-011c48011c48_407712",
    organisationId: ri!organisationId,
    applicationRefNumber: ri!appReferenceNumber,
    parentRef: true()
  ),
  local!countOfFurtherInfo: if(
    ri!applicationType = #"_a-0000ded1-797d-8000-9ba2-011c48011c48_77194"[22],
    #"_a-0000dff4-f2e5-8000-9ba2-011c48011c48_293421"(
      eventReferenceNumber: ri!appReferenceNumber,
      eventType: #"_a-0000e01b-7b42-8000-9ba2-011c48011c48_407712"
    ),
    {}
  ),
  local!applicationStatus: #"_a-0000dea9-da8d-8000-9ba2-011c48011c48_70856"(
    appReferenceNumber: ri!appReferenceNumber,
    repOrganisationId_int: ri!organisationId
  ),
  local!getAppStatusOnEditOrg: #"_a-0000ded1-797d-8000-9ba2-011c48011c48_83339"(
    applicationRefNumber_txt: ri!appReferenceNumber
  ),
  local!repOrgDocuments: #"_a-0000dff4-f2e5-8000-9ba2-011c48011c48_301576"(
    applicationReferenceNumber: ri!appReferenceNumber,
    isRepOrgDocuments: true,
    pagingInfo: #"SYSTEM_SYSRULES_pagingInfo"(
      1,
      1
    )
  ),
  local!getRejectionDescById: #"_a-0000dff4-f2e5-8000-9ba2-011c48011c48_303513"(
    accountRejectReasonId: null
  ),
  local!getFutherInformationReasonsById: if(
    #"_a-0000d62a-67b3-8000-da6f-010000010000_951"(index(
      local!getAppStatusOnEditOrg,
      "furtherInfoReasonId",
      null
    )),
    null,
    #"_a-0000e01b-7b42-8000-9ba2-011c48011c48_426129"(
    id: index(
      local!getAppStatusOnEditOrg,
      "furtherInfoReasonId",
      null
    )
  )
  ),
  local!manufacturerStatuses: index(
    local!applicationStatus,
    "manufacturerStatus",
    {}
  ),
  local!isMemberOfStaff: #"_a-0000df82-45aa-8000-9ba2-011c48011c48_166517"(
    user: loggedInUser()
  ),
  #"SYSTEM_SYSRULES_dashboardLayout_v1"(
    contents: {
      if(
        local!isMemberOfStaff,
        #"_a-0000ded1-797d-8000-9ba2-011c48011c48_84274"(
          title: "Summary"
        ),
        {}
      ),
      if(
        /* Check if the FI is requested for 2nd time */
        and(
          not(
            local!isApplicationCompleted
          ),
          tointeger(
            index(local!countOfFurtherInfo,"applicationCount",0)
          ) = #"_a-0000ded1-797d-8000-9ba2-011c48011c48_82622",
          local!isMemberOfStaff
        ),
        {
          #"SYSTEM_SYSRULES_richTextDisplayField"(
            labelPosition: "COLLAPSED",
            value: {
              #"SYSTEM_SYSRULES_richTextImage"(
                image: #"SYSTEM_SYSRULES_documentImage"(
                  document: #"SYSTEM_SYSRULES_iconIndicator"(
                    icon: "STATUS_WARN"
                  )
                )
              ),
              #"SYSTEM_SYSRULES_richTextItem"(
                text: " Last opportunity to ask for further information",
                style: "STRONG"
              )
            }
          ),
          #"SYSTEM_SYSRULES_richTextDisplayField"(
            labelPosition: "COLLAPSED",
            value: {
              #"SYSTEM_SYSRULES_richTextItem"(
                text: "if you are requesting further information for this application, this is the last opportunity for customer to respond. Please mention that to let them know about it."
              )
            }
          )
        },
        {}
      ),
      #"SYSTEM_SYSRULES_richTextDisplayField"(
        labelPosition: "COLLAPSED",
        value: {
          if(
            #"_a-0000d62a-67b3-8000-da6f-010000010000_950"(
              ri!applicationDate
            ),
            {},
            #"SYSTEM_SYSRULES_richTextItem"(
              text: "Submitted on: " &amp; text(
                ri!applicationDate,
                "dd MMMM YYYY"
              ) &amp; " | "
            )
          ),
          if(
            local!isApplicationCompleted,
            {
              #"SYSTEM_SYSRULES_richTextItem"(
                text: "Status: Completed"
              )
            },
            if(
              local!isMemberOfStaff,
              {
                #"SYSTEM_SYSRULES_richTextItem"(
                  text: "Priority: "
                ),
                #"SYSTEM_SYSRULES_richTextImage"(
                  image: choose(
                    #"_a-0000dea0-ffa8-8000-9ba2-011c48011c48_66386"(
                      applicationDate: ri!applicationDate,
                      applicationStatusCode: ri!applicationStatusCode,
                      lastUpdatedDate: ri!lastUpdatedDate,
                      applicationType: ri!applicationType
                    ),
                    #"SYSTEM_SYSRULES_documentImage"(
                      caption: "Low",
                      altText: "Green",
                      document: #"_a-0000ddcf-7ee8-8000-9ba2-011c48011c48_29752"
                    ),
                    #"SYSTEM_SYSRULES_documentImage"(
                      caption: "Normal",
                      altText: "Amber",
                      document: #"_a-0000ddcf-7ee8-8000-9ba2-011c48011c48_29750"
                    ),
                    #"SYSTEM_SYSRULES_documentImage"(
                      caption: "High",
                      altText: "Red",
                      document: #"_a-0000ddcf-7ee8-8000-9ba2-011c48011c48_29755"
                    )
                  )
                )
              },
              {}
            )
          )
        }
      ),
      if(
        local!isMemberOfStaff,
        if(
          and(
            and(
              not(
                #"_a-0000d62a-67b3-8000-da6f-010000010000_951"(
                  local!manufacturerStatuses
                )
              ),
              index(
                local!manufacturerStatuses,
                "status",
                {}
              ) = "Approved"
            ),
            touniformstring(
              ri!applicationStatusCode
            ) &lt;&gt; "Completed",
            not(
              #"_a-0000d62a-67b3-8000-da6f-010000010000_951"(
                index(
                  local!repOrgDocuments,
                  "data",
                  null
                )
              )
            ),
            touniformstring(
              index(
                index(
                  #"_a-0000dea9-da8d-8000-9ba2-011c48011c48_70856"(
                    appReferenceNumber: ri!appReferenceNumber
                  ),
                  "manufacturerStatus",
                  {}
                ),
                "status",
                {}
              ) = "Approved"
            ),
            or(
              #"_a-0000d62a-67b3-8000-da6f-010000010000_950"(
                index(
                  #"_a-0000dea9-da8d-8000-9ba2-011c48011c48_70856"(
                    appReferenceNumber: ri!appReferenceNumber
                  ),
                  "repOrganisationDocumentStatuses",
                  {}
                )
              ),
              any(
                #"_a-0000d62a-67b3-8000-da6f-010000010000_950",
                index(
                  index(
                    #"_a-0000dea9-da8d-8000-9ba2-011c48011c48_70856"(
                      appReferenceNumber: ri!appReferenceNumber
                    ),
                    "repOrganisationDocumentStatuses",
                    {}
                  ),
                  "documentStatus",
                  {}
                )
              )
            )
          ),
          #"SYSTEM_SYSRULES_richTextDisplayField"(
            value: #"SYSTEM_SYSRULES_richTextItem"(
              text: "Authorised representative details have been changed. Go to documents tab to approve/reject the documents uploaded for represented organisations before completing the application.",
              style: "NORMAL"
            )
          ),
          {}
        ),
        {}
      ),
      #"SYSTEM_SYSRULES_sectionLayout_v1"(
        contents: {
          #"SYSTEM_SYSRULES_columnsLayout"(
            columns: {
              #"SYSTEM_SYSRULES_columnLayout"(
                contents: {
                  #"SYSTEM_SYSRULES_richTextDisplayField"(
                    value: #"SYSTEM_SYSRULES_richTextItem"(
                      text: "Organisation Information",
                      style: "HEADER_SMALL"
                    )
                  ),
                  if(
                    tostring(local!organisationNames) = #"_a-0000df82-45aa-8000-9ba2-011c48011c48_221249",
                    #"SYSTEM_SYSRULES_richTextDisplayField"(
                      label: "Name",
                      labelPosition: "ADJACENT",
                      value: #"SYSTEM_SYSRULES_richTextItem"(
                        text: "Unabel to retrive data due to network related issue.",
                        style: "NEGATIVE"
                      )
                    ),
                    #"SYSTEM_SYSRULES_textField"(
                      label: "Name",
                      value: index(
                        local!organisationNames,
                        "previousOrgName",
                        null
                      ),
                      labelPosition: "ADJACENT",
                      readOnly: true()
                    )
                  ),
                  if(
                    tostring(local!organisationRoles) = #"_a-0000df82-45aa-8000-9ba2-011c48011c48_221249",
                    #"SYSTEM_SYSRULES_richTextDisplayField"(
                      label: "Role",
                      labelPosition: "ADJACENT",
                      value: #"SYSTEM_SYSRULES_richTextItem"(
                        text: "Unabel to retrive data due to network related issue.",
                        style: "NEGATIVE"
                      )
                    ),
                    #"SYSTEM_SYSRULES_textField"(
                    label: "Role",
                    labelPosition: "ADJACENT",
                    readOnly: true(),
                    value: joinarray(
                      index(
                        local!organisationRoles,
                        "organisationRoleDescription",
                        ""
                      ),
                      " | "
                    )
                  )
                  )
                }
              ),
              #"SYSTEM_SYSRULES_columnLayout"(
                contents: {
                  #"SYSTEM_SYSRULES_richTextDisplayField"(
                    value: #"SYSTEM_SYSRULES_richTextItem"(
                      text: "Contact Details",
                      style: "HEADER_SMALL"
                    )
                  ),
                  if(
                    tostring(
                      local!contactDetails
                    ) = #"_a-0000df82-45aa-8000-9ba2-011c48011c48_221249",
                    #"_a-0000dff4-f2e5-8000-9ba2-011c48011c48_292885"(),
                    {
                      #"SYSTEM_SYSRULES_textField"(
                        label: "Name",
                        labelPosition: "ADJACENT",
                        readOnly: true,
                        value: joinarray(
                          {
                            index(
                              local!userDetails,
                              "titleDescription",
                              null
                            ),
                            index(
                              local!userDetails,
                              "firstName",
                              null
                            ),
                            index(
                              local!userDetails,
                              "surname",
                              null
                            )
                          },
                          " "
                        )
                      ),
                      #"SYSTEM_SYSRULES_textField"(
                        label: "Job Title",
                        labelPosition: "ADJACENT",
                        readOnly: true,
                        value: index(
                          local!userDetails,
                          "jobTitle",
                          null
                        )
                      ),
                      #"SYSTEM_SYSRULES_textField"(
                        label: "Telephone",
                        labelPosition: "ADJACENT",
                        readOnly: true,
                        value: index(
                          local!userDetails,
                          "telephoneNumber",
                          null
                        )
                      ),
                      #"SYSTEM_SYSRULES_richTextDisplayField"(
                        label: "Email",
                        labelPosition: "ADJACENT",
                        value: #"SYSTEM_SYSRULES_richTextItem"(
                          text: index(
                            local!userDetails,
                            "email",
                            null
                          ),
                          link: if(
                            and(
                              local!isMemberOfStaff,
                              not(
                                #"_a-0000d62a-67b3-8000-da6f-010000010000_951"(
                                  index(
                                    local!userDetails,
                                    "email",
                                    null
                                  )
                                )
                              )
                            ),
                            #"SYSTEM_SYSRULES_safeLink"(
                              lable: "Link to EMAIL",
                              uri: #"_a-0000e01b-7b42-8000-9ba2-011c48011c48_423867"(
                                emailAddress: index(
                                  local!userDetails,
                                  "email",
                                  null
                                ),
                                bcc: #"_a-0000e01b-7b42-8000-9ba2-011c48011c48_425833",
                                subject: "subject for " &amp; ri!appReferenceNumber
                              )
                            ),
                            null
                          )
                        )
                      )
                    }
                  )
                }
              )
            }
          )
        }
      ),
      #"SYSTEM_SYSRULES_sectionLayout_v1"(
        label: "Organisation Changes",
        isCollapsible: true,
        contents: {
          #"SYSTEM_SYSRULES_gridLayout"(
            headerCells: {
              #"SYSTEM_SYSRULES_gridLayoutHeaderCell"(
                label: "#"
              ),
              #"SYSTEM_SYSRULES_gridLayoutHeaderCell"(
                label: "Existing"
              ),
              #"SYSTEM_SYSRULES_gridLayoutHeaderCell"(
                label: "New"
              )
            },
            columnConfigs: {
              #"SYSTEM_SYSRULES_gridLayoutColumnConfig"(
                weight: 3
              ),
              #"SYSTEM_SYSRULES_gridLayoutColumnConfig"(
                weight: 3.5
              ),
              #"SYSTEM_SYSRULES_gridLayoutColumnConfig"(
                weight: 3.5
              )
            },
            totalCount: count(
              index(
                local!dataToDisplay,
                "label",
                {}
              )
            ),
            rows: {
              if(
                #"_a-0000d62a-67b3-8000-da6f-010000010000_951"(local!dataToDisplay),
                null,
              #"SYSTEM_SYSRULES_applyComponents"(
                #"_a-0000ded1-797d-8000-9ba2-011c48011c48_79443"(
                  dataToDisplay: local!dataToDisplay,
                  index: _
                ),
                enumerate(
                  count(
                    local!dataToDisplay
                  )
                ) + 1
              )
              )
            }
          )
        }
      ),
      #"SYSTEM_SYSRULES_sectionLayout_v1"(
        contents: {
          #"SYSTEM_SYSRULES_richTextDisplayField"(
            value: #"SYSTEM_SYSRULES_richTextItem"(
              text: "Designation Letter",
              style: "HEADER_SMALL"
            )
          ),
          #"SYSTEM_SYSRULES_linkField"(
            label: "Document",
            labelPosition: "ADJACENT",
            links: {
              if(
                #"_a-0000d62a-67b3-8000-da6f-010000010000_950"(
                  local!applicationDesignationLetter
                ),
                {},
                #"SYSTEM_SYSRULES_documentDownloadLink"(
                  label: document(
                    local!applicationDesignationLetter,
                    "name"
                  ),
                  document: todocument(
                    local!applicationDesignationLetter
                  )
                )
              )
            }
          ),
          #"SYSTEM_SYSRULES_textField"(
            label: "Description",
            labelPosition: "ADJACENT",
            readOnly: true,
            value: if(
              #"_a-0000d62a-67b3-8000-da6f-010000010000_950"(
                index(
                  local!applicationDesignationLetter,
                  "documentDescription",
                  ""
                )
              ),
              {},
              index(
                local!applicationDesignationLetter,
                "documentDescription",
                ""
              )
            )
          )
        },
        showWhen: not(
          #"_a-0000d62a-67b3-8000-da6f-010000010000_950"(
            local!applicationDesignationLetter
          )
        )
      ),
      #"_a-0000ded1-797d-8000-9ba2-011c48011c48_79119"(
        applicationRefNumber_txt: ri!appReferenceNumber
      ),
      if(
        #"_a-0000d62a-67b3-8000-da6f-010000010000_951"(
          local!furtherInfoDetailsResponse
        ),
        {},
        #"_a-0000df82-45aa-8000-9ba2-011c48011c48_180068"(
          furtherInfoDetails: local!furtherInfoDetailsResponse
        )
      ),
      /* MV Bug fix 7666 - added FI details in all stages of app */
      if(
        local!isApplicationCompleted,
        /*continue fixing here for approve and reject from DB after app is complete - they havent asked for this so havent put it in yet but left the code in*/
        /* if(
          not(rule!APN_isEmpty(
                index(
                  ______,
                  "rejected?",
                  {}
                )
              )),
          {
            a!richTextDisplayField(
              labelPosition: "COLLAPSED",
              value: {
                a!richTextImage(
                  a!documentImage(
                    document: a!iconIndicator(
                      "STATUS_NOTDONE"
                    )
                  )
                ),
                a!richTextItem(
                  text: "Update"
                ),
                a!richTextItem(
                  text: " rejected",
                  style: "STRONG"
                ),
                a!richTextItem(
                  text: " on "
                ),
                a!richTextItem(
                  text: if(
                    rule!APN_isEmpty(
                      index(
                        local!getAppStatusOnEditOrg,
                        "actionTakenOn",
                        {}
                      )
                    ),
                    "",
                    a!richTextItem(
                      text: index(
                        local!getAppStatusOnEditOrg,
                        "actionTakenOn",
                        {}
                      )
                    )
                  )
                ),
                a!richTextItem(
                  text: " by " &amp; if(
                    rule!MHRA_isMemberOfStaff(
                      loggedInUser()
                    ),
                    rule!APN_displayUser(
                      index(
                        local!getAppStatusOnEditOrg,
                        "actionTakenBy",
                        {}
                      )
                    ),
                    "MHRA Staff"
                  ) &amp; ". "
                )
              }
            ),
            if(
              rule!APN_isEmpty(
                index(
                  local!getAppStatusOnEditOrg,
                  "rejectionReasonId",
                  {}
                )
              ),
              {},
              {
                a!richTextDisplayField(
                  labelPosition: "COLLAPSED",
                  value: {
                    a!richTextItem(
                      text: "     Rejection reason: " &amp; index(
                        local!getAppStatusOnEditOrg,
                        "rejectionReasonId",
                        {}
                      )
                    )
                  }
                ),
                a!richTextDisplayField(
                  labelPosition: "COLLAPSED",
                  value: {
                    a!richTextItem(
                      text: "     Rejection comments: " &amp; index(
                        local!getAppStatusOnEditOrg,
                        "rejectionComments",
                        {}
                      )
                    )
                  }
                )
              }
            )
          },
          if(
            not(rule!APN_isEmpty(
                index(
                  ______________,
                  "Approved?",
                  {}
                )
              )),
            {
              a!richTextDisplayField(
                value: {
                  a!richTextImage(
                    a!documentImage(
                      document: a!iconIndicator(
                        "STATUS_OK"
                      )
                    )
                  ),
                  a!richTextItem(
                    text: "Update"
                  ),
                  a!richTextItem(
                    text: " approved",
                    style: "STRONG"
                  ),
                  a!richTextItem(
                    text: " on "
                  ),
                  a!richTextItem(
                    text: if(
                      rule!APN_isEmpty(
                        index(
                          local!getAppStatusOnEditOrg,
                          "actionTakenOn",
                          {}
                        )
                      ),
                      "",
                      a!richTextItem(
                        text: index(
                          local!getAppStatusOnEditOrg,
                          "actionTakenOn",
                          {}
                        )
                      )
                    )
                  ),
                  a!richTextItem(
                    text: " by " &amp; if(
                      rule!MHRA_isMemberOfStaff(
                        loggedInUser()
                      ),
                      rule!APN_displayUser(
                        index(
                          local!getAppStatusOnEditOrg,
                          "actionTakenBy",
                          {}
                        )
                      ),
                      "MHRA Staff"
                    ) &amp; ". "
                  )
                }
              )
            },  */
        if(
          not(
            #"_a-0000d62a-67b3-8000-da6f-010000010000_951"(
              index(
                local!furtherInfoDetailsRequested,
                "organisationDetailFurtherInformatationDesc",
                {}
              )
            )
          ),
          {
            #"SYSTEM_SYSRULES_richTextDisplayField"(
              value: {
                #"SYSTEM_SYSRULES_richTextImage"(
                  #"SYSTEM_SYSRULES_documentImage"(
                    document: #"SYSTEM_SYSRULES_iconIndicator"(
                      "STATUS_WARN"
                    )
                  )
                ),
                #"SYSTEM_SYSRULES_richTextItem"(
                  text: "Further information requested",
                  style: "STRONG"
                ),
                #"SYSTEM_SYSRULES_richTextItem"(
                  text: " for update"
                ),
                #"SYSTEM_SYSRULES_richTextItem"(
                  text: " on "
                ),
                #"SYSTEM_SYSRULES_richTextItem"(
                  text: if(
                    #"_a-0000d62a-67b3-8000-da6f-010000010000_951"(
                      index(
                        local!furtherInfoDetailsRequested,
                        "createdDate",
                        {}
                      )
                    ),
                    null,
                    #"SYSTEM_SYSRULES_richTextItem"(
                      text: index(
                        local!furtherInfoDetailsRequested,
                        "createdDate",
                        {}
                      )
                    )
                  )
                ),
                #"SYSTEM_SYSRULES_richTextItem"(
                  text: " by " &amp; if(
                    local!isMemberOfStaff,
                    #"_a-0000d690-12fb-8000-0f1a-010000010000_1352"(
                      index(
                        local!furtherInfoDetailsRequested,
                        "businessUserName",
                        {}
                      )
                    ),
                    "MHRA Staff"
                  ) &amp; ". "
                )
              }
            ),
            if(
              #"_a-0000d62a-67b3-8000-da6f-010000010000_951"(
                index(
                  local!furtherInfoDetailsRequested,
                  "organisationDetailFurtherInformatationDesc",
                  {}
                )
              ),
              {},
              {
                #"SYSTEM_SYSRULES_richTextDisplayField"(
                  labelPosition: "COLLAPSED",
                  value: {
                    #"SYSTEM_SYSRULES_richTextItem"(
                      text: "     Further information reason: " &amp; index(
                        local!furtherInfoDetailsRequested,
                        "organisationDetailFurtherInformatationDesc",
                        {}
                      )
                    )
                  }
                ),
                #"SYSTEM_SYSRULES_richTextDisplayField"(
                  labelPosition: "COLLAPSED",
                  value: {
                    #"SYSTEM_SYSRULES_richTextItem"(
                      text: "     Comments: " &amp; index(
                        local!furtherInfoDetailsRequested,
                        "businessEventfurtherInformationDesc",
                        {}
                      )
                    )
                  }
                )
              }
            )
          },
          {}
        ),
        if(
          index(
            local!getAppStatusOnEditOrg,
            "statusDesc",
            {}
          ) = "Reject",
          {
            #"SYSTEM_SYSRULES_richTextDisplayField"(
              labelPosition: "COLLAPSED",
              value: {
                #"SYSTEM_SYSRULES_richTextImage"(
                  #"SYSTEM_SYSRULES_documentImage"(
                    document: #"SYSTEM_SYSRULES_iconIndicator"(
                      "STATUS_NOTDONE"
                    )
                  )
                ),
                #"SYSTEM_SYSRULES_richTextItem"(
                  text: "Update"
                ),
                #"SYSTEM_SYSRULES_richTextItem"(
                  text: " rejected",
                  style: "STRONG"
                ),
                #"SYSTEM_SYSRULES_richTextItem"(
                  text: " on "
                ),
                #"SYSTEM_SYSRULES_richTextItem"(
                  text: if(
                    #"_a-0000d62a-67b3-8000-da6f-010000010000_951"(
                      index(
                        local!getAppStatusOnEditOrg,
                        "actionTakenOn",
                        {}
                      )
                    ),
                    null,
                    #"SYSTEM_SYSRULES_richTextItem"(
                      text: index(
                        local!getAppStatusOnEditOrg,
                        "actionTakenOn",
                        {}
                      )
                    )
                  )
                ),
                #"SYSTEM_SYSRULES_richTextItem"(
                  text: " by " &amp; if(
                    local!isMemberOfStaff,
                    #"_a-0000d690-12fb-8000-0f1a-010000010000_1352"(
                      index(
                        local!getAppStatusOnEditOrg,
                        "actionTakenBy",
                        {}
                      )
                    ),
                    "MHRA Staff"
                  ) &amp; ". "
                )
              }
            )/*,
            if(
              rule!APN_isEmpty(
                index(
                  local!getAppStatusOnEditOrg,
                  "rejectionReasonId",
                  {}
                )
              ),
              {},
              {
                a!richTextDisplayField(
                  labelPosition: "COLLAPSED",
                  value: {
                    a!richTextItem(
                      text: "     Rejection reason: " &amp; index(
                        index(
                          local!getRejectionDescById,
                          "accountRejectionReason",
                          {}
                        ),
                        wherecontains(
                          index(
                            local!getAppStatusOnEditOrg,
                            "rejectionReasonId",
                            null
                          ),
                          index(
                            local!getRejectionDescById,
                            "accountRejectionReason",
                            {}
                          )
                        ),
                        null
                      )
                    )
                  }
                ),
                a!richTextDisplayField(
                  labelPosition: "COLLAPSED",
                  value: {
                    a!richTextItem(
                      text: "     Rejection comments: " &amp; index(
                        local!getAppStatusOnEditOrg,
                        "rejectionComments",
                        {}
                      )
                    )
                  }
                )
              }
            )*/
          },
          if(
            index(
              local!getAppStatusOnEditOrg,
              "statusDesc",
              {}
            ) = "Approve",
            {
              #"SYSTEM_SYSRULES_richTextDisplayField"(
                value: {
                  #"SYSTEM_SYSRULES_richTextImage"(
                    #"SYSTEM_SYSRULES_documentImage"(
                      document: #"SYSTEM_SYSRULES_iconIndicator"(
                        "STATUS_OK"
                      )
                    )
                  ),
                  #"SYSTEM_SYSRULES_richTextItem"(
                    text: "Update"
                  ),
                  #"SYSTEM_SYSRULES_richTextItem"(
                    text: " approved",
                    style: "STRONG"
                  ),
                  #"SYSTEM_SYSRULES_richTextItem"(
                    text: " on "
                  ),
                  #"SYSTEM_SYSRULES_richTextItem"(
                    text: if(
                      #"_a-0000d62a-67b3-8000-da6f-010000010000_951"(
                        index(
                          local!getAppStatusOnEditOrg,
                          "actionTakenOn",
                          {}
                        )
                      ),
                      "",
                      #"SYSTEM_SYSRULES_richTextItem"(
                        text: index(
                          local!getAppStatusOnEditOrg,
                          "actionTakenOn",
                          {}
                        )
                      )
                    )
                  ),
                  #"SYSTEM_SYSRULES_richTextItem"(
                    text: " by " &amp; if(
                      local!isMemberOfStaff,
                      #"_a-0000d690-12fb-8000-0f1a-010000010000_1352"(
                        index(
                          local!getAppStatusOnEditOrg,
                          "actionTakenBy",
                          {}
                        )
                      ),
                      "MHRA Staff"
                    ) &amp; ". "
                  )
                }
              )
            },
            if(
              index(
                local!getAppStatusOnEditOrg,
                "statusDesc",
                {}
              ) = "Further Information",
              {
                #"SYSTEM_SYSRULES_richTextDisplayField"(
                  value: {
                    #"SYSTEM_SYSRULES_richTextImage"(
                      #"SYSTEM_SYSRULES_documentImage"(
                        document: #"SYSTEM_SYSRULES_iconIndicator"(
                          "STATUS_WARN"
                        )
                      )
                    ),
                    #"SYSTEM_SYSRULES_richTextItem"(
                      text: "Further information requested",
                      style: "STRONG"
                    ),
                    #"SYSTEM_SYSRULES_richTextItem"(
                      text: " for update"
                    ),
                    #"SYSTEM_SYSRULES_richTextItem"(
                      text: " on "
                    ),
                    #"SYSTEM_SYSRULES_richTextItem"(
                      text: if(
                        #"_a-0000d62a-67b3-8000-da6f-010000010000_951"(
                          index(
                            local!getAppStatusOnEditOrg,
                            "actionTakenOn",
                            {}
                          )
                        ),
                        "",
                        #"SYSTEM_SYSRULES_richTextItem"(
                          text: index(
                            local!getAppStatusOnEditOrg,
                            "actionTakenOn",
                            {}
                          )
                        )
                      )
                    ),
                    #"SYSTEM_SYSRULES_richTextItem"(
                      text: " by " &amp; if(
                        local!isMemberOfStaff,
                        #"_a-0000d690-12fb-8000-0f1a-010000010000_1352"(
                          index(
                            local!getAppStatusOnEditOrg,
                            "actionTakenBy",
                            {}
                          )
                        ),
                        "MHRA Staff"
                      ) &amp; ". "
                    )
                  }
                ),
                if(
                  index(
                    local!getAppStatusOnEditOrg,
                    "furtherInfoReasonId",
                    {}
                  ) = 0,
                  {},
                  {
                    #"SYSTEM_SYSRULES_richTextDisplayField"(
                      labelPosition: "COLLAPSED",
                      value: {
                        #"SYSTEM_SYSRULES_richTextItem"(
                          text: "     Further information reason: " &amp; index(
                            local!getFutherInformationReasonsById,
                            "furtherInformation",
                            {}
                          )
                        )
                      }
                    ),
                    #"SYSTEM_SYSRULES_richTextDisplayField"(
                      labelPosition: "COLLAPSED",
                      value: {
                        #"SYSTEM_SYSRULES_richTextItem"(
                          text: "     Comments: " &amp; index(
                            local!getAppStatusOnEditOrg,
                            "furtherInfoComments",
                            {}
                          )
                        )
                      }
                    )
                  }
                )
              },
              {}
            )
          )
        )
      )
    }
  )
)</definition>
        <namedTypedValue>
            <name>organisationId</name>
            <type>
                <name>int</name>
                <namespace>http://www.w3.org/2001/XMLSchema</namespace>
            </type>
        </namedTypedValue>
        <namedTypedValue>
            <name>submitedBy</name>
            <type>
                <name>string</name>
                <namespace>http://www.w3.org/2001/XMLSchema</namespace>
            </type>
            <value/>
        </namedTypedValue>
        <namedTypedValue>
            <name>appReferenceNumber</name>
            <type>
                <name>string</name>
                <namespace>http://www.w3.org/2001/XMLSchema</namespace>
            </type>
            <value/>
        </namedTypedValue>
        <namedTypedValue>
            <name>applicationStatusCode</name>
            <type>
                <name>string</name>
                <namespace>http://www.w3.org/2001/XMLSchema</namespace>
            </type>
            <value/>
        </namedTypedValue>
        <namedTypedValue>
            <name>applicationType</name>
            <type>
                <name>string</name>
                <namespace>http://www.w3.org/2001/XMLSchema</namespace>
            </type>
            <value/>
        </namedTypedValue>
        <namedTypedValue>
            <name>applicationDate</name>
            <type>
                <name>dateTime</name>
                <namespace>http://www.w3.org/2001/XMLSchema</namespace>
            </type>
        </namedTypedValue>
        <namedTypedValue>
            <name>lastUpdatedDate</name>
            <type>
                <name>dateTime</name>
                <namespace>http://www.w3.org/2001/XMLSchema</namespace>
            </type>
        </namedTypedValue>
        <metadataExpr></metadataExpr>
        <preferredEditor>interface</preferredEditor>
        <offlineEnabled>false</offlineEnabled>
    </rule>
    <roleMap public="true">
        <role inherit="false" allowForAll="true" name="readers">
            <users/>
            <groups/>
        </role>
        <role inherit="false" allowForAll="false" name="authors">
            <users/>
            <groups>
                <groupUuid>_e-0000dd15-133b-8000-9aee-01075c01075c_45</groupUuid>
            </groups>
        </role>
        <role inherit="false" allowForAll="false" name="administrators">
            <users/>
            <groups>
                <groupUuid>_e-0000dd15-133b-8000-9aee-01075c01075c_49</groupUuid>
            </groups>
        </role>
        <role inherit="false" allowForAll="false" name="denyReaders">
            <users/>
            <groups/>
        </role>
        <role inherit="false" allowForAll="false" name="denyAuthors">
            <users/>
            <groups/>
        </role>
        <role inherit="false" allowForAll="false" name="denyAdministrators">
            <users/>
            <groups/>
        </role>
    </roleMap>
    <typedValue>
        <type>
            <name>RuleTestConfig?list</name>
            <namespace>http://www.appian.com/ae/types/2009</namespace>
        </type>
        <value>
            <el>
                <a:name/>
                <a:ruleInputTestConfigs>
                    <a:value xmlns:xsd="http://www.w3.org/2001/XMLSchema" xmlns:xsi="http://www.w3.org/2001/XMLSchema-instance" xsi:type="xsd:int">1592</a:value>
                    <a:nameRef>organisationId</a:nameRef>
                    <a:id/>
                </a:ruleInputTestConfigs>
                <a:ruleInputTestConfigs>
                    <a:value xmlns:xsd="http://www.w3.org/2001/XMLSchema" xmlns:xsi="http://www.w3.org/2001/XMLSchema-instance" xsi:type="xsd:string">rajasekhar.test11</a:value>
                    <a:nameRef>submitedBy</a:nameRef>
                    <a:id/>
                </a:ruleInputTestConfigs>
                <a:ruleInputTestConfigs>
                    <a:value xmlns:xsi="http://www.w3.org/2001/XMLSchema-instance" xsi:type="a:Expression">"20180108001414"</a:value>
                    <a:nameRef>appReferenceNumber</a:nameRef>
                    <a:id/>
                </a:ruleInputTestConfigs>
                <a:ruleInputTestConfigs>
                    <a:value xmlns:xsi="http://www.w3.org/2001/XMLSchema-instance" xsi:type="a:Expression">"Assigned"</a:value>
                    <a:nameRef>applicationStatusCode</a:nameRef>
                    <a:id/>
                </a:ruleInputTestConfigs>
                <a:ruleInputTestConfigs>
                    <a:value xmlns:xsi="http://www.w3.org/2001/XMLSchema-instance" xsi:type="a:Expression">"Account amendment: further information provided"</a:value>
                    <a:nameRef>applicationType</a:nameRef>
                    <a:id/>
                </a:ruleInputTestConfigs>
                <a:ruleInputTestConfigs>
                    <a:value xmlns:xsd="http://www.w3.org/2001/XMLSchema" xmlns:xsi="http://www.w3.org/2001/XMLSchema-instance" xsi:type="xsd:dateTime">2018-03-09T04:00:00Z</a:value>
                    <a:nameRef>applicationDate</a:nameRef>
                    <a:id/>
                </a:ruleInputTestConfigs>
                <a:ruleInputTestConfigs>
                    <a:value xmlns:xsd="http://www.w3.org/2001/XMLSchema" xmlns:xsi="http://www.w3.org/2001/XMLSchema-instance" xsi:type="xsd:dateTime">2018-03-22T03:30:00Z</a:value>
                    <a:nameRef>lastUpdatedDate</a:nameRef>
                    <a:id/>
                </a:ruleInputTestConfigs>
                <a:assertions xmlns:xsi="http://www.w3.org/2001/XMLSchema-instance" xsi:nil="true"/>
            </el>
        </value>
    </typedValue>
    <history>
        <historyInfo versionUuid="_a-0000df82-45aa-8000-9ba2-011c48011c48_182195"/>
        <historyInfo versionUuid="_a-0000df82-45aa-8000-9ba2-011c48011c48_182725"/>
        <historyInfo versionUuid="_a-0000df82-45aa-8000-9ba2-011c48011c48_188790"/>
        <historyInfo versionUuid="_a-0000df82-45aa-8000-9ba2-011c48011c48_193559"/>
        <historyInfo versionUuid="_a-0000df82-45aa-8000-9ba2-011c48011c48_206022"/>
        <historyInfo versionUuid="_a-0000dff4-f2e5-8000-9ba2-011c48011c48_301298"/>
        <historyInfo versionUuid="_a-0000e01b-7b42-8000-9ba2-011c48011c48_420813"/>
        <historyInfo versionUuid="_a-0000e05b-b197-8000-9ba2-011c48011c48_535031"/>
    </history>
</contentHaul>
