<?xml version="1.0" encoding="UTF-8" standalone="yes"?>
<contentHaul xmlns:a="http://www.appian.com/ae/types/2009">
    <versionUuid>_a-0000df82-45aa-8000-9ba2-011c48011c48_184844</versionUuid>
    <rule>
        <name>MHRA_SP_getFurtherInformationDetailsForApplication</name>
        <uuid>_a-0000ded1-797d-8000-9ba2-011c48011c48_81317</uuid>
        <description>Get further information details related to an application</description>
        <parentUuid>_a-0000ddfd-93a8-8000-9ba2-011c48011c48_41421</parentUuid>
        <visibility>
            <advertise>false</advertise>
            <hierarchy>true</hierarchy>
            <indexable>true</indexable>
            <quota>false</quota>
            <searchable>true</searchable>
            <system>false</system>
            <unlogged>false</unlogged>
        </visibility>
        <definition>with(
  local!data: fn!executestoredprocedure(
    dataSourceName: #"_a-0000ddfd-93a8-8000-9ba2-011c48011c48_44005",
    procedureName: #"_a-0000ded1-797d-8000-9ba2-011c48011c48_81316",
    inputs: {
      {
        name: "eventReferenceNumber",
        value: ri!applicationRefNumber_txt
      },
      if(
        #"_a-0000d62a-67b3-8000-da6f-010000010000_950"(
          ri!deviceId 
        ),
        {},
        {
          name: "deviceId",
          value: ri!deviceId 
        }
      )
    }
  ),
  local!furtherDetails: if(
    local!data.success,
    cast(
      typeof({'type!{urn:com:appian:types:mhra:common}MHRA_SP_FurtherInformationDetailsGet'()}),
      local!data.result
    ),
    {}
  ),
  remove(
    local!furtherDetails,
    wherecontains(
      0,
      index(local!furtherDetails,"deviceId",{})
    )
  )
)</definition>
        <namedTypedValue>
            <name>applicationRefNumber_txt</name>
            <type>
                <name>string</name>
                <namespace>http://www.w3.org/2001/XMLSchema</namespace>
            </type>
            <value/>
        </namedTypedValue>
        <namedTypedValue>
            <name>deviceId</name>
            <type>
                <name>int</name>
                <namespace>http://www.w3.org/2001/XMLSchema</namespace>
            </type>
        </namedTypedValue>
        <preferredEditor>legacy</preferredEditor>
        <offlineEnabled>false</offlineEnabled>
    </rule>
    <roleMap public="true">
        <role inherit="false" allowForAll="false" name="readers">
            <users/>
            <groups>
                <groupUuid>_e-0000dd8d-014e-8000-9aee-01075c01075c_51</groupUuid>
                <groupUuid>_e-0000dd8d-014e-8000-9aee-01075c01075c_52</groupUuid>
            </groups>
        </role>
        <role inherit="false" allowForAll="false" name="authors">
            <users/>
            <groups>
                <groupUuid>_e-0000dd15-133b-8000-9aee-01075c01075c_45</groupUuid>
            </groups>
        </role>
        <role inherit="false" allowForAll="false" name="administrators">
            <users/>
            <groups>
                <groupUuid>_e-0000dd15-133b-8000-9aee-01075c01075c_49</groupUuid>
            </groups>
        </role>
        <role inherit="false" allowForAll="false" name="denyReaders">
            <users/>
            <groups/>
        </role>
        <role inherit="false" allowForAll="false" name="denyAuthors">
            <users/>
            <groups/>
        </role>
        <role inherit="false" allowForAll="false" name="denyAdministrators">
            <users/>
            <groups/>
        </role>
    </roleMap>
    <history>
        <historyInfo versionUuid="_a-0000df82-45aa-8000-9ba2-011c48011c48_184844"/>
    </history>
</contentHaul>
