<?xml version="1.0" encoding="UTF-8" standalone="yes"?>
<contentHaul xmlns:a="http://www.appian.com/ae/types/2009">
    <versionUuid>_a-0000e01b-7b42-8000-9ba2-011c48011c48_430918</versionUuid>
    <rule>
        <name>MHRA_rec_allApplicationsRelatedActionsVisbilityConditions</name>
        <uuid>_a-0000ded1-797d-8000-9ba2-011c48011c48_77872</uuid>
        <description>this rule returns the visibility conditions for all related actions in All Application record.
Based on related action name.</description>
        <parentUuid>_a-0000ddfd-93a8-8000-9ba2-011c48011c48_43757</parentUuid>
        <visibility>
            <advertise>false</advertise>
            <hierarchy>true</hierarchy>
            <indexable>true</indexable>
            <quota>false</quota>
            <searchable>true</searchable>
            <system>false</system>
            <unlogged>false</unlogged>
        </visibility>
        <definition>with(
  local!paymentDetails: if(
    and(
      not(
        #"_a-0000ded1-797d-8000-9ba2-011c48011c48_76068" = rf!applicationStatusCode/*contains(*/
        /*{*/
        /*cons!MHRA_APPLICATION_STATUS_COMPLETED,*/
        /*cons!MHRA_APPLICATION_STATUS_ACCPTED*/
        /*},*/
        /*rf!applicationStatusCode*/
        /*)*/
        
      ),
      contains(
        index(
          #"_a-0000ded1-797d-8000-9ba2-011c48011c48_77194",
          {
            2,
            4,
            5,
            6,
            7,
            9,
            11
          },
          {}
        ),
        rf!applicationType
      )
    ),
    cast(
          'type!{urn:com:appian:types:mhra:common}MHRA_SP_PaymentDetails',
          #"_a-0000dff4-f2e5-8000-9ba2-011c48011c48_296238"(
            appReferenceNumber: rf!applicationRefNumber
            )
        ),
    null
  ),
  local!paymentStatusPending: if(
    #"_a-0000d62a-67b3-8000-da6f-010000010000_951"(
      local!paymentDetails
    ),
    false,
    if(
      and(
        index(
          local!paymentDetails,
          "paymentMethodId",
          null
        ) = 2,
        index(
          local!paymentDetails,
          "paymentStatusId",
          null
        ) = 1
      ),
      true,
      false
    )
  ),
  local!isCompleted: contains(
    {
      #"_a-0000ded1-797d-8000-9ba2-011c48011c48_76068",
      #"_a-0000df25-d2bb-8000-9ba2-011c48011c48_91332"
    },
    rf!applicationStatusCode
  ),
  local!isDocsGenerated: if(
    and(
      rf!applicationType = #"_a-0000ded1-797d-8000-9ba2-011c48011c48_77194"[4],
      not(
        local!isCompleted
      )
    ),
    not(
      #"_a-0000d62a-67b3-8000-da6f-010000010000_951"(
        #"_a-0000dff4-f2e5-8000-9ba2-011c48011c48_301576"(
            applicationReferenceNumber: rf!applicationRefNumber,
            documentTypeId: #"_a-0000ded1-797d-8000-9ba2-011c48011c48_81586"
          ).data        
      )
    ),
    false
  ),
  if(
    local!isCompleted,
    false,
    /** if the application is completed or rejected then no related action is visible*/
    choose(
      wherecontains(
        ri!relatedActionName,
        {
          "Assign to myself",
          "Assign to colleague",
          "Change Decision",
          "Complete the application",
          "Approve all devices",
          "Reassign to colleague",
          "Approve manufacturer",
          "Reject manufacturer",
          "Approve account",
          "Reject account",
          "Approve updates",
          "Reject updates",
          "Upload documents",
          "Unregister manufacturer",
          "Approve all organisation documents",
          "Confirm payment",
          "Payment Not Received",
          "Reject order",
          "Genetate documents",
          "Further Information for Edit Organisation"
        }
      ),
      /* =============== ================== Assign to myself related action condition ===============  */
      and(
        rf!applicationStatusCode &lt;&gt; #"_a-0000ded1-797d-8000-9ba2-011c48011c48_76068",
        #"_a-0000d62a-67b3-8000-da6f-010000010000_951"(
          rf!assignedToUserName
        )
      ),
      /* ===============  Assign to colleague related action condition ===============  */
      and(
        rf!applicationStatusCode &lt;&gt; #"_a-0000ded1-797d-8000-9ba2-011c48011c48_76068",
        #"_a-0000d62a-67b3-8000-da6f-010000010000_950"(
          rf!assignedToUserName
        )
      ),
      /* ===============  Change Decision related action condition ===============  */
      and(
        not(
          local!paymentStatusPending
        ),
        if(
          or(rf!applicationType = #"_a-0000ded1-797d-8000-9ba2-011c48011c48_77194"[6],
          rf!applicationType = #"_a-0000ded1-797d-8000-9ba2-011c48011c48_77194"[22]),
          with(
            local!data: #"_a-0000ded1-797d-8000-9ba2-011c48011c48_83339"(
              applicationRefNumber_txt: rf!applicationRefNumber
            ),
            if(
              #"_a-0000d62a-67b3-8000-da6f-010000010000_951"(
                local!data
              ),
              false(),
              true()
            )
          ),
          with(
            local!applicationStatus: #"_a-0000dea9-da8d-8000-9ba2-011c48011c48_70856"(
              appReferenceNumber: rf!applicationRefNumber,
              manufacturerId: rf!organisationId
            ),
            local!manufacturerStatus: index(
              local!applicationStatus,
              "manufacturerStatus",
              {}
            ),
            exact(
              tostring(
                index(
                  local!manufacturerStatus,
                  "status",
                  {}
                )
              ),
              #"_a-0000dea9-da8d-8000-9ba2-011c48011c48_70859"
            )
          )
        )
      ),
      /* ===============  Complete the application related action condition ===============  */
      if(
        local!paymentStatusPending,
        false,
        if(
          and(
            rf!applicationType = #"_a-0000ded1-797d-8000-9ba2-011c48011c48_77194"[4],
            local!isDocsGenerated
          ),
          true,
          if(
            or(rf!applicationType = #"_a-0000ded1-797d-8000-9ba2-011c48011c48_77194"[6],
            rf!applicationType = #"_a-0000ded1-797d-8000-9ba2-011c48011c48_77194"[22],
            rf!applicationType = #"_a-0000ded1-797d-8000-9ba2-011c48011c48_77194"[27]),
            with(
              local!data: #"_a-0000ded1-797d-8000-9ba2-011c48011c48_83339"(
                applicationRefNumber_txt: rf!applicationRefNumber
              ),
              if(
                #"_a-0000d62a-67b3-8000-da6f-010000010000_951"(
                  local!data
                ),
                false(),
                /* Visibility conditions to check if the edited organisation is auth rep/ distributor */
                if(
                  or(
                    #"_a-0000d62a-67b3-8000-da6f-010000010000_951"(
                      #"_a-0000df25-d2bb-8000-9ba2-011c48011c48_88571"(
                        appReferenceNumber: rf!applicationRefNumber
                      )
                    ),
                    touniformstring(
                      index(
                        index(
                          #"_a-0000dea9-da8d-8000-9ba2-011c48011c48_70856"(
                            appReferenceNumber: rf!applicationRefNumber
                          ),
                          "manufacturerStatus",
                          {}
                        ),
                        "status",
                        {}
                      )
                    ) &lt;&gt; "Approved"
                  ),
                  true(),
                  with(
                    local!applicationStatus: #"_a-0000dea9-da8d-8000-9ba2-011c48011c48_70856"(
                      appReferenceNumber: rf!applicationRefNumber
                    ),
                    local!repOrganisationStatuses: index(
                      local!applicationStatus,
                      "repOrganisationDocumentStatuses",
                      {}
                    ),
                    and(
                      not(
                        #"_a-0000d62a-67b3-8000-da6f-010000010000_951"(
                          local!repOrganisationStatuses
                        )
                      ),
                      not(
                        contains(
                          touniformstring(
                            index(
                              local!repOrganisationStatuses,
                              "documentStatus",
                              {}
                            )
                          ),
                          null
                        )
                      )
                    )
                  )
                )
              )
            ),
            with(
              local!applicationStatus: #"_a-0000dea9-da8d-8000-9ba2-011c48011c48_70856"(
                appReferenceNumber: rf!applicationRefNumber,
                manufacturerId: rf!organisationId
              ),
              local!deviceStatuses: index(
                local!applicationStatus,
                "deviceStatuses",
                {}
              ),
              and(
                not(
                  #"_a-0000d62a-67b3-8000-da6f-010000010000_951"(
                    local!deviceStatuses
                  )
                ),
                not(
                  contains(
                    touniformstring(
                      index(
                        local!deviceStatuses,
                        "deviceStatus",
                        {}
                      )
                    ),
                    null
                  )
                )
              )
            )
          )
        )
      ),
      /* ===============  Approve all devices related action condition ===============  */
      if(
        local!paymentStatusPending,
        false,
        and(
          contains(
            index(
              #"_a-0000ded1-797d-8000-9ba2-011c48011c48_77194",
              {
                2,
                3,
                5,
                7,
                8,
                9,
                19,
                20,
                23,
                24
              },
              {}
            ),
            rf!applicationType
          ),
          with(
            local!applicationStatus: #"_a-0000dea9-da8d-8000-9ba2-011c48011c48_70856"(
              appReferenceNumber: rf!applicationRefNumber,
              manufacturerId: rf!organisationId
            ),
            local!manufacturerStatus: index(
              local!applicationStatus,
              "manufacturerStatus",
              {}
            ),
            local!deviceStatuses: index(
              local!applicationStatus,
              "deviceStatuses",
              {}
            ),
            and(
              or(
                contains(
                  index(
                    #"_a-0000ded1-797d-8000-9ba2-011c48011c48_77194",
                    {
                      5,
                      7,
                      8,
                      9,
                      19,
                      20,
                      23,
                      24
                    },
                    {}
                  ),
                  rf!applicationType
                ),
                /*rf!applicationType = cons!MHRA_APPLICATION_TYPES_DESCRIPTIONS[5],
                rf!applicationType = cons!MHRA_APPLICATION_TYPES_DESCRIPTIONS[7],
                rf!applicationType = cons!MHRA_APPLICATION_TYPES_DESCRIPTIONS[8],
                rf!applicationType = cons!MHRA_APPLICATION_TYPES_DESCRIPTIONS[9],
                rf!applicationType = cons!MHRA_APPLICATION_TYPES_DESCRIPTIONS[19],
                rf!applicationType = cons!MHRA_APPLICATION_TYPES_DESCRIPTIONS[20],*/
                exact(
                  tostring(
                    index(
                      local!manufacturerStatus,
                      "status",
                      {}
                    )
                  ),
                  #"_a-0000dea9-da8d-8000-9ba2-011c48011c48_70859"
                )
              ),
              or(
                #"_a-0000d62a-67b3-8000-da6f-010000010000_951"(
                  local!deviceStatuses
                ),
                contains(
                  touniformstring(
                    index(
                      local!deviceStatuses,
                      "deviceStatus",
                      {}
                    )
                  ),
                  null
                )
              )
            )
          )
        )
      ),
      /* ===============  Reassign to colleague related action condition ===============  */
      and(
        rf!applicationStatusCode &lt;&gt; #"_a-0000ded1-797d-8000-9ba2-011c48011c48_76068",
        not(
          contains(
            {
              "Accepted",
              "Rejected"
            },
            rf!applicationStatusCode
          )
        ),
        rf!assignedToUserName = loggedInUser()
      ),
      /* ===============  Approve manufacturer related action condition ===============  */
      if(
        local!paymentStatusPending,
        false,
        with(
          local!applicationStatus: #"_a-0000dea9-da8d-8000-9ba2-011c48011c48_70856"(
            appReferenceNumber: rf!applicationRefNumber,
            manufacturerId: rf!organisationId
          ),
          local!manufacturerStatus: index(
            local!applicationStatus,
            "manufacturerStatus",
            {}
          ),
          #"_a-0000d62a-67b3-8000-da6f-010000010000_950"(
            index(
              local!manufacturerStatus,
              "status",
              {}
            )
          )
        )
      ),
      /* ===============  Reject manufacturer related action condition ===============  */
      if(
        local!paymentStatusPending,
        false,
        with(
          local!applicationStatus: #"_a-0000dea9-da8d-8000-9ba2-011c48011c48_70856"(
            appReferenceNumber: rf!applicationRefNumber,
            manufacturerId: rf!organisationId
          ),
          local!manufacturerStatus: index(
            local!applicationStatus,
            "manufacturerStatus",
            {}
          ),
          #"_a-0000d62a-67b3-8000-da6f-010000010000_950"(
            index(
              local!manufacturerStatus,
              "status",
              {}
            )
          )
        )
      ),
      /* ===============  Approve account related action condition =============== */
      and(
        /*not(
          local!paymentStatusPending
        ),*/
        rf!applicationStatusCode &lt;&gt; #"_a-0000ded1-797d-8000-9ba2-011c48011c48_76068",
        rf!serviceCode = #"_a-0000dea0-ffa8-8000-9ba2-011c48011c48_66364",
        rf!applicationType = #"_a-0000ded1-797d-8000-9ba2-011c48011c48_77194"[1],
        not(
          contains(
            {
              "Accepted",
              "Rejected"
            },
            rf!applicationStatusCode
          )
        ),
        rf!assignedToUserName = loggedInUser()
      ),
      /* ===============   Reject account related action condition ===============  */
      and(
        /*not(
          local!paymentStatusPending
        ),*/
        rf!applicationStatusCode &lt;&gt; #"_a-0000ded1-797d-8000-9ba2-011c48011c48_76068",
        rf!serviceCode = #"_a-0000dea0-ffa8-8000-9ba2-011c48011c48_66364",
        rf!applicationType = #"_a-0000ded1-797d-8000-9ba2-011c48011c48_77194"[1],
        not(
          contains(
            {
              "Accepted",
              "Rejected"
            },
            rf!applicationStatusCode
          )
        ),
        rf!assignedToUserName = loggedInUser()
      ),
      /* ===============  Approve updates related action condition =============== */
      and(
        not(
          local!paymentStatusPending
        ),
        with(
          local!data: #"_a-0000ded1-797d-8000-9ba2-011c48011c48_83339"(
            applicationRefNumber_txt: rf!applicationRefNumber
          ),
          if(
            #"_a-0000d62a-67b3-8000-da6f-010000010000_951"(
              local!data
            ),
            true(),
            false()
          )
        )
      ),
      /* ===============  Reject updates related action condition =============== */
      and(
        not(
          local!paymentStatusPending
        ),
        with(
          local!data: #"_a-0000ded1-797d-8000-9ba2-011c48011c48_83339"(
            applicationRefNumber_txt: rf!applicationRefNumber
          ),
          if(
            #"_a-0000d62a-67b3-8000-da6f-010000010000_951"(
              local!data
            ),
            true(),
            false()
          )
        )
      ),
      /* ===============  Upload documents related action condition =============== */
      if(
        local!isDocsGenerated,
        true(),
        false()
      ),
      /* ===============  register/unregister manufacturer  =============== */
      if(
        or(
          local!paymentStatusPending,
          #"_a-0000ded1-797d-8000-9ba2-011c48011c48_83819"(
            organisationId: rf!organisationId
          )
        ),
        false(),
        true()
      ),
      /* ===============  Approve all represented organisation documents  =============== */
      with(
        local!applicationDetails: #"_a-0000ded1-797d-8000-9ba2-011c48011c48_83339"(
          applicationRefNumber_txt: rf!applicationRefNumber
        ),
        if(
          and(
            /* Added further info condition to check if it is not requested */
            /*tointeger(
              index(
                local!applicationDetails,
                "statusId",
                {}
              )
            ) &lt;&gt; 3,*/
            /*not(
              local!paymentStatusPending
            ),*/
           /* not(
              rule!APN_isEmpty(
                rule!MHRA_SP_getRepOrganisationDocumentsByAppReference(
                  appReferenceNumber: rf!applicationRefNumber
                )
              )
            ),*/
           /* touniformstring(
              index(
                index(
                  rule!MHRA_getDraftApplicationDataFromReport(
                    appReferenceNumber: rf!applicationRefNumber
                  ),
                  "manufacturerStatus",
                  {}
                ),
                "status",
                {}
              )
            ) = "Approved"*/
            true
          ),
          true(),
          false()
        )
      ),
      /* ===============  Confirm payment details  ==============*/
      local!paymentStatusPending,
      /* ===============  Reject application due to non payment  ==============*/
      local!paymentStatusPending,
      /* ===============  Reject Order   ==============*/
      and(
        rf!applicationType = #"_a-0000ded1-797d-8000-9ba2-011c48011c48_77194"[4],
        rf!applicationStatusCode = #"_a-0000ded1-797d-8000-9ba2-011c48011c48_74081",
        rf!assignedToUserName = loggedInUser()
      ),
      /* ===============  Generate Documents   ==============*/
      and(
        not(
          local!isDocsGenerated
        ),
        not(
          #"_a-0000df25-d2bb-8000-9ba2-011c48011c48_91734"(
            applicationRefNumber: rf!applicationRefNumber
          )
        )
      ),
      /* ===============  Further Information for Edit Organisation related action condition =============== */
      with(
        local!applicationDetails: #"_a-0000ded1-797d-8000-9ba2-011c48011c48_83339"(
          applicationRefNumber_txt: rf!applicationRefNumber
        ),
        local!countOfFurtherInfo: #"_a-0000df82-45aa-8000-9ba2-011c48011c48_180164"(
          applicationReferenceNumber_txt: rf!applicationRefNumber
        ),
        /*if(*/
          /*rule!APN_isEmpty(*/
            /*local!applicationDetails*/
          /*),*/
          /*true(),*/
          if(
            and(
              /* Application Not Rejected, Further Info, count of FI less than 3 */
              tointeger(
                index(
                  local!applicationDetails,
                  "statusId",
                  {}
                )
              ) &lt;&gt; 1,
              tointeger(
                index(
                  local!applicationDetails,
                  "statusId",
                  {}
                )
              ) &lt;&gt; 3,
              local!countOfFurtherInfo &lt; #"_a-0000ded1-797d-8000-9ba2-011c48011c48_82622" + 1
            ),
            true(),
            false()
          )
        /*)*/
      )
    )
  )
)</definition>
        <namedTypedValue>
            <name>relatedActionName</name>
            <type>
                <name>string</name>
                <namespace>http://www.w3.org/2001/XMLSchema</namespace>
            </type>
            <value/>
        </namedTypedValue>
        <preferredEditor>legacy</preferredEditor>
        <offlineEnabled>false</offlineEnabled>
    </rule>
    <roleMap public="true">
        <role inherit="false" allowForAll="false" name="readers">
            <users/>
            <groups>
                <groupUuid>_e-0000dd8d-014e-8000-9aee-01075c01075c_51</groupUuid>
                <groupUuid>_e-0000dd8d-014e-8000-9aee-01075c01075c_52</groupUuid>
            </groups>
        </role>
        <role inherit="false" allowForAll="false" name="authors">
            <users/>
            <groups>
                <groupUuid>_e-0000dd15-133b-8000-9aee-01075c01075c_45</groupUuid>
            </groups>
        </role>
        <role inherit="false" allowForAll="false" name="administrators">
            <users/>
            <groups>
                <groupUuid>_e-0000dd15-133b-8000-9aee-01075c01075c_49</groupUuid>
            </groups>
        </role>
        <role inherit="false" allowForAll="false" name="denyReaders">
            <users/>
            <groups/>
        </role>
        <role inherit="false" allowForAll="false" name="denyAuthors">
            <users/>
            <groups/>
        </role>
        <role inherit="false" allowForAll="false" name="denyAdministrators">
            <users/>
            <groups/>
        </role>
    </roleMap>
    <history>
        <historyInfo versionUuid="_a-0000df82-45aa-8000-9ba2-011c48011c48_182223"/>
        <historyInfo versionUuid="_a-0000df82-45aa-8000-9ba2-011c48011c48_188945"/>
        <historyInfo versionUuid="_a-0000df82-45aa-8000-9ba2-011c48011c48_192141"/>
        <historyInfo versionUuid="_a-0000dff4-f2e5-8000-9ba2-011c48011c48_295192"/>
        <historyInfo versionUuid="_a-0000e01b-7b42-8000-9ba2-011c48011c48_430918"/>
    </history>
</contentHaul>
