<?xml version="1.0" encoding="UTF-8" standalone="yes"?>
<contentHaul xmlns:a="http://www.appian.com/ae/types/2009">
    <versionUuid>_a-0000df82-45aa-8000-9ba2-011c48011c48_165846</versionUuid>
    <rule>
        <name>MHRA_formAddressToDisplayInEmail</name>
        <uuid>_a-0000ded1-797d-8000-9ba2-011c48011c48_83299</uuid>
        <description>Forms the address in a proper format to display in emails</description>
        <parentUuid>_a-0000ddfd-93a8-8000-9ba2-011c48011c48_43757</parentUuid>
        <visibility>
            <advertise>false</advertise>
            <hierarchy>true</hierarchy>
            <indexable>true</indexable>
            <quota>false</quota>
            <searchable>true</searchable>
            <system>false</system>
            <unlogged>false</unlogged>
        </visibility>
        <definition>ri!organisationAddressDetails.addressLine1 &amp; "&lt;br/&gt;" &amp; if(
  #"_a-0000d62a-67b3-8000-da6f-010000010000_950"(
    trim(
      ri!organisationAddressDetails.addressLine2
    )
  ),
  "",
  ri!organisationAddressDetails.addressLine2 &amp; "&lt;br/&gt;"
) &amp; if(
  #"_a-0000d62a-67b3-8000-da6f-010000010000_950"(
    trim(
      ri!organisationAddressDetails.addressLine3
    )
  ),
  "",
  ri!organisationAddressDetails.addressLine3 &amp; "&lt;br/&gt;"
) &amp; if(
  #"_a-0000d62a-67b3-8000-da6f-010000010000_950"(
    trim(
      ri!organisationAddressDetails.addressLine4
    )
  ),
  "",
  ri!organisationAddressDetails.addressLine4 &amp; "&lt;br/&gt;"
) &amp; ri!organisationAddressDetails.addressCity &amp; "&lt;br/&gt;" &amp; ri!organisationAddressDetails.addressPostCode &amp; "&lt;br/&gt;" &amp; ri!organisationAddressDetails.addressCountry</definition>
        <namedTypedValue>
            <name>organisationAddressDetails</name>
            <type>
                <name>MHRA_dataStructure</name>
                <namespace>urn:com:appian:types:mhra</namespace>
            </type>
        </namedTypedValue>
        <preferredEditor>legacy</preferredEditor>
        <offlineEnabled>false</offlineEnabled>
    </rule>
    <roleMap public="true">
        <role inherit="false" allowForAll="true" name="readers">
            <users/>
            <groups>
                <groupUuid>_e-0000dd8d-014e-8000-9aee-01075c01075c_51</groupUuid>
                <groupUuid>_e-0000dd8d-014e-8000-9aee-01075c01075c_52</groupUuid>
            </groups>
        </role>
        <role inherit="false" allowForAll="true" name="authors">
            <users/>
            <groups>
                <groupUuid>_e-0000dd15-133b-8000-9aee-01075c01075c_45</groupUuid>
            </groups>
        </role>
        <role inherit="false" allowForAll="false" name="administrators">
            <users/>
            <groups>
                <groupUuid>_e-0000dd15-133b-8000-9aee-01075c01075c_49</groupUuid>
            </groups>
        </role>
        <role inherit="false" allowForAll="false" name="denyReaders">
            <users/>
            <groups/>
        </role>
        <role inherit="false" allowForAll="false" name="denyAuthors">
            <users/>
            <groups/>
        </role>
        <role inherit="false" allowForAll="false" name="denyAdministrators">
            <users/>
            <groups/>
        </role>
    </roleMap>
    <history>
        <historyInfo versionUuid="_a-0000df82-45aa-8000-9ba2-011c48011c48_165846"/>
    </history>
</contentHaul>
