<?xml version="1.0" encoding="UTF-8" standalone="yes"?>
<contentHaul xmlns:a="http://www.appian.com/ae/types/2009">
    <versionUuid>_a-0000df82-45aa-8000-9ba2-011c48011c48_194386</versionUuid>
    <constant>
        <name>MHRA_EMAIL_SIGNATURE_CFS</name>
        <uuid>_a-0000df25-d2bb-8000-9ba2-011c48011c48_92318</uuid>
        <description>Email signature for CFS service</description>
        <parentUuid>_a-0000ddfd-93a8-8000-9ba2-011c48011c48_43755</parentUuid>
        <visibility>
            <advertise>false</advertise>
            <hierarchy>true</hierarchy>
            <indexable>true</indexable>
            <quota>false</quota>
            <searchable>true</searchable>
            <system>false</system>
            <unlogged>false</unlogged>
        </visibility>
        <typedValue>
            <type>
                <name>string</name>
                <namespace>http://www.w3.org/2001/XMLSchema</namespace>
            </type>
            <value>Device certificates of free sale service&lt;br/&gt; Devices division&lt;br/&gt; MHRA&lt;br/&gt; 151 Buckingham Palace Road, Victoria, London, SW1W 9SZ&lt;br/&gt; 020 3080 7171&lt;br/&gt; &lt;a href="mailto:Device.cfs@mhra.gov.uk"&gt;Device.cfs@mhra.gov.uk&lt;/a&gt;</value>
        </typedValue>
        <isEnvironmentSpecific>false</isEnvironmentSpecific>
    </constant>
    <roleMap public="true">
        <role inherit="true" allowForAll="false" name="readers">
            <users/>
            <groups/>
        </role>
        <role inherit="true" allowForAll="false" name="authors">
            <users/>
            <groups/>
        </role>
        <role inherit="true" allowForAll="false" name="administrators">
            <users/>
            <groups/>
        </role>
        <role inherit="false" allowForAll="false" name="denyReaders">
            <users/>
            <groups/>
        </role>
        <role inherit="false" allowForAll="false" name="denyAuthors">
            <users/>
            <groups/>
        </role>
        <role inherit="false" allowForAll="false" name="denyAdministrators">
            <users/>
            <groups/>
        </role>
    </roleMap>
    <history>
        <historyInfo versionUuid="_a-0000df82-45aa-8000-9ba2-011c48011c48_194386"/>
    </history>
</contentHaul>
