<?xml version="1.0" encoding="UTF-8" standalone="yes"?>
<contentHaul xmlns:a="http://www.appian.com/ae/types/2009">
    <versionUuid>_a-0000e05b-b197-8000-9ba2-011c48011c48_520027</versionUuid>
    <rule>
        <name>MHRA_selectRejectionReasonForEditOrganisaiton</name>
        <uuid>_a-0000ded1-797d-8000-9ba2-011c48011c48_79651</uuid>
        <description>Form to select rejection reason for edit organisation</description>
        <parentUuid>_a-0000ddfd-93a8-8000-9ba2-011c48011c48_41421</parentUuid>
        <visibility>
            <advertise>false</advertise>
            <hierarchy>true</hierarchy>
            <indexable>true</indexable>
            <quota>false</quota>
            <searchable>true</searchable>
            <system>false</system>
            <unlogged>false</unlogged>
        </visibility>
        <definition>/* Same form is using for Haemovigillance Edit organisation Approval process */
load(
  local!rejectionReasons: #"_a-0000dff4-f2e5-8000-9ba2-011c48011c48_303525"(
    accountRejectReasonCode: null
  ),
  #"SYSTEM_SYSRULES_formLayout_v1"(
    label: ri!titleText,
    contents: {
      #"SYSTEM_SYSRULES_sectionLayout_v1"(
        contents: {
          #"SYSTEM_SYSRULES_radioButtonField"(
            label: "Select a rejection reason",
            required: true,
            choiceLabels: {
              index(
                local!rejectionReasons,
                "accountRejectReason",
                {}
              )
            },
            choiceValues: {
              index(
                local!rejectionReasons,
                "accountRejectReasonId",
                {}
              )
            },
            value: ri!rejectionReasonId,
            saveInto: ri!rejectionReasonId,
            validationGroup: #"_a-0000dd1f-556d-8000-9ba2-011c48011c48_12751"
          ),
          #"SYSTEM_SYSRULES_paragraphField"(
            label: "Rejection comments",
            required: true,
            value: ri!rejectionComments,
            saveInto: {
              a!save(
                ri!rejectionComments,
                trim(
                  save!value
                )
              )
            },
            validations: {
              #"_a-0000ddfd-93a8-8000-9ba2-011c48011c48_44650"(
                input: ri!rejectionComments,
                lengthLimit_Int: 500
              )
            },
            validationGroup: #"_a-0000dd1f-556d-8000-9ba2-011c48011c48_12751"
          )
        }
      )
    },
    buttons: {
      #"SYSTEM_SYSRULES_ButtonLayout"(
        secondaryButtons: {
          #"SYSTEM_SYSRULES_ButtonWidgetSubmit"(
            label: #"_a-0000dd1f-556d-8000-9ba2-011c48011c48_12751",
            style: "PRIMARY",
            value: #"_a-0000dd1f-556d-8000-9ba2-011c48011c48_12751",
            saveInto: ri!userAction_txt,
            validationGroup: #"_a-0000dd1f-556d-8000-9ba2-011c48011c48_12751"
          ),
          if(
            ri!showButtonWidgetCancel,
            /*For Haemovigillance: using in same form */
            #"SYSTEM_SYSRULES_ButtonWidget"(
              label: #"_a-0000dcf0-31ad-8000-9ba2-011c48011c48_3969",
              value: #"_a-0000dcf0-31ad-8000-9ba2-011c48011c48_3969",
              saveInto: {
                ri!userAction_txt,
                a!save(
                  ri!rejectionComments,
                  null
                ),
                a!save(
                  ri!rejectionReasonId,
                  null
                )
              },
              skipValidation: true
            ),
            #"SYSTEM_SYSRULES_ButtonWidgetSubmit"(
              label: #"_a-0000dcf0-31ad-8000-9ba2-011c48011c48_3969",
              value: #"_a-0000dcf0-31ad-8000-9ba2-011c48011c48_3969",
              saveInto: ri!userAction_txt,
              skipValidation: true
            )
          )
        }
      )
    }
  )
)</definition>
        <namedTypedValue>
            <name>applicationRefNumber_txt</name>
            <type>
                <name>string</name>
                <namespace>http://www.w3.org/2001/XMLSchema</namespace>
            </type>
            <value/>
        </namedTypedValue>
        <namedTypedValue>
            <name>rejectionReasonId</name>
            <type>
                <name>int</name>
                <namespace>http://www.w3.org/2001/XMLSchema</namespace>
            </type>
        </namedTypedValue>
        <namedTypedValue>
            <name>rejectionComments</name>
            <type>
                <name>string</name>
                <namespace>http://www.w3.org/2001/XMLSchema</namespace>
            </type>
            <value/>
        </namedTypedValue>
        <namedTypedValue>
            <name>userAction_txt</name>
            <type>
                <name>string</name>
                <namespace>http://www.w3.org/2001/XMLSchema</namespace>
            </type>
            <value/>
        </namedTypedValue>
        <namedTypedValue>
            <name>titleText</name>
            <type>
                <name>string</name>
                <namespace>http://www.w3.org/2001/XMLSchema</namespace>
            </type>
            <value/>
        </namedTypedValue>
        <namedTypedValue>
            <name>showButtonWidgetCancel</name>
            <type>
                <name>boolean</name>
                <namespace>http://www.w3.org/2001/XMLSchema</namespace>
            </type>
        </namedTypedValue>
        <metadataExpr></metadataExpr>
        <preferredEditor>interface</preferredEditor>
        <offlineEnabled>false</offlineEnabled>
    </rule>
    <roleMap public="true">
        <role inherit="true" allowForAll="false" name="readers">
            <users/>
            <groups/>
        </role>
        <role inherit="true" allowForAll="false" name="authors">
            <users/>
            <groups/>
        </role>
        <role inherit="true" allowForAll="false" name="administrators">
            <users/>
            <groups/>
        </role>
        <role inherit="false" allowForAll="false" name="denyReaders">
            <users/>
            <groups/>
        </role>
        <role inherit="false" allowForAll="false" name="denyAuthors">
            <users/>
            <groups/>
        </role>
        <role inherit="false" allowForAll="false" name="denyAdministrators">
            <users/>
            <groups/>
        </role>
    </roleMap>
    <history>
        <historyInfo versionUuid="_a-0000df82-45aa-8000-9ba2-011c48011c48_194658"/>
        <historyInfo versionUuid="_a-0000e05b-b197-8000-9ba2-011c48011c48_520027"/>
    </history>
</contentHaul>
