<?xml version="1.0" encoding="UTF-8" standalone="yes"?>
<contentHaul xmlns:a="http://www.appian.com/ae/types/2009">
    <versionUuid>_a-0000e05b-b197-8000-9ba2-011c48011c48_520320</versionUuid>
    <rule>
        <name>MHRA_f_rejectUnregisterManufacturer</name>
        <uuid>_a-0000ded1-797d-8000-9ba2-011c48011c48_82825</uuid>
        <description>The business user rejects the request to unregister manufacturer.</description>
        <parentUuid>_a-0000ddfd-93a8-8000-9ba2-011c48011c48_43759</parentUuid>
        <visibility>
            <advertise>false</advertise>
            <hierarchy>true</hierarchy>
            <indexable>true</indexable>
            <quota>false</quota>
            <searchable>true</searchable>
            <system>false</system>
            <unlogged>false</unlogged>
        </visibility>
        <definition>load(
  local!rejectionReason,
  local!rejectionReasonId,
  local!rejectionComment,
  local!listRejectionReason: #"_a-0000e01b-7b42-8000-9ba2-011c48011c48_421913"(
    typeCode: null
  ),
  #"SYSTEM_SYSRULES_formLayout_v1"(
    label: "Reject application " &amp; ri!applicationRefNumber,
    contents: {
      #"SYSTEM_SYSRULES_columnsLayout"(
        columns: {
          #"SYSTEM_SYSRULES_columnLayout"(
            contents: {
              #"SYSTEM_SYSRULES_radioButtonField"(
                label: "Rejection reason",
                choiceLabels: touniformstring(
                  index(
                    local!listRejectionReason,
                    "partyUnregisterApplicationRejectionName",
                    {}
                  )
                ),
                choiceValues: tointeger(
                  index(
                    local!listRejectionReason,
                    "partyUnregisterApplicationRejectionId",
                    {}
                  )
                ),
                value: local!rejectionReasonId,
                saveInto: {
                  local!rejectionReasonId,
                  a!save(
                    local!rejectionReason,
                    displayvalue(
                      save!value,
                      tointeger(
                        index(
                          local!listRejectionReason,
                          "partyUnregisterApplicationRejectionId",
                          {}
                        )
                      ),
                      touniformstring(
                        index(
                          local!listRejectionReason,
                          "partyUnregisterApplicationRejectionName",
                          {}
                        )
                      ),
                      ""
                    )
                  )
                },
                required: true(),
                validationGroup: "rejection"
              ),
              #"SYSTEM_SYSRULES_paragraphField"(
                label: "Rejection comments (optional)",
                value: local!rejectionComment,
                saveInto: local!rejectionComment
              )
            }
          ),
          #"SYSTEM_SYSRULES_columnLayout"()
        }
      )
    },
    buttons: {
      #"SYSTEM_SYSRULES_ButtonLayout"(
        primaryButtons: {},
        secondaryButtons: {
          #"SYSTEM_SYSRULES_ButtonWidgetSubmit"(
            label: "Submit",
            style: "PRIMARY",
            value: true(),
            saveInto: {
              a!save(
                ri!cancel,
                false()
              ),
              a!save(
                ri!rejectionReasonId,
                local!rejectionReasonId
              ),
              a!save(
                ri!rejectionComment,
                local!rejectionComment
              ),
              a!save(
                ri!rejectionReason,
                local!rejectionReason
              )
            },
            validationGroup: "rejection"
          ),
          #"SYSTEM_SYSRULES_ButtonWidgetSubmit"(
            label: "Cancel",
            style: "NORMAL",
            value: true(),
            saveInto: ri!cancel,
            skipValidation: true()
          )
        }
      )
    }
  )
)</definition>
        <namedTypedValue>
            <name>applicationRefNumber</name>
            <type>
                <name>string</name>
                <namespace>http://www.w3.org/2001/XMLSchema</namespace>
            </type>
            <value/>
        </namedTypedValue>
        <namedTypedValue>
            <name>organisationName</name>
            <type>
                <name>string</name>
                <namespace>http://www.w3.org/2001/XMLSchema</namespace>
            </type>
            <value/>
        </namedTypedValue>
        <namedTypedValue>
            <name>cancel</name>
            <type>
                <name>boolean</name>
                <namespace>http://www.w3.org/2001/XMLSchema</namespace>
            </type>
        </namedTypedValue>
        <namedTypedValue>
            <name>rejectionReason</name>
            <type>
                <name>string</name>
                <namespace>http://www.w3.org/2001/XMLSchema</namespace>
            </type>
            <value/>
        </namedTypedValue>
        <namedTypedValue>
            <name>rejectionComment</name>
            <type>
                <name>string</name>
                <namespace>http://www.w3.org/2001/XMLSchema</namespace>
            </type>
            <value/>
        </namedTypedValue>
        <namedTypedValue>
            <name>rejectionReasonId</name>
            <type>
                <name>int</name>
                <namespace>http://www.w3.org/2001/XMLSchema</namespace>
            </type>
        </namedTypedValue>
        <metadataExpr></metadataExpr>
        <preferredEditor>interface</preferredEditor>
        <offlineEnabled>false</offlineEnabled>
    </rule>
    <roleMap public="true">
        <role inherit="false" allowForAll="false" name="readers">
            <users/>
            <groups>
                <groupUuid>_e-0000dd8d-014e-8000-9aee-01075c01075c_51</groupUuid>
                <groupUuid>_e-0000dd8d-014e-8000-9aee-01075c01075c_52</groupUuid>
            </groups>
        </role>
        <role inherit="false" allowForAll="false" name="authors">
            <users/>
            <groups>
                <groupUuid>_e-0000dd15-133b-8000-9aee-01075c01075c_45</groupUuid>
            </groups>
        </role>
        <role inherit="false" allowForAll="false" name="administrators">
            <users/>
            <groups>
                <groupUuid>_e-0000dd15-133b-8000-9aee-01075c01075c_49</groupUuid>
            </groups>
        </role>
        <role inherit="false" allowForAll="false" name="denyReaders">
            <users/>
            <groups/>
        </role>
        <role inherit="false" allowForAll="false" name="denyAuthors">
            <users/>
            <groups/>
        </role>
        <role inherit="false" allowForAll="false" name="denyAdministrators">
            <users/>
            <groups/>
        </role>
    </roleMap>
    <typedValue>
        <type>
            <name>RuleTestConfig?list</name>
            <namespace>http://www.appian.com/ae/types/2009</namespace>
        </type>
        <value>
            <el>
                <a:name/>
                <a:ruleInputTestConfigs>
                    <a:value xmlns:xsi="http://www.w3.org/2001/XMLSchema-instance" xsi:type="a:Expression">"289719238123"</a:value>
                    <a:nameRef>applicationRefNumber</a:nameRef>
                    <a:id/>
                </a:ruleInputTestConfigs>
                <a:ruleInputTestConfigs>
                    <a:value xmlns:xsi="http://www.w3.org/2001/XMLSchema-instance" xsi:type="a:Expression">"Boots"</a:value>
                    <a:nameRef>organisationName</a:nameRef>
                    <a:id/>
                </a:ruleInputTestConfigs>
                <a:ruleInputTestConfigs>
                    <a:value xmlns:xsd="http://www.w3.org/2001/XMLSchema" xmlns:xsi="http://www.w3.org/2001/XMLSchema-instance" xsi:nil="true" xsi:type="xsd:boolean"/>
                    <a:nameRef>cancel</a:nameRef>
                    <a:id/>
                </a:ruleInputTestConfigs>
                <a:ruleInputTestConfigs>
                    <a:value xmlns:xsd="http://www.w3.org/2001/XMLSchema" xmlns:xsi="http://www.w3.org/2001/XMLSchema-instance" xsi:type="xsd:string"/>
                    <a:nameRef>rejectionReason</a:nameRef>
                    <a:id/>
                </a:ruleInputTestConfigs>
                <a:ruleInputTestConfigs>
                    <a:value xmlns:xsd="http://www.w3.org/2001/XMLSchema" xmlns:xsi="http://www.w3.org/2001/XMLSchema-instance" xsi:type="xsd:string"/>
                    <a:nameRef>rejectionComment</a:nameRef>
                    <a:id/>
                </a:ruleInputTestConfigs>
                <a:ruleInputTestConfigs>
                    <a:value xmlns:xsd="http://www.w3.org/2001/XMLSchema" xmlns:xsi="http://www.w3.org/2001/XMLSchema-instance" xsi:nil="true" xsi:type="xsd:int"/>
                    <a:nameRef>rejectionReasonId</a:nameRef>
                    <a:id/>
                </a:ruleInputTestConfigs>
                <a:assertions xmlns:xsi="http://www.w3.org/2001/XMLSchema-instance" xsi:nil="true"/>
            </el>
        </value>
    </typedValue>
    <history>
        <historyInfo versionUuid="_a-0000df82-45aa-8000-9ba2-011c48011c48_194683"/>
        <historyInfo versionUuid="_a-0000e05b-b197-8000-9ba2-011c48011c48_520320"/>
    </history>
</contentHaul>
