<?xml version="1.0" encoding="UTF-8" standalone="yes"?>
<contentHaul xmlns:a="http://www.appian.com/ae/types/2009">
    <versionUuid>_a-0000e05b-b197-8000-9ba2-011c48011c48_527611</versionUuid>
    <rule>
        <name>MHRA_rec_deviceAndProductsView</name>
        <uuid>_a-0000dea9-da8d-8000-9ba2-011c48011c48_70518</uuid>
        <description>View for Device and products in all applications record</description>
        <parentUuid>_a-0000ddfd-93a8-8000-9ba2-011c48011c48_43759</parentUuid>
        <visibility>
            <advertise>false</advertise>
            <hierarchy>true</hierarchy>
            <indexable>true</indexable>
            <quota>false</quota>
            <searchable>true</searchable>
            <system>false</system>
            <unlogged>false</unlogged>
        </visibility>
        <definition>/*On 16-Nov-2017, By Rajasekhar Pamidipati :
Removed local!application variable in load which is calling getApplications stored proc and added Record field in place of theat to improve perfomance.
Added conditional check before calling getFurtherInformationDetails to improve performance */
/* Did some modifications on get list of devices logic to not to show deleted device details on the interface as per bug 7681
  Updated By: Rajasekhar Pamidipati
  Updated On: 20-12-2017
*/
load(
  local!productsGridPaging: #"SYSTEM_SYSRULES_pagingInfo"(
    startIndex: 1,
    batchSize: 10
  ),
  local!pagingInfo: #"SYSTEM_SYSRULES_pagingInfo"(
    startIndex: 1,
    batchSize: 10,
    sort: {
      #"SYSTEM_SYSRULES_sortInfo"(
        field: "termName",
        ascending: true()
      )
    }
  ),
  local!gridSelection: #"SYSTEM_SYSRULES_gridSelection"(
    pagingInfo: local!pagingInfo
  ),
  local!isCompleted: (
    ri!applicationStatusCode = #"_a-0000ded1-797d-8000-9ba2-011c48011c48_76068"
  ),
  local!selectedDevices,
  local!deviceRejectionReasons: #"_a-0000dff4-f2e5-8000-9ba2-011c48011c48_293909"(
    typeCode: #"_a-0000dea9-da8d-8000-9ba2-011c48011c48_70984"
  ),
  local!selectedReasons,
  local!reasonComments,
  local!updatedDevicesStatuses,
  local!selectedDeviceDetails,
  local!viewDeviceStatus,
  local!viewDeviceRejectionReasons,
  local!userAction_txt,
  local!selectedFurtherInfoReasons,
  local!countOfFurtherInfo: #"_a-0000dff4-f2e5-8000-9ba2-011c48011c48_293454"(
    eventReferenceNumber: ri!appReferenceNumber
  ),
  local!isStaff: #"_a-0000df82-45aa-8000-9ba2-011c48011c48_166517"(
    user: loggedInUser()
  ),
  with(
    local!listDevices: #"_a-0000dff4-f2e5-8000-9ba2-011c48011c48_303659"(
      applicationRefNumber: ri!appReferenceNumber,
      pagingInfo: local!pagingInfo
    ),
    local!applicationStatus: #"_a-0000dea9-da8d-8000-9ba2-011c48011c48_70856"(
      appReferenceNumber: ri!appReferenceNumber,
      manufacturerId: ri!organisationId,
      deviceIds: index(
        local!listDevices,
        "deviceId",
        {}
      )
    ),
    local!manufacturer: index(
      local!applicationStatus,
      "manufacturerStatus",
      {}
    ),
    local!deviceStatuses: index(
      local!applicationStatus,
      "deviceStatuses",
      {}
    ),
    local!isSelectable: and(
      ri!isSelectable,
      #"_a-0000df82-45aa-8000-9ba2-011c48011c48_166517"(
        user: loggedInUser()
      ),
      not(
        local!isCompleted
      ),
      not(
        #"_a-0000d62a-67b3-8000-da6f-010000010000_950"(
          ri!assignedToUserName
        )
      ),
      touser(
        ri!assignedToUserName
      ) = loggedInUser(),
      or(
        contains(
          {
            index(
              #"_a-0000ded1-797d-8000-9ba2-011c48011c48_77194",
              {
                5,
                7,
                8,
                9,
                12,
                19,
                20,
                25,
                26
              },
              {}
            )
          },
          ri!applicationType
        ),
        index(
          local!manufacturer,
          "status",
          {}
        ) = #"_a-0000dea9-da8d-8000-9ba2-011c48011c48_70859"
      )
    ),
    if(
      #"_a-0000d62a-67b3-8000-da6f-010000010000_950"(
        local!selectedDevices
      ),
      {
        if(
          local!isStaff,
          #"_a-0000ded1-797d-8000-9ba2-011c48011c48_84274"(
            title: #"_a-0000ded1-797d-8000-9ba2-011c48011c48_84282"
          ),
          {}
        ),
        if(
          tostring(
            local!listDevices
          ) = #"_a-0000df82-45aa-8000-9ba2-011c48011c48_221249",
          #"_a-0000dff4-f2e5-8000-9ba2-011c48011c48_292885"(),
          {
            if(
              and(
                tointeger(
                  index(
                    local!countOfFurtherInfo,
                    "applicationCount",
                    null
                  )
                ) = #"_a-0000ded1-797d-8000-9ba2-011c48011c48_82622" - 1,
                local!isStaff
              ),
              {
                #"SYSTEM_SYSRULES_richTextDisplayField"(
                  labelPosition: "COLLAPSED",
                  value: {
                    #"SYSTEM_SYSRULES_richTextImage"(
                      image: #"SYSTEM_SYSRULES_documentImage"(
                        document: #"SYSTEM_SYSRULES_iconIndicator"(
                          icon: "STATUS_WARN"
                        )
                      )
                    ),
                    #"SYSTEM_SYSRULES_richTextItem"(
                      text: " Last opportunity to ask for further information",
                      style: "STRONG"
                    )
                  }
                ),
                #"SYSTEM_SYSRULES_richTextDisplayField"(
                  labelPosition: "COLLAPSED",
                  value: {
                    #"SYSTEM_SYSRULES_richTextItem"(
                      text: "if you are requesting further information for this application, this is the last opportunity for customer to respond. Please mention that to let them know about it."
                    )
                  }
                )
              },
              {}
            ),
            if(
              #"_a-0000d62a-67b3-8000-da6f-010000010000_951"(
                local!selectedDeviceDetails
              ),
              {
                #"SYSTEM_SYSRULES_richTextDisplayField"(
                  labelPosition: "COLLAPSED",
                  align: "LEFT",
                  value: {
                    #"SYSTEM_SYSRULES_richTextItem"(
                      text: "Number of devices: " &amp; index(
                        local!listDevices,
                        "totalCount",
                        0
                      ),
                      style: "HEADER_SMALL"
                    )
                  }
                ),
                #"SYSTEM_SYSRULES_gridField"(
                  totalCount: index(
                    local!listDevices,
                    "totalCount",
                    0
                  ),
                  value: local!gridSelection,
                  saveInto: local!gridSelection,
                  identifiers: index(
                    index(
                      local!listDevices,
                      "data",
                      {}
                    ),
                    "deviceId",
                    {}
                  ),
                  selection: if(
                    ri!applicationType = #"_a-0000ded1-797d-8000-9ba2-011c48011c48_77194"[12],
                    false(),
                    local!isSelectable
                  ),
                  columns: {
                    #"SYSTEM_SYSRULES_gridTextColumn"(
                      label: "GMDN code - term",
                      field: "gmdnCode",
                      data: #"SYSTEM_SYSRULES_forEach"(
                        index(
                          local!listDevices,
                          "data",
                          {}
                        ),
                        if(
                          or(
                            local!isStaff,
                            toboolean(
                              index(
                                fv!item,
                                "isGMDNCodeProvided",
                                null
                              )
                            )
                          ),
                          index(
                            fv!item,
                            "gmdnCode",
                            {}
                          ) &amp; " - " &amp; index(
                            fv!item,
                            "termName",
                            {}
                          ),
                          index(
                            fv!item,
                            "termName",
                            {}
                          )
                        )
                      ),
                      links: apply(
                        #"SYSTEM_SYSRULES_dynamicLink"(
                          value: _,
                          saveInto: {
                            local!selectedDeviceDetails,
                            a!save(
                              local!viewDeviceStatus,
                              cast(
                                typeof(
                                  'type!{urn:com:appian:types:mhra:common}MHRA_deviceApproval_post'()
                                ),
                                index(
                                  local!deviceStatuses,
                                  wherecontains(
                                    tointeger(
                                      local!selectedDeviceDetails.deviceId
                                    ),
                                    tointeger(
                                      index(
                                        local!deviceStatuses,
                                        "deviceID",
                                        {}
                                      )
                                    )
                                  ),
                                  null
                                )
                              )
                            ),
                            a!save(
                              local!viewDeviceRejectionReasons,
                              index(
                                local!viewDeviceStatus,
                                "rejectionReasons",
                                {}
                              )
                            )
                          }
                        ),
                        index(
                          local!listDevices,
                          "data",
                          {}
                        )
                      )
                    ),
                    if(
                      and(
                        contains(
                          {
                            #"_a-0000ded1-797d-8000-9ba2-011c48011c48_77194"[7],
                            #"_a-0000ded1-797d-8000-9ba2-011c48011c48_77194"[19]
                          },
                          ri!applicationType
                        )
                      ),
                      {
                        #"SYSTEM_SYSRULES_gridTextColumn"(
                          label: "CE certificates modified",
                          field: "documentsModified",
                          data: if(
                            index(
                              index(
                                local!listDevices,
                                "data",
                                {}
                              ),
                              "documentsModified",
                              {}
                            ),
                            "Yes",
                            "No"
                          )
                        ),
                        #"SYSTEM_SYSRULES_gridTextColumn"(
                          label: "Products modified",
                          field: "productsModified",
                          data: if(
                            index(
                              index(
                                local!listDevices,
                                "data",
                                {}
                              ),
                              "productsModified",
                              {}
                            ),
                            "Yes",
                            "No"
                          )
                        ),
                        #"SYSTEM_SYSRULES_gridTextColumn"(
                          label: "New device",
                          field: "regStatusId",
                          showWhen: or(
                            tointeger(
                              index(
                                index(
                                  local!listDevices,
                                  "data",
                                  {}
                                ),
                                "regStatusId",
                                {}
                              )
                            ) = #"_a-0000dd1f-556d-8000-9ba2-011c48011c48_14352"
                          ),
                          data: if(
                            tointeger(
                              index(
                                index(
                                  local!listDevices,
                                  "data",
                                  {}
                                ),
                                "regStatusId",
                                {}
                              )
                            ) = #"_a-0000dd1f-556d-8000-9ba2-011c48011c48_14352",
                            "Yes",
                            "No"
                          )
                        ),
                        #"SYSTEM_SYSRULES_gridTextColumn"(
                          label: "Device deleted",
                          field: "regStatusId",
                          showWhen: or(
                            tointeger(
                              index(
                                index(
                                  local!listDevices,
                                  "data",
                                  {}
                                ),
                                "regStatusId",
                                {}
                              )
                            ) = #"_a-0000ded1-797d-8000-9ba2-011c48011c48_80288"
                          ),
                          data: if(
                            tointeger(
                              index(
                                index(
                                  local!listDevices,
                                  "data",
                                  {}
                                ),
                                "regStatusId",
                                {}
                              )
                            ) = #"_a-0000ded1-797d-8000-9ba2-011c48011c48_80288",
                            "Yes",
                            "No"
                          )
                        )
                      },
                      {
                        #"SYSTEM_SYSRULES_gridTextColumn"(
                          label: "Device type",
                          field: "deviceTypeDesc",
                          data: index(
                            index(
                              local!listDevices,
                              "data",
                              {}
                            ),
                            "deviceTypeDesc",
                            {}
                          )
                        ),
                        #"SYSTEM_SYSRULES_gridTextColumn"(
                          label: "Risk classification",
                          field: "deviceSubTypeDesc",
                          data: index(
                            index(
                              local!listDevices,
                              "data",
                              {}
                            ),
                            "deviceSubTypeDesc",
                            {}
                          )
                        ),
                        #"SYSTEM_SYSRULES_gridTextColumn"(
                          label: "Sterile?",
                          field: "isSterile",
                          data: apply(
                            displayvalue(
                              _,
                              {
                                true,
                                false,
                                null
                              },
                              {
                                "Yes",
                                "No",
                                "N/A"
                              },
                              "N/A"
                            ),
                            index(
                              index(
                                local!listDevices,
                                "data",
                                {}
                              ),
                              "isSterile",
                              {}
                            )
                          )
                        )
                      }
                    ),
                    #"SYSTEM_SYSRULES_gridTextColumn"(
                      label: "Status",
                    /*  field: "deviceRegStatusCode",*/
                      data: if(
                        local!isCompleted,
                        #"SYSTEM_SYSRULES_forEach"(
                          items: index(
                            local!listDevices,
                            "data",
                            {}
                          ),
                          expression: if(
                            #"_a-0000d62a-67b3-8000-da6f-010000010000_950"(
                              index(
                                fv!item,
                                "applicationStatus",
                                null
                              )
                            ),
                            displayvalue(
                              index(
                                fv!item,
                                "deviceRegStatusCode",
                                {}
                              ),
                              {
                                "DREGIY",
                                "DREGIN",
                                "DRFUIN"
                              },
                              {
                                #"_a-0000dea9-da8d-8000-9ba2-011c48011c48_70859",
                                #"_a-0000dea9-da8d-8000-9ba2-011c48011c48_70860",
                                #"_a-0000ded1-797d-8000-9ba2-011c48011c48_80642"
                              },
                              ""
                            ),
                            index(
                              fv!item,
                              "applicationStatus",
                              null
                            )
                          )
                        ),
                        apply(
                          displayvalue(
                            _,
                            index(
                              local!deviceStatuses,
                              "deviceID",
                              {}
                            ),
                            index(
                              local!deviceStatuses,
                              "deviceStatus",
                              {}
                            ),
                            ""
                          ),
                          index(
                            index(
                              local!listDevices,
                              "data",
                              {}
                            ),
                            "deviceId",
                            {}
                          )
                        )
                      )
                    )
                  }
                ),
                if(
                  and(
                    local!isSelectable,
                    #"_a-0000d62a-67b3-8000-da6f-010000010000_951"(
                      local!selectedDeviceDetails
                    )
                  ),
                  if(
                    ri!applicationType = #"_a-0000ded1-797d-8000-9ba2-011c48011c48_77194"[12],
                    {
                      #"SYSTEM_SYSRULES_ButtonLayout"(
                        secondaryButtons: {
                          #"SYSTEM_SYSRULES_ButtonWidget"(
                            label: "Approve device",
                            disabled: or(
                              not(
                                local!isSelectable
                              )
                            ),
                            style: "PRIMARY",
                            saveInto: {
                              #"_a-0000dea9-da8d-8000-9ba2-011c48011c48_70835"(
                                selectedDeviceIds: index(
                                  local!listDevices,
                                  "deviceId",
                                  {}
                                ),
                                deviceStatus: #"_a-0000dea9-da8d-8000-9ba2-011c48011c48_70859",
                                devicesList: local!deviceStatuses,
                                manufacturer: local!manufacturer,
                                appReferenceNumber: ri!appReferenceNumber,
                                assignedToUser: loggedInUser(),
                                onSucess: {
                                  a!save(
                                    local!gridSelection.selected,
                                    null
                                  )
                                }
                              )
                            }
                          ),
                          #"SYSTEM_SYSRULES_ButtonWidget"(
                            label: "Reject device",
                            disabled: or(
                              not(
                                local!isSelectable
                              )
                            ),
                            saveInto: {
                              a!save(
                                local!userAction_txt,
                                "Reject"
                              ),
                              a!save(
                                local!selectedDevices,
                                tointeger(
                                  index(
                                    local!listDevices,
                                    "deviceId",
                                    {}
                                  )
                                )
                              ),
                              a!save(
                                local!selectedReasons,
                                null
                              ),
                              a!save(
                                local!reasonComments,
                                null
                              ),
                              a!save(
                                local!updatedDevicesStatuses,
                                local!deviceStatuses
                              ),
                              a!save(
                                local!gridSelection.selected,
                                null
                              )
                            },
                            style: "DESTRUCTIVE"
                          )
                        }
                      )
                    },
                    {
                      #"SYSTEM_SYSRULES_richTextDisplayField"(
                        labelPosition: "COLLAPSED",
                        align: "LEFT",
                        value: {
                          #"SYSTEM_SYSRULES_richTextItem"(
                            text: if(
                              local!isSelectable,
                              if(
                                #"_a-0000d62a-67b3-8000-da6f-010000010000_951"(
                                  local!gridSelection.selected
                                ),
                                "Select the devices from the table you want to approve or reject.",
                                ""
                              ),
                              "You cannot approve devices until the manufacturer is approved."
                            ),
                            style: "NORMAL"
                          )
                        }
                      ),
                      #"SYSTEM_SYSRULES_ButtonLayout"(
                        secondaryButtons: {
                          #"SYSTEM_SYSRULES_ButtonWidget"(
                            label: "Approve selected devices",
                            disabled: or(
                              not(
                                local!isSelectable
                              ),
                              #"_a-0000d62a-67b3-8000-da6f-010000010000_951"(
                                local!gridSelection.selected
                              )
                            ),
                            style: "PRIMARY",
                            saveInto: {
                              #"_a-0000dea9-da8d-8000-9ba2-011c48011c48_70835"(
                                selectedDeviceIds: local!gridSelection.selected,
                                deviceStatus: #"_a-0000dea9-da8d-8000-9ba2-011c48011c48_70859",
                                devicesList: local!deviceStatuses,
                                manufacturer: local!manufacturer,
                                appReferenceNumber: ri!appReferenceNumber,
                                assignedToUser: loggedInUser(),
                                onSucess: {
                                  a!save(
                                    local!gridSelection.selected,
                                    null
                                  )
                                }
                              )
                            }
                          ),
                          if(
                            and(
                              contains(
                                index(
                                  #"_a-0000ded1-797d-8000-9ba2-011c48011c48_77194",
                                  {
                                    2,
                                    8,
                                    9,
                                    3,
                                    /* CFS New manufacturer*/
                                    5,
                                    /* CFS New device */
                                    7,
                                    /* CFS Device amendment */
                                    25,
                                    /* CFS new man/Add device FI */
                                    26/* CFS Amend device FI */
                                  },
                                  {}
                                ),
                                ri!applicationType
                              ),
                              tointeger(
                                index(
                                  local!countOfFurtherInfo,
                                  "applicationCount",
                                  null
                                )
                              ) &lt; #"_a-0000ded1-797d-8000-9ba2-011c48011c48_82622"
                            ),
                            #"SYSTEM_SYSRULES_ButtonWidget"(
                              label: "Request further info",
                              disabled: or(
                                not(
                                  local!isSelectable
                                ),
                                #"_a-0000d62a-67b3-8000-da6f-010000010000_951"(
                                  local!gridSelection.selected
                                )
                              ),
                              saveInto: {
                                a!save(
                                  local!userAction_txt,
                                  "RequestFurtherInfo"
                                ),
                                a!save(
                                  local!selectedDevices,
                                  index(
                                    local!listDevices,
                                    wherecontains(
                                      tointeger(
                                        local!gridSelection.selected
                                      ),
                                      tointeger(
                                        index(
                                          local!listDevices,
                                          "deviceId",
                                          {}
                                        )
                                      )
                                    ),
                                    {}
                                  )
                                ),
                                a!save(
                                  local!selectedReasons,
                                  null
                                ),
                                a!save(
                                  local!reasonComments,
                                  null
                                ),
                                a!save(
                                  local!updatedDevicesStatuses,
                                  local!deviceStatuses
                                ),
                                a!save(
                                  local!gridSelection.selected,
                                  null
                                )
                              }
                            ),
                            {}
                          ),
                          #"SYSTEM_SYSRULES_ButtonWidget"(
                            label: "Reject selected devices",
                            disabled: or(
                              not(
                                local!isSelectable
                              ),
                              #"_a-0000d62a-67b3-8000-da6f-010000010000_951"(
                                local!gridSelection.selected
                              )
                            ),
                            saveInto: {
                              a!save(
                                local!userAction_txt,
                                "Reject"
                              ),
                              a!save(
                                local!selectedDevices,
                                index(
                                  local!listDevices,
                                  wherecontains(
                                    tointeger(
                                      local!gridSelection.selected
                                    ),
                                    tointeger(
                                      index(
                                        local!listDevices,
                                        "deviceId",
                                        {}
                                      )
                                    )
                                  ),
                                  {}
                                )
                              ),
                              a!save(
                                local!selectedReasons,
                                null
                              ),
                              a!save(
                                local!reasonComments,
                                null
                              ),
                              a!save(
                                local!updatedDevicesStatuses,
                                local!deviceStatuses
                              ),
                              a!save(
                                local!gridSelection.selected,
                                null
                              )
                            },
                            style: "DESTRUCTIVE"
                          ),
                          #"SYSTEM_SYSRULES_ButtonWidget"(
                            label: "Approve all devices",
                            disabled: or(
                              not(
                                local!isSelectable
                              )
                            ),
                            style: "NORMAL",
                            saveInto: {
                              #"_a-0000dea9-da8d-8000-9ba2-011c48011c48_70835"(
                                selectedDeviceIds: index(
                                  local!listDevices,
                                  "deviceId",
                                  {}
                                ),
                                deviceStatus: #"_a-0000dea9-da8d-8000-9ba2-011c48011c48_70859",
                                devicesList: local!deviceStatuses,
                                manufacturer: local!manufacturer,
                                appReferenceNumber: ri!appReferenceNumber,
                                assignedToUser: loggedInUser(),
                                onSucess: {
                                  a!save(
                                    local!gridSelection.selected,
                                    null
                                  )
                                }
                              )
                            }
                          )
                        }
                      )
                    }
                  ),
                  {}
                )
              },
              {
                #"_a-0000dea9-da8d-8000-9ba2-011c48011c48_70702"(
                  selectedDevice: local!selectedDeviceDetails,
                  viewDeviceStatus: local!viewDeviceStatus,
                  isSelectable: local!isSelectable,
                  manufacturerStatus: local!manufacturer,
                  appReferenceNumber: ri!appReferenceNumber,
                  selectedDevices: local!selectedDevices,
                  listDevices: local!listDevices,
                  selectedReasons: local!selectedReasons,
                  reasonComments: local!reasonComments,
                  updatedDevicesStatuses: local!updatedDevicesStatuses,
                  deviceStatuses: local!deviceStatuses,
                  deviceRejectionReasons: local!deviceRejectionReasons,
                  viewDeviceRejectionReasons: local!viewDeviceRejectionReasons,
                  selectedFurtherInfoReasons: local!selectedFurtherInfoReasons,
                  userAction_txt: local!userAction_txt,
                  serviceCode: ri!serviceCode,
                  /*furtherInfoDetails: local!furtherInfoDetails,*/
                  countOfFurtherInfo: index(
                    local!countOfFurtherInfo,
                    "applicationCount",
                    null
                  ),
                  applicationActivityType: ri!applicationType,
                  applicationStatusCode: ri!applicationStatusCode,
                  assignedToUserName: ri!assignedToUserName,
                  productsGridPaging: local!productsGridPaging
                )
              }
            )
          }
        )
      },
      if(
        local!userAction_txt = "Reject",
        #"_a-0000dea9-da8d-8000-9ba2-011c48011c48_70903"(
          selectedDevices: local!selectedDevices,
          deviceRejectionReasons: local!deviceRejectionReasons,
          deviceStatuses: local!deviceStatuses,
          selectedReasons: local!selectedReasons,
          reasonComments: local!reasonComments,
          manufacturerStatus: local!manufacturer,
          user: loggedInUser(),
          appReferenceNumber: ri!appReferenceNumber,
          updatedDevicesStatuses: local!updatedDevicesStatuses
        ),
        if(
          local!userAction_txt = "RequestFurtherInfo",
          {
            #"_a-0000ded1-797d-8000-9ba2-011c48011c48_80127"(
              selectedDevices: local!selectedDevices,
              appReferenceNumber: ri!appReferenceNumber,
              manufacturer: local!manufacturer,
              assignedToUser: loggedInUser(),
              deviceStatuses: local!deviceStatuses,
              updatedDevicesStatuses: local!updatedDevicesStatuses,
              selectedFurtherInfoReasons: local!selectedFurtherInfoReasons
            )
          },
          {}
        )
      )
    )
  )
)</definition>
        <namedTypedValue>
            <name>appReferenceNumber</name>
            <type>
                <name>string</name>
                <namespace>http://www.w3.org/2001/XMLSchema</namespace>
            </type>
            <value/>
        </namedTypedValue>
        <namedTypedValue>
            <name>serviceCode</name>
            <type>
                <name>string</name>
                <namespace>http://www.w3.org/2001/XMLSchema</namespace>
            </type>
            <value/>
        </namedTypedValue>
        <namedTypedValue>
            <name>businessReviewRequired</name>
            <type>
                <name>boolean</name>
                <namespace>http://www.w3.org/2001/XMLSchema</namespace>
            </type>
        </namedTypedValue>
        <namedTypedValue>
            <name>isSelectable</name>
            <type>
                <name>boolean</name>
                <namespace>http://www.w3.org/2001/XMLSchema</namespace>
            </type>
        </namedTypedValue>
        <namedTypedValue>
            <name>organisationId</name>
            <type>
                <name>int</name>
                <namespace>http://www.w3.org/2001/XMLSchema</namespace>
            </type>
        </namedTypedValue>
        <namedTypedValue>
            <name>assignedToUserName</name>
            <type>
                <name>string</name>
                <namespace>http://www.w3.org/2001/XMLSchema</namespace>
            </type>
            <value/>
        </namedTypedValue>
        <namedTypedValue>
            <name>applicationType</name>
            <type>
                <name>string</name>
                <namespace>http://www.w3.org/2001/XMLSchema</namespace>
            </type>
            <value/>
        </namedTypedValue>
        <namedTypedValue>
            <name>applicationStatusCode</name>
            <type>
                <name>string</name>
                <namespace>http://www.w3.org/2001/XMLSchema</namespace>
            </type>
            <value/>
        </namedTypedValue>
        <metadataExpr></metadataExpr>
        <preferredEditor>interface</preferredEditor>
        <offlineEnabled>false</offlineEnabled>
    </rule>
    <roleMap public="true">
        <role inherit="false" allowForAll="false" name="readers">
            <users/>
            <groups>
                <groupUuid>_e-0000dd8d-014e-8000-9aee-01075c01075c_51</groupUuid>
                <groupUuid>_e-0000dd8d-014e-8000-9aee-01075c01075c_52</groupUuid>
            </groups>
        </role>
        <role inherit="false" allowForAll="false" name="authors">
            <users/>
            <groups>
                <groupUuid>_e-0000dd15-133b-8000-9aee-01075c01075c_45</groupUuid>
            </groups>
        </role>
        <role inherit="false" allowForAll="false" name="administrators">
            <users/>
            <groups>
                <groupUuid>_e-0000dd15-133b-8000-9aee-01075c01075c_49</groupUuid>
            </groups>
        </role>
        <role inherit="false" allowForAll="false" name="denyReaders">
            <users/>
            <groups/>
        </role>
        <role inherit="false" allowForAll="false" name="denyAuthors">
            <users/>
            <groups/>
        </role>
        <role inherit="false" allowForAll="false" name="denyAdministrators">
            <users/>
            <groups/>
        </role>
    </roleMap>
    <typedValue>
        <type>
            <name>RuleTestConfig?list</name>
            <namespace>http://www.appian.com/ae/types/2009</namespace>
        </type>
        <value>
            <el>
                <a:name/>
                <a:ruleInputTestConfigs>
                    <a:value xmlns:xsi="http://www.w3.org/2001/XMLSchema-instance" xsi:type="a:Expression">/*"2017050902333"*/
/*"2017052502690"*/
"201707130285220"</a:value>
                    <a:nameRef>appReferenceNumber</a:nameRef>
                    <a:id/>
                </a:ruleInputTestConfigs>
                <a:ruleInputTestConfigs>
                    <a:value xmlns:xsd="http://www.w3.org/2001/XMLSchema" xmlns:xsi="http://www.w3.org/2001/XMLSchema-instance" xsi:type="xsd:string"/>
                    <a:nameRef>serviceCode</a:nameRef>
                    <a:id/>
                </a:ruleInputTestConfigs>
                <a:ruleInputTestConfigs>
                    <a:value xmlns:xsd="http://www.w3.org/2001/XMLSchema" xmlns:xsi="http://www.w3.org/2001/XMLSchema-instance" xsi:nil="true" xsi:type="xsd:boolean"/>
                    <a:nameRef>businessReviewRequired</a:nameRef>
                    <a:id/>
                </a:ruleInputTestConfigs>
                <a:ruleInputTestConfigs>
                    <a:value xmlns:xsd="http://www.w3.org/2001/XMLSchema" xmlns:xsi="http://www.w3.org/2001/XMLSchema-instance" xsi:nil="true" xsi:type="xsd:boolean"/>
                    <a:nameRef>isSelectable</a:nameRef>
                    <a:id/>
                </a:ruleInputTestConfigs>
                <a:ruleInputTestConfigs>
                    <a:value xmlns:xsd="http://www.w3.org/2001/XMLSchema" xmlns:xsi="http://www.w3.org/2001/XMLSchema-instance" xsi:nil="true" xsi:type="xsd:int"/>
                    <a:nameRef>organisationId</a:nameRef>
                    <a:id/>
                </a:ruleInputTestConfigs>
                <a:ruleInputTestConfigs>
                    <a:value xmlns:xsd="http://www.w3.org/2001/XMLSchema" xmlns:xsi="http://www.w3.org/2001/XMLSchema-instance" xsi:type="xsd:string"/>
                    <a:nameRef>assignedToUserName</a:nameRef>
                    <a:id/>
                </a:ruleInputTestConfigs>
                <a:ruleInputTestConfigs>
                    <a:value xmlns:xsd="http://www.w3.org/2001/XMLSchema" xmlns:xsi="http://www.w3.org/2001/XMLSchema-instance" xsi:type="xsd:string"/>
                    <a:nameRef>applicationType</a:nameRef>
                    <a:id/>
                </a:ruleInputTestConfigs>
                <a:ruleInputTestConfigs>
                    <a:value xmlns:xsd="http://www.w3.org/2001/XMLSchema" xmlns:xsi="http://www.w3.org/2001/XMLSchema-instance" xsi:type="xsd:string"/>
                    <a:nameRef>applicationStatusCode</a:nameRef>
                    <a:id/>
                </a:ruleInputTestConfigs>
                <a:assertions xmlns:xsi="http://www.w3.org/2001/XMLSchema-instance" xsi:nil="true"/>
            </el>
        </value>
    </typedValue>
    <history>
        <historyInfo versionUuid="_a-0000df82-45aa-8000-9ba2-011c48011c48_165987"/>
        <historyInfo versionUuid="_a-0000df82-45aa-8000-9ba2-011c48011c48_166534"/>
        <historyInfo versionUuid="_a-0000df82-45aa-8000-9ba2-011c48011c48_173414"/>
        <historyInfo versionUuid="_a-0000df82-45aa-8000-9ba2-011c48011c48_189050"/>
        <historyInfo versionUuid="_a-0000df82-45aa-8000-9ba2-011c48011c48_190165"/>
        <historyInfo versionUuid="_a-0000df82-45aa-8000-9ba2-011c48011c48_192205"/>
        <historyInfo versionUuid="_a-0000df82-45aa-8000-9ba2-011c48011c48_206862"/>
        <historyInfo versionUuid="_a-0000df82-45aa-8000-9ba2-011c48011c48_219785"/>
        <historyInfo versionUuid="_a-0000dff4-f2e5-8000-9ba2-011c48011c48_295148"/>
        <historyInfo versionUuid="_a-0000e05b-b197-8000-9ba2-011c48011c48_527611"/>
    </history>
</contentHaul>
