<?xml version="1.0" encoding="UTF-8" standalone="yes"?>
<contentHaul xmlns:a="http://www.appian.com/ae/types/2009">
    <versionUuid>_a-0000df82-45aa-8000-9ba2-011c48011c48_194542</versionUuid>
    <rule>
        <name>CFS_checkIsGenerateDocumentsAlreadyStarted</name>
        <uuid>_a-0000df25-d2bb-8000-9ba2-011c48011c48_91734</uuid>
        <description>This rule checks in"Generate CFS Documents report" report whether the documents generation process is already started for given order CFS application reference number or not. </description>
        <parentUuid>_a-0000de4d-c845-8000-9ba2-011c48011c48_48257</parentUuid>
        <visibility>
            <advertise>false</advertise>
            <hierarchy>true</hierarchy>
            <indexable>true</indexable>
            <quota>false</quota>
            <searchable>true</searchable>
            <system>false</system>
            <unlogged>false</unlogged>
        </visibility>
        <definition>with(
  local!processData: a!queryProcessAnalytics(
    report: #"_a-0000df25-d2bb-8000-9ba2-011c48011c48_91735",
    contextProcessModels: #"_a-0000df25-d2bb-8000-9ba2-011c48011c48_91736",
    query: #"SYSTEM_SYSRULES_query"(
      filter: {
        #"SYSTEM_SYSRULES_queryFilter"(
          field: "c5",
          operator: "=",
          value: ri!applicationRefNumber
        )
      },
      pagingInfo: #"SYSTEM_SYSRULES_pagingInfo"(
        1,
        - 1,
        null
      )
    )
  ),
  local!processData.totalCount &gt; 0
)</definition>
        <namedTypedValue>
            <name>applicationRefNumber</name>
            <type>
                <name>string</name>
                <namespace>http://www.w3.org/2001/XMLSchema</namespace>
            </type>
            <value/>
        </namedTypedValue>
        <preferredEditor>legacy</preferredEditor>
        <offlineEnabled>false</offlineEnabled>
    </rule>
    <roleMap public="true">
        <role inherit="true" allowForAll="false" name="readers">
            <users/>
            <groups/>
        </role>
        <role inherit="true" allowForAll="false" name="authors">
            <users/>
            <groups/>
        </role>
        <role inherit="true" allowForAll="false" name="administrators">
            <users/>
            <groups/>
        </role>
        <role inherit="false" allowForAll="false" name="denyReaders">
            <users/>
            <groups/>
        </role>
        <role inherit="false" allowForAll="false" name="denyAuthors">
            <users/>
            <groups/>
        </role>
        <role inherit="false" allowForAll="false" name="denyAdministrators">
            <users/>
            <groups/>
        </role>
    </roleMap>
    <history>
        <historyInfo versionUuid="_a-0000df82-45aa-8000-9ba2-011c48011c48_194542"/>
    </history>
</contentHaul>
