<?xml version="1.0" encoding="UTF-8" standalone="yes"?>
<contentHaul xmlns:a="http://www.appian.com/ae/types/2009">
    <versionUuid>_a-0000e01b-7b42-8000-9ba2-011c48011c48_405661</versionUuid>
    <rule>
        <name>APP_REC_correspondenceAuditDetails</name>
        <uuid>_a-0000dea9-da8d-8000-9ba2-011c48011c48_68651</uuid>
        <description>SAIL interface related to correspondence audit details of an application </description>
        <parentUuid>_a-0000ddfd-93a8-8000-9ba2-011c48011c48_41362</parentUuid>
        <visibility>
            <advertise>false</advertise>
            <hierarchy>true</hierarchy>
            <indexable>true</indexable>
            <quota>false</quota>
            <searchable>true</searchable>
            <system>false</system>
            <unlogged>false</unlogged>
        </visibility>
        <definition>load(
  local!pagingInfo: #"SYSTEM_SYSRULES_pagingInfo"(
    startIndex: 1,
    batchSize: 10
  ),
  local!selectedSearch,
  local!displayDetails_bol,
  local!selectedCorrespondence,
  local!communicationTypes: #"_a-0000e01b-7b42-8000-9ba2-011c48011c48_383425"(
    code: null
  ),
  {
    if(
      or(
        #"_a-0000dea9-da8d-8000-9ba2-011c48011c48_70002"(
          local!displayDetails_bol
        ),
        local!displayDetails_bol = false()
      ),
      {
        with(
          local!correspondanceDetails: #"_a-0000dff4-f2e5-8000-9ba2-011c48011c48_292791"(
            applicationReferenceNumber: ri!applicationRef_txt,
            communicationTypeCode: local!selectedSearch,
            pagingInfo: local!pagingInfo
          ),
          {
            if(
              tostring(
                local!correspondanceDetails
              ) = #"_a-0000df82-45aa-8000-9ba2-011c48011c48_221249",
              #"_a-0000dff4-f2e5-8000-9ba2-011c48011c48_292885"(),
              {
                #"_a-0000ded1-797d-8000-9ba2-011c48011c48_84274"(
                  title: ri!labelText
                ),
                #"SYSTEM_SYSRULES_columnsLayout"(
                  columns: {
                    #"SYSTEM_SYSRULES_columnLayout"(
                      contents: {
                        #"SYSTEM_SYSRULES_dropdownField"(
                          label: "Filter by type of correspondence",
                          placeholderLabel: "-- Select --",
                          choiceLabels: index(
                            local!communicationTypes,
                            "partyEventCommTypeName",
                            {}
                          ),
                          choiceValues: index(
                            local!communicationTypes,
                            "partyEventCommTypeCode",
                            {}
                          ),
                          value: local!selectedSearch,
                          saveInto: {
                            local!selectedSearch,
                            a!save(
                              local!pagingInfo.startIndex,
                              1
                            )
                          }
                        )
                      }
                    ),
                    #"SYSTEM_SYSRULES_columnLayout"()
                  }
                ),
                if(
                  #"_a-0000d62a-67b3-8000-da6f-010000010000_951"(
                    local!correspondanceDetails.data
                  ),
                  {
                    #"SYSTEM_SYSRULES_richTextDisplayField"(
                      value: #"SYSTEM_SYSRULES_richTextItem"(
                        text: "Click on ""Add New Correspondence"" button to populate the table below."
                      )
                    )
                  },
                  {}
                ),
                #"SYSTEM_SYSRULES_gridField"(
                  columns: {
                    #"SYSTEM_SYSRULES_gridTextColumn"(
                      label: "Type",
                      field: "typeName",
                      data: index(
                        local!correspondanceDetails.data,
                        "typeName",
                        {}
                      ),
                      links: #"SYSTEM_SYSRULES_forEach"(
                        local!correspondanceDetails.data,
                        #"SYSTEM_SYSRULES_dynamicLink"(
                          saveInto: {
                            a!save(
                              local!displayDetails_bol,
                              true()
                            ),
                            a!save(
                              local!selectedCorrespondence,
                              fv!item
                            )
                          }
                        )
                      )
                    ),
                    #"SYSTEM_SYSRULES_gridTextColumn"(
                      label: "Inbound/Outbound",
                      field: "directionName",
                      data: index(
                        local!correspondanceDetails.data,
                        "directionName",
                        {}
                      )
                    ),
                    #"SYSTEM_SYSRULES_gridTextColumn"(
                      label: "Description",
                      field: "summary",
                      data: index(
                        local!correspondanceDetails.data,
                        "summary",
                        {}
                      )
                    ),
                    #"SYSTEM_SYSRULES_gridTextColumn"(
                      label: "Recorded By",
                      field: "userName",
                      data: #"SYSTEM_SYSRULES_forEach"(
                        index(
                          local!correspondanceDetails.data,
                          "userName",
                          {}
                        ),
                        if(
                          isusernametaken(
                            username: fv!item
                          ),
                          #"_a-0000d62a-67b3-8000-da6f-010000010000_934"(
                            groupOrUser: fv!item
                          ),
                          fv!item
                        )
                      )/*link: a!userRecordLink(
                    user: touser(
                      index(
                        local!datasubset.data,
                        "submittedBy",
                        {}
                      )
                    )
                  )*/
                      
                    ),
                    #"SYSTEM_SYSRULES_gridTextColumn"(
                      label: "Recorded Time",
                      field: "createdDate",
                      data: #"SYSTEM_SYSRULES_forEach"(
                        index(
                          local!correspondanceDetails.data,
                          "createdDate",
                          {}
                        ),
                        #"_a-0000dd1f-556d-8000-9ba2-011c48011c48_13242"(
                          dateTime: fv!item
                        )
                      )
                    )
                  },
                  totalCount: index(
                    local!correspondanceDetails,
                    "totalCount",
                    0
                  ),
                  value: local!pagingInfo,
                  saveInto: local!pagingInfo
                )
              }
            )
          }
        )
      },
      {
        if(
          #"_a-0000d62a-67b3-8000-da6f-010000010000_951"(
            local!selectedCorrespondence
          ),
          {},
          {
            #"_a-0000dea9-da8d-8000-9ba2-011c48011c48_70842"(
              correspondenceDetails: local!selectedCorrespondence,
              displayDetails_bol: local!displayDetails_bol,
              applicationRefNumber: ri!applicationRef_txt
            )
          }
        )
      }
    )
  }
)</definition>
        <namedTypedValue>
            <name>applicationRef_txt</name>
            <type>
                <name>string</name>
                <namespace>http://www.w3.org/2001/XMLSchema</namespace>
            </type>
            <value/>
        </namedTypedValue>
        <namedTypedValue>
            <name>labelText</name>
            <type>
                <name>string</name>
                <namespace>http://www.w3.org/2001/XMLSchema</namespace>
            </type>
            <value/>
        </namedTypedValue>
        <metadataExpr></metadataExpr>
        <preferredEditor>interface</preferredEditor>
        <offlineEnabled>false</offlineEnabled>
    </rule>
    <roleMap public="true">
        <role inherit="false" allowForAll="false" name="readers">
            <users/>
            <groups>
                <groupUuid>_e-0000dd8d-014e-8000-9aee-01075c01075c_51</groupUuid>
                <groupUuid>_e-0000dd8d-014e-8000-9aee-01075c01075c_52</groupUuid>
            </groups>
        </role>
        <role inherit="false" allowForAll="false" name="authors">
            <users/>
            <groups>
                <groupUuid>_e-0000dd15-133b-8000-9aee-01075c01075c_45</groupUuid>
            </groups>
        </role>
        <role inherit="false" allowForAll="false" name="administrators">
            <users/>
            <groups>
                <groupUuid>_e-0000dd15-133b-8000-9aee-01075c01075c_49</groupUuid>
            </groups>
        </role>
        <role inherit="false" allowForAll="false" name="denyReaders">
            <users/>
            <groups/>
        </role>
        <role inherit="false" allowForAll="false" name="denyAuthors">
            <users/>
            <groups/>
        </role>
        <role inherit="false" allowForAll="false" name="denyAdministrators">
            <users/>
            <groups/>
        </role>
    </roleMap>
    <typedValue>
        <type>
            <name>RuleTestConfig?list</name>
            <namespace>http://www.appian.com/ae/types/2009</namespace>
        </type>
        <value>
            <el>
                <a:name/>
                <a:ruleInputTestConfigs>
                    <a:value xmlns:xsd="http://www.w3.org/2001/XMLSchema" xmlns:xsi="http://www.w3.org/2001/XMLSchema-instance" xsi:type="xsd:string">201704210031</a:value>
                    <a:nameRef>applicationRef_txt</a:nameRef>
                    <a:id/>
                </a:ruleInputTestConfigs>
                <a:ruleInputTestConfigs>
                    <a:value xmlns:xsd="http://www.w3.org/2001/XMLSchema" xmlns:xsi="http://www.w3.org/2001/XMLSchema-instance" xsi:type="xsd:string"/>
                    <a:nameRef>labelText</a:nameRef>
                    <a:id/>
                </a:ruleInputTestConfigs>
                <a:assertions xmlns:xsi="http://www.w3.org/2001/XMLSchema-instance" xsi:nil="true"/>
            </el>
        </value>
    </typedValue>
    <history>
        <historyInfo versionUuid="_a-0000df82-45aa-8000-9ba2-011c48011c48_178601"/>
        <historyInfo versionUuid="_a-0000dff4-f2e5-8000-9ba2-011c48011c48_294603"/>
        <historyInfo versionUuid="_a-0000e01b-7b42-8000-9ba2-011c48011c48_405661"/>
    </history>
</contentHaul>
