<?xml version="1.0" encoding="UTF-8" standalone="yes"?>
<contentHaul xmlns:a="http://www.appian.com/ae/types/2009">
    <versionUuid>_a-0000df82-45aa-8000-9ba2-011c48011c48_194580</versionUuid>
    <rule>
        <name>MHRA_getNewsFeedDetails</name>
        <uuid>_a-0000ded1-797d-8000-9ba2-011c48011c48_78589</uuid>
        <description>Get news feed details from Database</description>
        <parentUuid>_a-0000ddfd-93a8-8000-9ba2-011c48011c48_43757</parentUuid>
        <visibility>
            <advertise>false</advertise>
            <hierarchy>true</hierarchy>
            <indexable>true</indexable>
            <quota>false</quota>
            <searchable>true</searchable>
            <system>false</system>
            <unlogged>false</unlogged>
        </visibility>
        <definition>if(
  and(
    #"_a-0000d62a-67b3-8000-da6f-010000010000_951"(
      ri!applicationRefNumbers
    ),
    #"_a-0000d62a-67b3-8000-da6f-010000010000_951"(
      ri!organisationIds
    )
  ),
  {},
  #"SYSTEM_SYSRULES_queryEntity"(
    entity: #"_a-0000ded1-797d-8000-9ba2-011c48011c48_78537",
    query: #"SYSTEM_SYSRULES_query"(
      logicalExpression: {
        #"SYSTEM_SYSRULES_queryLogicalExpression"(
          operator: "OR",
          filters: {
            if(
              #"_a-0000d62a-67b3-8000-da6f-010000010000_951"(
                ri!applicationRefNumbers
              ),
              {},
              #"SYSTEM_SYSRULES_queryFilter"(
                field: "applicaitonReference",
                operator: "in",
                value: ri!applicationRefNumbers
              )
            ),
            if(
              #"_a-0000d62a-67b3-8000-da6f-010000010000_951"(
                ri!organisationIds
              ),
              {},
              #"SYSTEM_SYSRULES_queryFilter"(
                field: "organisationId",
                operator: "in",
                value: ri!organisationIds
              )
            )
          }
        )
      },
      pagingInfo: if(
        #"_a-0000d62a-67b3-8000-da6f-010000010000_951"(
          ri!pagingInfo
        ),
        #"SYSTEM_SYSRULES_pagingInfo"(
          startIndex: 1,
          batchSize: - 1,
          sort: #"SYSTEM_SYSRULES_sortInfo"(
            field: "createdDateTime",
            ascending: false()
          )
        ),
        ri!pagingInfo
      )
    )
  )
)</definition>
        <namedTypedValue>
            <name>applicationRefNumbers</name>
            <type>
                <name>Text?list</name>
                <namespace>http://www.appian.com/ae/types/2009</namespace>
            </type>
        </namedTypedValue>
        <namedTypedValue>
            <name>pagingInfo</name>
            <type>
                <name>PagingInfo</name>
                <namespace>http://www.appian.com/ae/types/2009</namespace>
            </type>
        </namedTypedValue>
        <namedTypedValue>
            <name>organisationIds</name>
            <type>
                <name>Integer?list</name>
                <namespace>http://www.appian.com/ae/types/2009</namespace>
            </type>
        </namedTypedValue>
        <preferredEditor>legacy</preferredEditor>
        <offlineEnabled>false</offlineEnabled>
    </rule>
    <roleMap public="true">
        <role inherit="false" allowForAll="true" name="readers">
            <users/>
            <groups/>
        </role>
        <role inherit="false" allowForAll="true" name="authors">
            <users/>
            <groups/>
        </role>
        <role inherit="false" allowForAll="false" name="administrators">
            <users/>
            <groups/>
        </role>
        <role inherit="false" allowForAll="false" name="denyReaders">
            <users/>
            <groups/>
        </role>
        <role inherit="false" allowForAll="false" name="denyAuthors">
            <users/>
            <groups/>
        </role>
        <role inherit="false" allowForAll="false" name="denyAdministrators">
            <users/>
            <groups/>
        </role>
    </roleMap>
    <history>
        <historyInfo versionUuid="_a-0000df82-45aa-8000-9ba2-011c48011c48_194580"/>
    </history>
</contentHaul>
