<?xml version="1.0" encoding="UTF-8" standalone="yes"?>
<contentHaul xmlns:a="http://www.appian.com/ae/types/2009">
    <versionUuid>_a-0000e01b-7b42-8000-9ba2-011c48011c48_418625</versionUuid>
    <rule>
        <name>MHRA_rec_trackDeviceRejectionReasons</name>
        <uuid>_a-0000dea9-da8d-8000-9ba2-011c48011c48_70903</uuid>
        <description>this section track the rejection reasons for device</description>
        <parentUuid>_a-0000ddfd-93a8-8000-9ba2-011c48011c48_43759</parentUuid>
        <visibility>
            <advertise>false</advertise>
            <hierarchy>true</hierarchy>
            <indexable>true</indexable>
            <quota>false</quota>
            <searchable>true</searchable>
            <system>false</system>
            <unlogged>false</unlogged>
        </visibility>
        <definition>load(
  local!activeDeviceIndex: 1,
  local!selectedRejectionReasons,
  with(
    local!activeDevice: ri!selectedDevices[local!activeDeviceIndex],
    local!activeDeviceStatus: displayvalue(
      index(
        local!activeDevice,
        "DeviceId",
        {}
      ),
      index(
        ri!deviceStatuses,
        "deviceID",
        {}
      ),
      ri!deviceStatuses,
      'type!{urn:com:appian:types:mhra:common}MHRA_deviceApproval_post'(
        deviceId: index(
          local!activeDevice,
          "DeviceId",
          {}
        )
      )
    ),
    #"SYSTEM_SYSRULES_sectionLayout_v1"(
      contents: {
        #"SYSTEM_SYSRULES_columnsLayout"(
          columns: {
            #"SYSTEM_SYSRULES_columnLayout"(
              contents: {
                #"SYSTEM_SYSRULES_richTextDisplayField"(
                  labelPosition: "COLLAPSED",
                  value: {
                    if(
                      count(
                        ri!selectedDevices
                      ) &gt; 1,
                      #"SYSTEM_SYSRULES_richTextItem"(
                        text: "You are rejecting device " &amp; local!activeDeviceIndex &amp; " of " &amp; count(
                          ri!selectedDevices
                        ),
                        style: "HEADER_SMALL"
                      ),
                      {}
                    ),
                    #"SYSTEM_SYSRULES_richTextItem"(
                      text: index(
                        local!activeDevice,
                        "GMDNCode",
                        {}
                      ) &amp; " - " &amp; index(
                        local!activeDevice,
                        "TermName",
                        {}
                      ),
                      style: "HEADER_MEDIUM"
                    )
                  },
                  align: "LEFT"
                ),
                #"SYSTEM_SYSRULES_richTextDisplayField"(
                  labelPosition: "COLLAPSED",
                  value: {
                    #"SYSTEM_SYSRULES_richTextItem"(
                      text: "Select a rejection reason",
                      style: "HEADER_MEDIUM"
                    )
                  },
                  align: "LEFT"
                ),
                #"SYSTEM_SYSRULES_checkboxField"(
                  labelPosition: "COLLAPSED",
                  choiceLabels: ri!deviceRejectionReasons.rejectionReasonDesc,
                  choiceValues: ri!deviceRejectionReasons,
                  value: ri!selectedReasons,
                  saveInto: {
                    ri!selectedReasons,
                    
                  }
                ),
                if(
                  contains(
                    touniformstring(
                      index(
                        ri!selectedReasons,
                        "rejectionReason",
                        {}
                      )
                    ),
                    #"_a-0000dea9-da8d-8000-9ba2-011c48011c48_70905"
                  ),
                  #"SYSTEM_SYSRULES_textField"(
                    label: "Please specify",
                    required: true,
                    value: ri!reasonComments,
                    saveInto: {
                      ri!reasonComments
                    },
                    placeholder: "Some other reason"
                  ),
                  {}
                ),
                {
                  #"SYSTEM_SYSRULES_richTextDisplayField"(
                    labelPosition: "COLLAPSED",
                    align: "LEFT",
                    value: {
                      #"SYSTEM_SYSRULES_richTextItem"(
                        text: if(
                          #"_a-0000d62a-67b3-8000-da6f-010000010000_951"(
                            ri!selectedReasons
                          ),
                          "To reject a device you must select a rejection reason.",
                          ""
                        ),
                        style: "NORMAL"
                      )
                    }
                  ),
                  #"SYSTEM_SYSRULES_ButtonLayout"(
                    secondaryButtons: {
                      #"SYSTEM_SYSRULES_ButtonWidget"(
                        label: "Reject device",
                        disabled: #"_a-0000d62a-67b3-8000-da6f-010000010000_950"(
                          ri!selectedReasons
                        ),
                        style: "DESTRUCTIVE",
                        saveInto: {
                          a!save(
                            local!selectedRejectionReasons,
                            apply(
                              'type!{urn:com:appian:types:mhra:common}MHRA_rejectionReasons_post'(
                                rejection: _,
                                rejectionId: _
                              ),
                              merge(
                                ri!selectedReasons.rejectionReason,
                                ri!selectedReasons.rejectionId
                              )
                            )
                          ),
                          a!save(
                            local!selectedRejectionReasons,
                            updatearray(
                              local!selectedRejectionReasons,
                              wherecontains(
                                #"_a-0000dea9-da8d-8000-9ba2-011c48011c48_70905",
                                cast(
                                  typeof(
                                    {
                                      #"_a-0000dea9-da8d-8000-9ba2-011c48011c48_70905"
                                    }
                                  ),
                                  index(
                                    local!selectedRejectionReasons,
                                    "rejection",
                                    {}
                                  )
                                )
                              ),
                              'type!{urn:com:appian:types:mhra:common}MHRA_rejectionReasons_post'(
                                rejectionId: displayvalue(
                                  #"_a-0000dea9-da8d-8000-9ba2-011c48011c48_70905",
                                  index(
                                    local!selectedRejectionReasons,
                                    "rejection",
                                    {}
                                  ),
                                  index(
                                    local!selectedRejectionReasons,
                                    "rejectionId",
                                    {}
                                  ),
                                  {}
                                ),
                                rejection: #"_a-0000dea9-da8d-8000-9ba2-011c48011c48_70905",
                                rejectionComments: ri!reasonComments
                              )
                            )
                          ),
                          a!save(
                            ri!updatedDevicesStatuses,
                            updatearray(
                              ri!updatedDevicesStatuses,
                              wherecontains(
                                index(
                                  local!activeDeviceStatus,
                                  "deviceID",
                                  {}
                                ),
                                index(
                                  ri!updatedDevicesStatuses,
                                  "deviceID",
                                  {}
                                )
                              ),
                              'type!{urn:com:appian:types:mhra:common}MHRA_deviceApproval_post'(
                                deviceId: index(
                                  local!activeDevice,
                                  "DeviceId",
                                  {}
                                ),
                                deviceStatus: #"_a-0000dea9-da8d-8000-9ba2-011c48011c48_70860",
                                updatedDateTime: #"_a-0000dea9-da8d-8000-9ba2-011c48011c48_69090"(
                                  appianDate: gmt(
                                    now()
                                  ),
                                  isDateTime: true
                                ),
                                rejectionReasons: local!selectedRejectionReasons
                              )
                            )
                          ),
                          if(
                            count(
                              ri!selectedDevices
                            ) = local!activeDeviceIndex,
                            {
                              #"_a-0000dea9-da8d-8000-9ba2-011c48011c48_71040"(
                                updatedDevices: ri!updatedDevicesStatuses,
                                manufacturer: ri!manufacturerStatus,
                                appReferenceNumber: ri!appReferenceNumber,
                                assignedToUser: ri!user,
                                onSucess: {
                                  a!save(
                                    ri!deviceStatuses,
                                    ri!updatedDevicesStatuses/*updatearray(*/
                                    
                                  ),
                                  a!save(
                                    ri!selectedDevices,
                                    null
                                  ),
                                  a!save(
                                    local!activeDeviceIndex,
                                    1
                                  )
                                }
                              )
                            },
                            {
                              a!save(
                                local!activeDeviceIndex,
                                local!activeDeviceIndex + 1
                              ),
                              a!save(
                                ri!selectedReasons,
                                null
                              ),
                              a!save(
                                ri!reasonComments,
                                null
                              )
                            }
                          )
                        }
                      ),
                      #"SYSTEM_SYSRULES_ButtonWidget"(
                        label: "Cancel",
                        saveInto: {
                          a!save(
                            ri!selectedDevices,
                            null
                          ),
                          a!save(
                            local!activeDeviceIndex,
                            1
                          )
                        }
                      )
                    }
                  )
                }
              }
            ),
            #"SYSTEM_SYSRULES_columnLayout"()
          }
        )
      }
    )
  )
)</definition>
        <namedTypedValue>
            <name>selectedDevices</name>
            <type>
                <name>Variant</name>
                <namespace>http://www.appian.com/ae/types/2009</namespace>
            </type>
        </namedTypedValue>
        <namedTypedValue>
            <name>deviceRejectionReasons</name>
            <type>
                <name>MHRA_accountRejectionReasonsResponse?list</name>
                <namespace>urn:com:appian:types:mhra:common</namespace>
            </type>
        </namedTypedValue>
        <namedTypedValue>
            <name>deviceStatuses</name>
            <type>
                <name>MHRA_deviceApproval_post?list</name>
                <namespace>urn:com:appian:types:mhra:common</namespace>
            </type>
        </namedTypedValue>
        <namedTypedValue>
            <name>selectedReasons</name>
            <type>
                <name>MHRA_accountRejectionReasonsResponse?list</name>
                <namespace>urn:com:appian:types:mhra:common</namespace>
            </type>
        </namedTypedValue>
        <namedTypedValue>
            <name>reasonComments</name>
            <type>
                <name>string</name>
                <namespace>http://www.w3.org/2001/XMLSchema</namespace>
            </type>
            <value/>
        </namedTypedValue>
        <namedTypedValue>
            <name>manufacturerStatus</name>
            <type>
                <name>MHRA_manufacturerApproval_post</name>
                <namespace>urn:com:appian:types:mhra:common</namespace>
            </type>
        </namedTypedValue>
        <namedTypedValue>
            <name>user</name>
            <type>
                <name>User</name>
                <namespace>http://www.appian.com/ae/types/2009</namespace>
            </type>
        </namedTypedValue>
        <namedTypedValue>
            <name>appReferenceNumber</name>
            <type>
                <name>string</name>
                <namespace>http://www.w3.org/2001/XMLSchema</namespace>
            </type>
            <value/>
        </namedTypedValue>
        <namedTypedValue>
            <name>updatedDevicesStatuses</name>
            <type>
                <name>MHRA_deviceApproval_post?list</name>
                <namespace>urn:com:appian:types:mhra:common</namespace>
            </type>
        </namedTypedValue>
        <metadataExpr></metadataExpr>
        <preferredEditor>interface</preferredEditor>
        <offlineEnabled>false</offlineEnabled>
    </rule>
    <roleMap public="true">
        <role inherit="false" allowForAll="true" name="readers">
            <users/>
            <groups>
                <groupUuid>_e-0000dd8d-014e-8000-9aee-01075c01075c_51</groupUuid>
                <groupUuid>_e-0000dd8d-014e-8000-9aee-01075c01075c_52</groupUuid>
            </groups>
        </role>
        <role inherit="false" allowForAll="true" name="authors">
            <users/>
            <groups>
                <groupUuid>_e-0000dd15-133b-8000-9aee-01075c01075c_45</groupUuid>
            </groups>
        </role>
        <role inherit="false" allowForAll="false" name="administrators">
            <users/>
            <groups>
                <groupUuid>_e-0000dd15-133b-8000-9aee-01075c01075c_49</groupUuid>
            </groups>
        </role>
        <role inherit="false" allowForAll="false" name="denyReaders">
            <users/>
            <groups/>
        </role>
        <role inherit="false" allowForAll="false" name="denyAuthors">
            <users/>
            <groups/>
        </role>
        <role inherit="false" allowForAll="false" name="denyAdministrators">
            <users/>
            <groups/>
        </role>
    </roleMap>
    <typedValue>
        <type>
            <name>RuleTestConfig?list</name>
            <namespace>http://www.appian.com/ae/types/2009</namespace>
        </type>
        <value>
            <el>
                <a:name/>
                <a:ruleInputTestConfigs>
                    <a:value xmlns:xsi="http://www.w3.org/2001/XMLSchema-instance" xsi:type="a:Expression">{
  {
			deviceId: 112,
			isSterile: false,
			deviceRegStatus: "DREGIY",
			deviceRegStatusDesc: "Registered",
			deviceType:"IVDD",
			deviceTypeDesc: "In Vitro Diagnostic Device",
			deviceSubTypeDesc: "IVD Annex 2 List A",
			gmdnCode: 30454,
			termName: "Antinuclear antibody kit"

		},
		{
			deviceId: 113,
			isSterile: false,
			deviceRegStatus: "DREGIN",
			deviceRegStatusDesc: "Not Registered",
			deviceType:"GMD",
			deviceTypeDesc: "General Medical Device",
			deviceSubTypeDesc: "Class 1",
			gmdnCode: 41232,
			termName: "Acoustic earmuffs"

		}
}</a:value>
                    <a:nameRef>selectedDevices</a:nameRef>
                    <a:id/>
                </a:ruleInputTestConfigs>
                <a:ruleInputTestConfigs>
                    <a:value xmlns:xsi="http://www.w3.org/2001/XMLSchema-instance" xsi:type="a:Expression">#"_a-0000ded1-797d-8000-9ba2-011c48011c48_84100"(
  "CFSDEV"
)</a:value>
                    <a:nameRef>deviceRejectionReasons</a:nameRef>
                    <a:id/>
                </a:ruleInputTestConfigs>
                <a:ruleInputTestConfigs>
                    <a:value xmlns:xsi="http://www.w3.org/2001/XMLSchema-instance" xsi:type="a:Expression">{'type!{urn:com:appian:types:mhra:common}MHRA_deviceApproval_post'(deviceID:112; rejectionReasons:{
  {rejectionCode:""}
})}</a:value>
                    <a:nameRef>deviceStatuses</a:nameRef>
                    <a:id/>
                </a:ruleInputTestConfigs>
                <a:ruleInputTestConfigs>
                    <a:nameRef>selectedReasons</a:nameRef>
                    <a:id/>
                </a:ruleInputTestConfigs>
                <a:ruleInputTestConfigs>
                    <a:value xmlns:xsd="http://www.w3.org/2001/XMLSchema" xmlns:xsi="http://www.w3.org/2001/XMLSchema-instance" xsi:type="xsd:string"/>
                    <a:nameRef>reasonComments</a:nameRef>
                    <a:id/>
                </a:ruleInputTestConfigs>
                <a:ruleInputTestConfigs>
                    <a:value xmlns:n1="urn:com:appian:types:mhra:common" xmlns:xsi="http://www.w3.org/2001/XMLSchema-instance" xsi:nil="true" xsi:type="n1:MHRA_manufacturerApproval_post"/>
                    <a:nameRef>manufacturerStatus</a:nameRef>
                    <a:id/>
                </a:ruleInputTestConfigs>
                <a:ruleInputTestConfigs>
                    <a:value xmlns:xsi="http://www.w3.org/2001/XMLSchema-instance" xsi:nil="true" xsi:type="a:User"/>
                    <a:nameRef>user</a:nameRef>
                    <a:id/>
                </a:ruleInputTestConfigs>
                <a:ruleInputTestConfigs>
                    <a:value xmlns:xsd="http://www.w3.org/2001/XMLSchema" xmlns:xsi="http://www.w3.org/2001/XMLSchema-instance" xsi:type="xsd:string"/>
                    <a:nameRef>appReferenceNumber</a:nameRef>
                    <a:id/>
                </a:ruleInputTestConfigs>
                <a:ruleInputTestConfigs>
                    <a:nameRef>updatedDevicesStatuses</a:nameRef>
                    <a:id/>
                </a:ruleInputTestConfigs>
                <a:assertions xmlns:xsi="http://www.w3.org/2001/XMLSchema-instance" xsi:nil="true"/>
            </el>
        </value>
    </typedValue>
    <history>
        <historyInfo versionUuid="_a-0000df82-45aa-8000-9ba2-011c48011c48_194637"/>
        <historyInfo versionUuid="_a-0000e01b-7b42-8000-9ba2-011c48011c48_418625"/>
    </history>
</contentHaul>
