<?xml version="1.0" encoding="UTF-8" standalone="yes"?>
<contentHaul xmlns:a="http://www.appian.com/ae/types/2009">
    <versionUuid>_a-0000e05b-b197-8000-9ba2-011c48011c48_536230</versionUuid>
    <rule>
        <name>APP_REC_captureCorrespondenceDetails</name>
        <uuid>_a-0000dea9-da8d-8000-9ba2-011c48011c48_68938</uuid>
        <description>2297: As a business user, I want any phone calls with a customer in relation to an application to be recorded against the task so that the  business user processing the application can access a history of interactions with the customer throughout the process</description>
        <parentUuid>_a-0000ddfd-93a8-8000-9ba2-011c48011c48_41362</parentUuid>
        <visibility>
            <advertise>false</advertise>
            <hierarchy>true</hierarchy>
            <indexable>true</indexable>
            <quota>false</quota>
            <searchable>true</searchable>
            <system>false</system>
            <unlogged>false</unlogged>
        </visibility>
        <definition>= load(
  local!callTime: now(),
  local!communicationTypes: #"_a-0000e01b-7b42-8000-9ba2-011c48011c48_383425"(
    code: null
  ),
  local!communicationDirections: #"_a-0000e01b-7b42-8000-9ba2-011c48011c48_383437"(
    code: null
  ),
  with(
    local!validExtensions: #"_a-0000ded1-797d-8000-9ba2-011c48011c48_82464",
    local!documentProp: if(
      #"_a-0000d62a-67b3-8000-da6f-010000010000_951"(ri!documentId),
      #"2e506a90-3031-4c28-927c-fef44456bdf0"(
        fileName: null
      ),
      #"2e506a90-3031-4c28-927c-fef44456bdf0"(
      fileName: document(
        todocument(
          ri!documentId
        ),
        "name"
      ),
      extension: document(
        todocument(
          ri!documentId
        ),
        "extension"
      ),
      size: document(
        todocument(
          ri!documentId
        ),
        "size"
      )
    )
    ),
    #"SYSTEM_SYSRULES_formLayout_v1"(
      label: "Add New Correspondence",
      contents: {
        #"SYSTEM_SYSRULES_sectionLayout_v1"(
          contents: {
            #"SYSTEM_SYSRULES_columnsLayout"(
              columns: {
                #"SYSTEM_SYSRULES_columnLayout"(
                  contents: {
                    #"SYSTEM_SYSRULES_dropdownField"(
                      label: "Mode of correspondence",
                      labelPosition: "ABOVE",
                      choiceLabels: index(local!communicationTypes,"partyEventCommTypeName",{}),
                      choiceValues: cast(103,index(local!communicationTypes,"partyEventCommTypeId",{})),
                      placeholderLabel: "--Select--",
                      value: ri!correspondenceDetails_cdt.communicationMode,
                      saveInto: ri!correspondenceDetails_cdt.communicationMode
                    ),
                    #"SYSTEM_SYSRULES_radioButtonField"(
                      label: "Type of correspondence",
                      labelPosition: "ABOVE",
                      choiceLabels: index(local!communicationDirections,"partyEventCommDirectionName",{}),
                      choiceValues: cast(103,index(local!communicationDirections,"partyEventCommDirectionId",{})),
                      value: ri!correspondenceDetails_cdt.communicationType,
                      saveInto: ri!correspondenceDetails_cdt.communicationType,
                      choiceLayout: "COMPACT"
                    ),
                    #"SYSTEM_SYSRULES_dateTimeField"(
                      label: "Date received",
                      labelPosition: "ABOVE",
                      value: local!callTime,
                      saveInto: local!callTime,
                      validations: {
                        if(
                          todate(
                            local!callTime
                          ) &gt; today(),
                          "You cannot future date a correspondence",
                          {}
                        )
                      }
                    ),
                    #"SYSTEM_SYSRULES_textField"(
                      label: "Recorded by",
                      labelPosition: "ABOVE",
                      readOnly: true(),
                      value: proper(
                        #"_a-0000d690-12fb-8000-0f1a-010000010000_1352"(
                          loggedInUser()
                        )
                      )
                    ),
                    #"SYSTEM_SYSRULES_fileUploadField_v1"(
                      label: "Document upload (optional)",
                      labelPosition: "ABOVE",
                      maxSelections: 1,
                      target: #"_a-0000dea9-da8d-8000-9ba2-011c48011c48_68870",
                      saveInto: {
                        ri!documentId
                      },
                      value: ri!documentId,
                      validations: {
                        if(
                          #"_a-0000d62a-67b3-8000-da6f-010000010000_951"(
                            ri!documentId
                          ),
                          "Please upload a document.",
                          {
                            if(
                              and(
                                todecimal(
                                  #"_a-0000dd98-e593-8000-9ba2-011c48011c48_26102"(
                                    index(
                                      local!documentProp,
                                      "size",
                                      {}
                                    )
                                  )
                                ) &gt; #"_a-0000dd98-e593-8000-9ba2-011c48011c48_26316",
                                #"_a-0000d62a-67b3-8000-da6f-010000010000_951"(
                                  wherecontains(
                                    lower(
                                      tostring(
                                        index(
                                          local!documentProp,
                                          "ext",
                                          ""
                                        )
                                      )
                                    ),
                                    local!validExtensions
                                  )
                                )
                              ),
                              #"_a-0000dd98-e593-8000-9ba2-011c48011c48_26308" &amp; " " &amp; #"_a-0000dd98-e593-8000-9ba2-011c48011c48_26309",
                              if(
                                todecimal(
                                  #"_a-0000dd98-e593-8000-9ba2-011c48011c48_26102"(
                                    index(
                                      local!documentProp,
                                      "size",
                                      {}
                                    )
                                  )
                                ) &gt; #"_a-0000dd98-e593-8000-9ba2-011c48011c48_26316",
                                #"_a-0000dd98-e593-8000-9ba2-011c48011c48_26308",
                                if(
                                  #"_a-0000d62a-67b3-8000-da6f-010000010000_951"(
                                    wherecontains(
                                      lower(
                                        tostring(
                                          index(
                                            local!documentProp,
                                            "ext",
                                            ""
                                          )
                                        )
                                      ),
                                      local!validExtensions
                                    )
                                  ),
                                  #"_a-0000dd98-e593-8000-9ba2-011c48011c48_26309",
                                  ""
                                )
                              )
                            )
                          }
                        )
                      }
                    ),
                    #"SYSTEM_SYSRULES_textField"(
                      label: "Description",
                      value: ri!correspondenceDetails_cdt.title,
                      placeholder: "Title",
                      saveInto: ri!correspondenceDetails_cdt.title,
                      validations: {
                        #"027231ef-97c3-42ca-a7dd-f674f0305fe3"(
                          inputValue: ri!correspondenceDetails_cdt.title,
                          characterLimit_int: 1000,
                          fieldLabel_txt: "Comments",
                          isChar_bol: true()
                        )
                      }
                    ),
                    #"SYSTEM_SYSRULES_paragraphField"(
                      labelPosition: "COLLAPSED",
                      value: ri!correspondenceDetails_cdt.comments,
                      saveInto: ri!correspondenceDetails_cdt.comments,
                      placeholder: "comments",
                      refreshAfter: "KEYPRESS",
                      height: "MEDIUM",
                      validations: {
                        if(
                          #"_a-0000d62a-67b3-8000-da6f-010000010000_951"(
                            ri!correspondenceDetails_cdt.comments
                          ),
                          #"SYSTEM_SYSRULES_validationMessage"(
                            "Comments cannot be empty",
                            "SUBMIT"
                          ),
                          #"027231ef-97c3-42ca-a7dd-f674f0305fe3"(
                            inputValue: ri!correspondenceDetails_cdt.comments,
                            characterLimit_int: #"_a-0000dea9-da8d-8000-9ba2-011c48011c48_68794",
                            fieldLabel_txt: "Comments",
                            isChar_bol: true()
                          )
                        )
                      },
                      instructions: "Character limit : " &amp; #"_a-0000dea9-da8d-8000-9ba2-011c48011c48_68794" - len(
                        ri!correspondenceDetails_cdt.comments
                      )
                    )
                  }
                ),
                #"SYSTEM_SYSRULES_columnLayout"()
              }
            )
          }
        )
      },
      validations: {
        if(
          #"_a-0000d62a-67b3-8000-da6f-010000010000_951"(
            ri!correspondenceDetails_cdt.communicationMode
          ),
          #"SYSTEM_SYSRULES_validationMessage"(
            "Mode of correspondence cannot be empty",
            "SUBMIT"
          ),
          {}
        ),
        if(
          #"_a-0000d62a-67b3-8000-da6f-010000010000_951"(
            ri!correspondenceDetails_cdt.title
          ),
          {},
          {
            #"SYSTEM_SYSRULES_validationMessage"(
              #"027231ef-97c3-42ca-a7dd-f674f0305fe3"(
                inputValue: ri!correspondenceDetails_cdt.title,
                characterLimit_int: 1000,
                fieldLabel_txt: "Title",
                isChar_bol: true()
              ),
              "SUBMIT"
            )
          }
        ),
        if(
          #"_a-0000d62a-67b3-8000-da6f-010000010000_951"(
            ri!correspondenceDetails_cdt.comments
          ),
          #"SYSTEM_SYSRULES_validationMessage"(
            "Comments cannot be empty",
            "SUBMIT"
          ),
          {
            #"SYSTEM_SYSRULES_validationMessage"(
              #"027231ef-97c3-42ca-a7dd-f674f0305fe3"(
                inputValue: ri!correspondenceDetails_cdt.comments,
                characterLimit_int: #"_a-0000dea9-da8d-8000-9ba2-011c48011c48_68794",
                fieldLabel_txt: "Comments",
                isChar_bol: true()
              ),
              "SUBMIT"
            )
          }
        )
      },
      buttons: #"SYSTEM_SYSRULES_ButtonLayout"(
        primaryButtons: {},
        secondaryButtons: {
          #"SYSTEM_SYSRULES_ButtonWidgetSubmit"(
            label: #"_a-0000dcf0-31ad-8000-9ba2-011c48011c48_3972",
            style: "PRIMARY",
            value: #"_a-0000dcf0-31ad-8000-9ba2-011c48011c48_3972",
            disabled: if(
              #"_a-0000d62a-67b3-8000-da6f-010000010000_951"(
                ri!correspondenceDetails_cdt.communicationMode
              ),
              true(),
              if(
                #"_a-0000d62a-67b3-8000-da6f-010000010000_951"(
                  ri!correspondenceDetails_cdt.communicationType
                ),
                true(),
                if(
                  #"_a-0000d62a-67b3-8000-da6f-010000010000_951"(
                    ri!correspondenceDetails_cdt.comments
                  ),
                  true(),
                  false()
                )
              )
            ),
            saveInto: {
              ri!userAction,
              a!save(
                ri!correspondenceDetails_cdt.recordedOn,
                local!callTime
              ),
              a!save(
                ri!correspondenceDetails_cdt.recordedBy,
                loggedInUser()
              )
            }
          ),
          #"SYSTEM_SYSRULES_ButtonWidgetSubmit"(
            label: #"_a-0000dcf0-31ad-8000-9ba2-011c48011c48_3969",
            style: "NORMAL",
            value: #"_a-0000dcf0-31ad-8000-9ba2-011c48011c48_3969",
            saveInto: ri!userAction,
            skipValidation: true
          )
        }
      )
    )
  )
)</definition>
        <namedTypedValue>
            <name>correspondenceDetails_cdt</name>
            <type>
                <name>APP_correspondenceDetails</name>
                <namespace>urn:com:appian:types:applicationcorrespondence</namespace>
            </type>
        </namedTypedValue>
        <namedTypedValue>
            <name>userAction</name>
            <type>
                <name>string</name>
                <namespace>http://www.w3.org/2001/XMLSchema</namespace>
            </type>
            <value/>
        </namedTypedValue>
        <namedTypedValue>
            <name>documentId</name>
            <type>
                <name>CollaborationDocument</name>
                <namespace>http://www.appian.com/ae/types/2009</namespace>
            </type>
        </namedTypedValue>
        <metadataExpr></metadataExpr>
        <preferredEditor>interface</preferredEditor>
        <offlineEnabled>false</offlineEnabled>
    </rule>
    <roleMap public="true">
        <role inherit="true" allowForAll="false" name="readers">
            <users/>
            <groups/>
        </role>
        <role inherit="true" allowForAll="false" name="authors">
            <users/>
            <groups/>
        </role>
        <role inherit="true" allowForAll="false" name="administrators">
            <users/>
            <groups/>
        </role>
        <role inherit="false" allowForAll="false" name="denyReaders">
            <users/>
            <groups/>
        </role>
        <role inherit="false" allowForAll="false" name="denyAuthors">
            <users/>
            <groups/>
        </role>
        <role inherit="false" allowForAll="false" name="denyAdministrators">
            <users/>
            <groups/>
        </role>
    </roleMap>
    <history>
        <historyInfo versionUuid="_a-0000df82-45aa-8000-9ba2-011c48011c48_194663"/>
        <historyInfo versionUuid="_a-0000df82-45aa-8000-9ba2-011c48011c48_210772"/>
        <historyInfo versionUuid="_a-0000e05b-b197-8000-9ba2-011c48011c48_536230"/>
    </history>
</contentHaul>
