<?xml version="1.0" encoding="UTF-8" standalone="yes"?>
<contentHaul xmlns:a="http://www.appian.com/ae/types/2009">
    <versionUuid>_a-0000e01b-7b42-8000-9ba2-011c48011c48_430853</versionUuid>
    <constant>
        <name>MHRA_APPLICATION_TYPES_DESCRIPTIONS</name>
        <uuid>_a-0000ded1-797d-8000-9ba2-011c48011c48_77194</uuid>
        <description>  1.  New account
  2.  Device/manufacturer registration
  3.  CFS New manufacturer
  4.  CFS Order
  5.  CFS New device
  6.  Account amendment
  7.  CFS Device amendment
  8.  Device: further information
  9.  New device
  10. Reject Application
  11. Unregister
  12. New product
  13. Comms
  14. Account Approval
  15. Manufacturer Registration Review
  16. Manage Contact
  17. Device: further information
  18. Device: further information
  19. Migration Amendment of CFS Devices
  20. Migration Amendment of DR Devices
  21. Account management: Further information required
  22. Account amendment: further information provided
  23.CFS Add Device Further Information Required
  24.CFS Amend Device Further Information Required
  25.CFS Add Device Further Information Provided
  26.CFS Amend Device Further Information Provided
27.Haemo Edit Organisation</description>
        <parentUuid>_a-0000ddfd-93a8-8000-9ba2-011c48011c48_43755</parentUuid>
        <visibility>
            <advertise>false</advertise>
            <hierarchy>true</hierarchy>
            <indexable>true</indexable>
            <quota>false</quota>
            <searchable>true</searchable>
            <system>false</system>
            <unlogged>false</unlogged>
        </visibility>
        <typedValue>
            <type>
                <name>Text?list</name>
                <namespace>http://www.appian.com/ae/types/2009</namespace>
            </type>
            <value>
                <el>New account</el>
                <el>Device/manufacturer registration</el>
                <el>CFS New manufacturer</el>
                <el>CFS Order</el>
                <el>CFS New device</el>
                <el>Account amendment</el>
                <el>CFS Device amendment</el>
                <el>Device: further information</el>
                <el>New device</el>
                <el>Reject Application</el>
                <el>Unregister</el>
                <el>New product</el>
                <el>Comms</el>
                <el>Account Approval</el>
                <el>Manufacturer Registration Review</el>
                <el>Manage Contact</el>
                <el>Device: further information</el>
                <el>Device: further information</el>
                <el>Migration Amendment of CFS Devices</el>
                <el>Migration Amendment of DR Devices</el>
                <el>Account management: Further information required</el>
                <el>Account amendment: further information provided</el>
                <el>CFS Add Device Further Information Required</el>
                <el>CFS Amend Device Further Information Required</el>
                <el>CFS Add Device Further Information Provided</el>
                <el>CFS Amend Device Further Information Provided</el>
                <el>Haemo Edit Organisation</el>
            </value>
        </typedValue>
        <isEnvironmentSpecific>false</isEnvironmentSpecific>
    </constant>
    <roleMap public="true">
        <role inherit="false" allowForAll="false" name="readers">
            <users/>
            <groups>
                <groupUuid>_e-0000dd8d-014e-8000-9aee-01075c01075c_51</groupUuid>
                <groupUuid>_e-0000dd8d-014e-8000-9aee-01075c01075c_52</groupUuid>
            </groups>
        </role>
        <role inherit="false" allowForAll="false" name="authors">
            <users/>
            <groups>
                <groupUuid>_e-0000dd15-133b-8000-9aee-01075c01075c_45</groupUuid>
            </groups>
        </role>
        <role inherit="false" allowForAll="false" name="administrators">
            <users/>
            <groups>
                <groupUuid>_e-0000dd15-133b-8000-9aee-01075c01075c_49</groupUuid>
            </groups>
        </role>
        <role inherit="false" allowForAll="false" name="denyReaders">
            <users/>
            <groups/>
        </role>
        <role inherit="false" allowForAll="false" name="denyAuthors">
            <users/>
            <groups/>
        </role>
        <role inherit="false" allowForAll="false" name="denyAdministrators">
            <users/>
            <groups/>
        </role>
    </roleMap>
    <history>
        <historyInfo versionUuid="_a-0000df82-45aa-8000-9ba2-011c48011c48_182242"/>
        <historyInfo versionUuid="_a-0000df82-45aa-8000-9ba2-011c48011c48_185606"/>
        <historyInfo versionUuid="_a-0000df82-45aa-8000-9ba2-011c48011c48_188915"/>
        <historyInfo versionUuid="_a-0000df82-45aa-8000-9ba2-011c48011c48_191887"/>
        <historyInfo versionUuid="_a-0000df82-45aa-8000-9ba2-011c48011c48_195501"/>
        <historyInfo versionUuid="_a-0000df82-45aa-8000-9ba2-011c48011c48_199294"/>
        <historyInfo versionUuid="_a-0000e01b-7b42-8000-9ba2-011c48011c48_430853"/>
    </history>
</contentHaul>
