<?xml version="1.0" encoding="UTF-8" standalone="yes"?>
<contentHaul xmlns:a="http://www.appian.com/ae/types/2009">
    <versionUuid>_a-0000df82-45aa-8000-9ba2-011c48011c48_194428</versionUuid>
    <rule>
        <name>MHRA_paymentStatusCheckResponse</name>
        <uuid>_a-0000ded1-797d-8000-9ba2-011c48011c48_77775</uuid>
        <description>Response to payment check which will return status and other details of payment</description>
        <parentUuid>_a-0000ddfd-93a8-8000-9ba2-011c48011c48_43757</parentUuid>
        <visibility>
            <advertise>false</advertise>
            <hierarchy>true</hierarchy>
            <indexable>true</indexable>
            <quota>false</quota>
            <searchable>true</searchable>
            <system>false</system>
            <unlogged>false</unlogged>
        </visibility>
        <definition>with(
  local!xmlRequestOutput: ri!xmlRequestOutput,
  local!paymentStatus: xpathsnippet(
    snippent: local!xmlRequestOutput,
    expression: "//lastEvent/text()"
  ),
  local!AuthorisationId: xpathsnippet(
    snippent: local!xmlRequestOutput,
    expression: "//AuthorisationId/@id"
  ),
  local!authorisedAmount: xpathsnippet(
    snippent: local!xmlRequestOutput,
    expression: "//payment/balance/amount/@id"
  ),
  local!CVCResultCode: xpathsnippet(
    snippent: local!xmlRequestOutput,
    expression: "//CVCResultCode/@description"
  ),
  local!AVSResultCode: xpathsnippet(
    snippent: local!xmlRequestOutput,
    expression: "//AVSResultCode/@description"
  ),
  local!AAVAddressResultCode: xpathsnippet(
    snippent: local!xmlRequestOutput,
    expression: "//AAVAddressResultCode/@description"
  ),
  local!AAVCardholderNameResultCode: xpathsnippet(
    snippent: local!xmlRequestOutput,
    expression: "//AAVCardholderNameResultCode/@description"
  ),
  local!AAVTelephoneResultCode: xpathsnippet(
    snippent: local!xmlRequestOutput,
    expression: "//AAVTelephoneResultCode/@description"
  ),
  local!AAVEmailResultCode: xpathsnippet(
    snippent: local!xmlRequestOutput,
    expression: "//AAVEmailResultCode/@description"
  ),
  local!ThreeDSecureResult: xpathsnippet(
    snippent: local!xmlRequestOutput,
    expression: "//ThreeDSecureResult/@description"
  ),
  {
    paymentStatus: local!paymentStatus,
    AuthorisationId: local!AuthorisationId,
    authorisedAmount: if(
      #"_a-0000d62a-67b3-8000-da6f-010000010000_951"(local!authorisedAmount),
      0,
      tointeger(local!authorisedAmount)/100
    ),
    CVCResultCode: local!CVCResultCode,
    AVSResultCode: local!AVSResultCode,
    AAVAddressResultCode: local!AAVAddressResultCode,
    AAVCardholderNameResultCode: local!AAVCardholderNameResultCode,
    AAVTelephoneResultCode: local!AAVTelephoneResultCode,
    AAVEmailResultCode: local!AAVEmailResultCode,
    ThreeDSecureResult: local!ThreeDSecureResult
  }
)</definition>
        <namedTypedValue>
            <name>xmlRequestOutput</name>
            <type>
                <name>string</name>
                <namespace>http://www.w3.org/2001/XMLSchema</namespace>
            </type>
            <value/>
        </namedTypedValue>
        <preferredEditor>legacy</preferredEditor>
        <offlineEnabled>false</offlineEnabled>
    </rule>
    <roleMap public="true">
        <role inherit="false" allowForAll="true" name="readers">
            <users/>
            <groups>
                <groupUuid>_e-0000dd8d-014e-8000-9aee-01075c01075c_51</groupUuid>
                <groupUuid>_e-0000dd8d-014e-8000-9aee-01075c01075c_52</groupUuid>
            </groups>
        </role>
        <role inherit="false" allowForAll="false" name="authors">
            <users/>
            <groups>
                <groupUuid>_e-0000dd15-133b-8000-9aee-01075c01075c_45</groupUuid>
            </groups>
        </role>
        <role inherit="false" allowForAll="false" name="administrators">
            <users/>
            <groups>
                <groupUuid>_e-0000dd15-133b-8000-9aee-01075c01075c_49</groupUuid>
            </groups>
        </role>
        <role inherit="false" allowForAll="false" name="denyReaders">
            <users/>
            <groups/>
        </role>
        <role inherit="false" allowForAll="false" name="denyAuthors">
            <users/>
            <groups/>
        </role>
        <role inherit="false" allowForAll="false" name="denyAdministrators">
            <users/>
            <groups/>
        </role>
    </roleMap>
    <history>
        <historyInfo versionUuid="_a-0000df82-45aa-8000-9ba2-011c48011c48_194428"/>
    </history>
</contentHaul>
