<?xml version="1.0" encoding="UTF-8" standalone="yes"?>
<contentHaul xmlns:a="http://www.appian.com/ae/types/2009">
    <versionUuid>_a-0000e01b-7b42-8000-9ba2-011c48011c48_431439</versionUuid>
    <rule>
        <name>MHRA_mapEmailDataStructure</name>
        <uuid>_a-0000ded1-797d-8000-9ba2-011c48011c48_77703</uuid>
        <description>Maps values to CDT MHRA_dataStructure</description>
        <parentUuid>_a-0000ddfd-93a8-8000-9ba2-011c48011c48_43757</parentUuid>
        <visibility>
            <advertise>false</advertise>
            <hierarchy>true</hierarchy>
            <indexable>true</indexable>
            <quota>false</quota>
            <searchable>true</searchable>
            <system>false</system>
            <unlogged>false</unlogged>
        </visibility>
        <definition>load(
  local!application: #"_a-0000e01b-7b42-8000-9ba2-011c48011c48_410883"(
    applicationRefNumber: ri!applicationReferenceNo
  ),
  local!submitedUserDetails: index(#"_a-0000dff4-f2e5-8000-9ba2-011c48011c48_292182"(
    userName: index(
      local!application,
      "submittedBy",
      ""
    )
  ),"data",null),
  local!organisation: #"_a-0000df82-45aa-8000-9ba2-011c48011c48_221369"(
    organisationId: ri!organisationId
  ),
  local!organisationAddress: index(
    local!organisation,"address",null
  ),
  local!organisationSummary: index(
    local!organisation,"summary",null
  ),
  local!addresWithBRTags: reduce(
    concat(
      _,
      "&lt;/br&gt;"
    ),
    local!organisationAddress.line_1,
    reject(
      #"_a-0000d62a-67b3-8000-da6f-010000010000_950"(
        _
      ),
      {
        local!organisationAddress.line_2,
        local!organisationAddress.line_3,
        local!organisationAddress.line_4,
        local!organisationAddress.city,
        local!organisationAddress.postCode,
        local!organisationAddress.countryName
      }
    )
  ),
  'type!{urn:com:appian:types:mhra}MHRA_dataStructure'(
    individualFullName: #"_a-0000dea9-da8d-8000-9ba2-011c48011c48_70459"(
      titleDescription: index(
        local!submitedUserDetails,
        "titleDescription",
        ""
      ),
      firstName: proper(
        index(
          local!submitedUserDetails,
          "firstName",
          ""
        )
      ),
      surname: index(
        local!submitedUserDetails,
        "surname",
        ""
      )
    ),
    applicationReferenceNo: ri!applicationReferenceNo,
    accountNo: local!organisationSummary.organisationAccountDesc,
    organisationName: local!organisationSummary.organisationName,
    addressLine1: local!organisationAddress.line_1,
    addressLine2: local!organisationAddress.line_2,
    addressLine3: local!organisationAddress.line_3,
    addressLine4: local!organisationAddress.line_4,
    addressCity: local!organisationAddress.city,
    addressPostCode: local!organisationAddress.postCode,
    addressCountry: local!organisationAddress.countryName,
    submissionDate: local!application.createdDate,
    individualEmail: index(
      local!submitedUserDetails,
      "email",
      ""
    ),
    addressWithBRTags: local!addresWithBRTags,
    applicationType: index(
      local!application,
      "applicationType",
      ""
    )
  )
)</definition>
        <namedTypedValue>
            <name>applicationReferenceNo</name>
            <type>
                <name>string</name>
                <namespace>http://www.w3.org/2001/XMLSchema</namespace>
            </type>
            <value/>
        </namedTypedValue>
        <namedTypedValue>
            <name>organisationId</name>
            <type>
                <name>int</name>
                <namespace>http://www.w3.org/2001/XMLSchema</namespace>
            </type>
        </namedTypedValue>
        <preferredEditor>legacy</preferredEditor>
        <offlineEnabled>false</offlineEnabled>
    </rule>
    <roleMap public="true">
        <role inherit="false" allowForAll="false" name="readers">
            <users/>
            <groups>
                <groupUuid>_e-0000dd8d-014e-8000-9aee-01075c01075c_51</groupUuid>
                <groupUuid>_e-0000dd8d-014e-8000-9aee-01075c01075c_52</groupUuid>
            </groups>
        </role>
        <role inherit="false" allowForAll="false" name="authors">
            <users/>
            <groups>
                <groupUuid>_e-0000dd15-133b-8000-9aee-01075c01075c_45</groupUuid>
            </groups>
        </role>
        <role inherit="false" allowForAll="false" name="administrators">
            <users/>
            <groups>
                <groupUuid>_e-0000dd15-133b-8000-9aee-01075c01075c_49</groupUuid>
            </groups>
        </role>
        <role inherit="false" allowForAll="false" name="denyReaders">
            <users/>
            <groups/>
        </role>
        <role inherit="false" allowForAll="false" name="denyAuthors">
            <users/>
            <groups/>
        </role>
        <role inherit="false" allowForAll="false" name="denyAdministrators">
            <users/>
            <groups/>
        </role>
    </roleMap>
    <typedValue>
        <type>
            <name>RuleTestConfig?list</name>
            <namespace>http://www.appian.com/ae/types/2009</namespace>
        </type>
        <value>
            <el>
                <a:name>Unnamed Test Case</a:name>
                <a:ruleInputTestConfigs>
                    <a:value xmlns:xsi="http://www.w3.org/2001/XMLSchema-instance" xsi:type="a:Expression">"20170613001091"</a:value>
                    <a:nameRef>applicationReferenceNo</a:nameRef>
                    <a:id>1</a:id>
                </a:ruleInputTestConfigs>
                <a:ruleInputTestConfigs>
                    <a:value xmlns:xsi="http://www.w3.org/2001/XMLSchema-instance" xsi:type="a:Expression">1818</a:value>
                    <a:nameRef>organisationId</a:nameRef>
                    <a:id>2</a:id>
                </a:ruleInputTestConfigs>
                <a:assertions xmlns:xsi="http://www.w3.org/2001/XMLSchema-instance" xsi:nil="true"/>
            </el>
        </value>
    </typedValue>
    <history>
        <historyInfo versionUuid="_a-0000df82-45aa-8000-9ba2-011c48011c48_194473"/>
        <historyInfo versionUuid="_a-0000e01b-7b42-8000-9ba2-011c48011c48_431439"/>
    </history>
</contentHaul>
