<?xml version="1.0" encoding="UTF-8" standalone="yes"?>
<contentHaul xmlns:a="http://www.appian.com/ae/types/2009">
    <versionUuid>_a-0000df82-45aa-8000-9ba2-011c48011c48_194404</versionUuid>
    <rule>
        <name>DVC__addProductApplicationConfirmation</name>
        <uuid>_a-0000ded1-797d-8000-9ba2-011c48011c48_84332</uuid>
        <description>Displays application reference number after submission.</description>
        <parentUuid>_a-0000dd1f-556d-8000-9ba2-011c48011c48_14114</parentUuid>
        <visibility>
            <advertise>false</advertise>
            <hierarchy>true</hierarchy>
            <indexable>true</indexable>
            <quota>false</quota>
            <searchable>true</searchable>
            <system>false</system>
            <unlogged>false</unlogged>
        </visibility>
        <definition>= #"SYSTEM_SYSRULES_formLayout"(
  label: "",
  instructions: "",
  firstColumnContents: {
    #"SYSTEM_SYSRULES_sectionLayout"(
      label: "",
      firstColumnContents: {
        #"SYSTEM_SYSRULES_richTextDisplayField"(
          align: "LEFT",
          value: {
            #"SYSTEM_SYSRULES_richTextItem"(
              text: "Application complete",
              style: "HEADER_LARGE"
            ),
            #"SYSTEM_SYSRULES_richTextItem"(
              text: "Your reference number is",
              style: "HEADER_SMALL"
            ),
            #"SYSTEM_SYSRULES_richTextItem"(
              text: ri!applicationReferenceNumber,
              style: "HEADER_MEDIUM"
            )
          }
        ),
        #"SYSTEM_SYSRULES_richTextDisplayField"(
          labelPosition: "COLLAPSED",
          align: "LEFT",
          value: {
            #"SYSTEM_SYSRULES_richTextItem"(
              text: "We have sent you a confirmation email.",
              style: "HEADER_SMALL"
            )
          }
        ),
        #"SYSTEM_SYSRULES_richTextDisplayField"(
          labelPosition: "COLLAPSED",
          align: "LEFT",
          value: {
            #"SYSTEM_SYSRULES_richTextItem"(
              text: "What happens next",
              style: "HEADER_MEDIUM"
            )
          }
        ),
        #"SYSTEM_SYSRULES_richTextDisplayField"(
          labelPosition: "COLLAPSED",
          align: "LEFT",
          value: {
            "We've sent your application to an officer at MHRA"
          }
        ),
        #"SYSTEM_SYSRULES_richTextDisplayField"(
          labelPosition: "COLLAPSED",
          align: "LEFT",
          value: {
            "We will contact you again within the next 2 -5 working days to let you know of our decision, or to ask for more information if its needed."
          }
        ),
        #"SYSTEM_SYSRULES_richTextDisplayField"(
          labelPosition: "COLLAPSED",
          align: "LEFT",
          value: {
            #"SYSTEM_SYSRULES_richTextItem"(
              text: "Back to products",
              style: "UNDERLINE",
              link: #"SYSTEM_SYSRULES_submitLink"()
            )
          }
        )
      }
    )
  }
)</definition>
        <namedTypedValue>
            <name>applicationReferenceNumber</name>
            <type>
                <name>string</name>
                <namespace>http://www.w3.org/2001/XMLSchema</namespace>
            </type>
            <value/>
        </namedTypedValue>
        <metadataExpr></metadataExpr>
        <preferredEditor>interface</preferredEditor>
        <offlineEnabled>false</offlineEnabled>
    </rule>
    <roleMap public="true">
        <role inherit="true" allowForAll="false" name="readers">
            <users/>
            <groups/>
        </role>
        <role inherit="true" allowForAll="false" name="authors">
            <users/>
            <groups/>
        </role>
        <role inherit="true" allowForAll="false" name="administrators">
            <users/>
            <groups/>
        </role>
        <role inherit="false" allowForAll="false" name="denyReaders">
            <users/>
            <groups/>
        </role>
        <role inherit="false" allowForAll="false" name="denyAuthors">
            <users/>
            <groups/>
        </role>
        <role inherit="false" allowForAll="false" name="denyAdministrators">
            <users/>
            <groups/>
        </role>
    </roleMap>
    <typedValue>
        <type>
            <name>RuleTestConfig?list</name>
            <namespace>http://www.appian.com/ae/types/2009</namespace>
        </type>
        <value>
            <el>
                <a:name/>
                <a:ruleInputTestConfigs>
                    <a:value xmlns:xsd="http://www.w3.org/2001/XMLSchema" xmlns:xsi="http://www.w3.org/2001/XMLSchema-instance" xsi:type="xsd:string">MHRA00789</a:value>
                    <a:nameRef>applicationReferenceNumber</a:nameRef>
                    <a:id/>
                </a:ruleInputTestConfigs>
                <a:assertions xmlns:xsi="http://www.w3.org/2001/XMLSchema-instance" xsi:nil="true"/>
            </el>
        </value>
    </typedValue>
    <history>
        <historyInfo versionUuid="_a-0000df82-45aa-8000-9ba2-011c48011c48_194404"/>
    </history>
</contentHaul>
