<?xml version="1.0" encoding="UTF-8" standalone="yes"?>
<contentHaul xmlns:a="http://www.appian.com/ae/types/2009">
    <versionUuid>_a-0000df82-45aa-8000-9ba2-011c48011c48_194396</versionUuid>
    <rule>
        <name>CFS_formManufacturerRejectReasonText</name>
        <uuid>_a-0000ded1-797d-8000-9ba2-011c48011c48_82672</uuid>
        <description>Appends rejection reasons and comments to form a single rejection reason to display in rejection email</description>
        <parentUuid>_a-0000de4d-c845-8000-9ba2-011c48011c48_48257</parentUuid>
        <visibility>
            <advertise>false</advertise>
            <hierarchy>true</hierarchy>
            <indexable>true</indexable>
            <quota>false</quota>
            <searchable>true</searchable>
            <system>false</system>
            <unlogged>false</unlogged>
        </visibility>
        <definition>if(
  ri!isAccountRegistration_bool,
  with(
    local!rejectionReasons: if(
      #"_a-0000d62a-67b3-8000-da6f-010000010000_950"(
        ri!rejectionReasonId_int
      ),
      {},
      index(
        #"_a-0000df25-d2bb-8000-9ba2-011c48011c48_90211"(
          reasonId_int: ri!rejectionReasonId_int
        ),
        "ACCOUNT_REJECTION_REASON",
        {}
      )
    ),
    substitute(
      tostring(
        reject(
          fn!isnull,
          append(
            local!rejectionReasons,
            ri!rejectionComment
          )
        )
      ),
      ";",
      ","
    )
  ),
  substitute(
    tostring(
      reject(
        fn!isnull,
        append(
          index(
            ri!rejectionReasonObject.rejectionReasons,
            "rejectionReason",
            {}
          ),
          displayvalue(
            "OTHER",
            index(
              ri!rejectionReasonObject.rejectionReasons,
              "rejection",
              {}
            ),
            index(
              ri!rejectionReasonObject.rejectionReasons,
              "rejectionComments",
              {}
            ),
            {}
          )
        )
      )
    ),
    ";",
    ","
  ) &amp; ". " &amp; ri!rejectionReasonObject.appRejectionEmailBody
)</definition>
        <namedTypedValue>
            <name>rejectionReasonObject</name>
            <type>
                <name>MHRA_manufacturerApproval_post</name>
                <namespace>urn:com:appian:types:mhra:common</namespace>
            </type>
        </namedTypedValue>
        <namedTypedValue>
            <name>isAccountRegistration_bool</name>
            <type>
                <name>boolean</name>
                <namespace>http://www.w3.org/2001/XMLSchema</namespace>
            </type>
        </namedTypedValue>
        <namedTypedValue>
            <name>rejectionReasonId_int</name>
            <type>
                <name>int</name>
                <namespace>http://www.w3.org/2001/XMLSchema</namespace>
            </type>
        </namedTypedValue>
        <namedTypedValue>
            <name>rejectionComment</name>
            <type>
                <name>string</name>
                <namespace>http://www.w3.org/2001/XMLSchema</namespace>
            </type>
            <value/>
        </namedTypedValue>
        <preferredEditor>legacy</preferredEditor>
        <offlineEnabled>false</offlineEnabled>
    </rule>
    <roleMap public="true">
        <role inherit="false" allowForAll="false" name="readers">
            <users/>
            <groups>
                <groupUuid>_e-0000dd8d-014e-8000-9aee-01075c01075c_51</groupUuid>
                <groupUuid>_e-0000dd8d-014e-8000-9aee-01075c01075c_52</groupUuid>
            </groups>
        </role>
        <role inherit="false" allowForAll="false" name="authors">
            <users/>
            <groups>
                <groupUuid>_e-0000dd15-133b-8000-9aee-01075c01075c_45</groupUuid>
            </groups>
        </role>
        <role inherit="false" allowForAll="false" name="administrators">
            <users/>
            <groups>
                <groupUuid>_e-0000dd15-133b-8000-9aee-01075c01075c_49</groupUuid>
            </groups>
        </role>
        <role inherit="false" allowForAll="false" name="denyReaders">
            <users/>
            <groups/>
        </role>
        <role inherit="false" allowForAll="false" name="denyAuthors">
            <users/>
            <groups/>
        </role>
        <role inherit="false" allowForAll="false" name="denyAdministrators">
            <users/>
            <groups/>
        </role>
    </roleMap>
    <history>
        <historyInfo versionUuid="_a-0000df82-45aa-8000-9ba2-011c48011c48_194396"/>
    </history>
</contentHaul>
