<?xml version="1.0" encoding="UTF-8" standalone="yes"?>
<tempoFeedHaul xmlns:a="http://www.appian.com/ae/types/2009">
    <versionUuid>fc859f08-3a2d-406a-9b34-6e732f8ba5fe</versionUuid>
    <tempoFeed>
        <uuid>48b7fdde-d6dc-448e-94d6-3fb52b2b89df</uuid>
        <name>MHRA Feed</name>
        <description>News feed</description>
        <showInCatalog>true</showInCatalog>
        <systemFeed>false</systemFeed>
    </tempoFeed>
    <roleMap>
        <role name="administrator">
            <users/>
            <groups>
                <groupUuid>_e-0000dd15-133b-8000-9aee-01075c01075c_49</groupUuid>
            </groups>
        </role>
        <role name="editor">
            <users/>
            <groups>
                <groupUuid>_e-0000dd15-133b-8000-9aee-01075c01075c_45</groupUuid>
            </groups>
        </role>
    </roleMap>
    <history>
        <historyInfo versionUuid="fc859f08-3a2d-406a-9b34-6e732f8ba5fe"/>
    </history>
</tempoFeedHaul>
